supplier,sku,laya,laya_prob
IEK,0000352,"Контакторы, пускатели, управление",0.9319
IEK,010300001_,Измерения и инструмент,0.4143
IEK,010300002_,УЗО и дифавтоматы,0.3865
IEK,010300003_,УЗО и дифавтоматы,0.3823
IEK,010300004_,Измерения и инструмент,0.4224
IEK,010300005_,Измерения и инструмент,0.4737
IEK,010300006_,Измерения и инструмент,0.4065
IEK,010300007_,УЗО и дифавтоматы,0.4492
IEK,010300008_,УЗО и дифавтоматы,0.3996
IEK,010300009_,УЗО и дифавтоматы,0.3885
IEK,010300010_,Измерения и инструмент,0.3856
IEK,010300011_,Измерения и инструмент,0.4094
IEK,010300012_,Измерения и инструмент,0.3966
IEK,010300013_,УЗО и дифавтоматы,0.4321
IEK,010300014_,Измерения и инструмент,0.4128
IEK,010300015_,Измерения и инструмент,0.4464
IEK,010300016_,Измерения и инструмент,0.4002
IEK,010300017_,Измерения и инструмент,0.3699
IEK,010300018_,Измерения и инструмент,0.4157
IEK,010300019_,Измерения и инструмент,0.3186
IEK,010300020_,УЗО и дифавтоматы,0.3143
IEK,010300021_,УЗО и дифавтоматы,0.364
IEK,010300023_,УЗО и дифавтоматы,0.3438
IEK,010300024_,УЗО и дифавтоматы,0.3395
IEK,010300052_,УЗО и дифавтоматы,0.3092
IEK,010300053_,УЗО и дифавтоматы,0.609
IEK,010300057_,УЗО и дифавтоматы,0.3228
IEK,010300068_,Измерения и инструмент,0.3909
IEK,010300069_,Измерения и инструмент,0.4417
IEK,010300074_,УЗО и дифавтоматы,0.5556
IEK,010300075_,УЗО и дифавтоматы,0.6047
IEK,010300094_,УЗО и дифавтоматы,0.6057
IEK,010300095_,УЗО и дифавтоматы,0.5547
IEK,010300096_,УЗО и дифавтоматы,0.5173
IEK,010300103_,УЗО и дифавтоматы,0.4087
IEK,010300108_,УЗО и дифавтоматы,0.6712
IEK,010300115_,УЗО и дифавтоматы,0.3979
IEK,010300121_,УЗО и дифавтоматы,0.6254
IEK,010300122_,УЗО и дифавтоматы,0.6268
IEK,010300123_,УЗО и дифавтоматы,0.3691
IEK,010300124_,Измерения и инструмент,0.4176
IEK,010300125_,"Кабель, провод, СКС",0.3861
IEK,010300127_,УЗО и дифавтоматы,0.4729
IEK,010300130_,УЗО и дифавтоматы,0.6653
IEK,010300131_,УЗО и дифавтоматы,0.3763
IEK,010300142_,УЗО и дифавтоматы,0.6116
IEK,010300144_,УЗО и дифавтоматы,0.6308
IEK,010300150_,УЗО и дифавтоматы,0.451
IEK,010300153_,УЗО и дифавтоматы,0.7577
IEK,010300156_,УЗО и дифавтоматы,1.0
IEK,010300157_,УЗО и дифавтоматы,1.0
IEK,010300159_,УЗО и дифавтоматы,1.0
IEK,010300160_,УЗО и дифавтоматы,1.0
IEK,010300161_,УЗО и дифавтоматы,1.0
IEK,010300162_,УЗО и дифавтоматы,1.0
IEK,010300163_,УЗО и дифавтоматы,1.0
IEK,010300165_,УЗО и дифавтоматы,0.9284
IEK,010300166_,УЗО и дифавтоматы,0.9373
IEK,010300167_,УЗО и дифавтоматы,0.9311
IEK,010300168_,УЗО и дифавтоматы,0.9327
IEK,010300169_,УЗО и дифавтоматы,0.9232
IEK,010300171_,УЗО и дифавтоматы,0.7918
IEK,010300184_,УЗО и дифавтоматы,0.4912
IEK,010300185_,УЗО и дифавтоматы,0.4696
IEK,010300188_,УЗО и дифавтоматы,0.504
IEK,010300189_,УЗО и дифавтоматы,0.5523
IEK,010300191_,УЗО и дифавтоматы,0.5357
IEK,010300200_,УЗО и дифавтоматы,0.7127
IEK,010300239_,Измерения и инструмент,0.405
IEK,010300242_,Измерения и инструмент,0.4038
IEK,010300250_,Измерения и инструмент,0.3407
IEK,010300251_,Измерения и инструмент,0.7435
IEK,010300252_,Измерения и инструмент,0.7872
IEK,010400842_,Розетки и выключатели,0.9311
IEK,010400849_,Розетки и выключатели,0.9354
IEK,010400850_,Розетки и выключатели,0.934
IEK,010400854_,Розетки и выключатели,0.9234
IEK,010400865_,Розетки и выключатели,0.8751
IEK,010400867_,Розетки и выключатели,0.8578
IEK,010400925_,Розетки и выключатели,0.9252
IEK,010400926_,Розетки и выключатели,0.932
IEK,010400927_,Розетки и выключатели,0.928
IEK,010400928_,Розетки и выключатели,0.9304
IEK,010400929_,Розетки и выключатели,0.8636
IEK,010400930_,Розетки и выключатели,0.8756
IEK,010400931_,Розетки и выключатели,0.8784
IEK,010400932_,Розетки и выключатели,0.8688
IEK,010400933_,Розетки и выключатели,0.8733
IEK,010400934_,Розетки и выключатели,0.8766
IEK,010400939_,"Контакторы, пускатели, управление",0.1887
IEK,010400940_,Щиты и боксы,0.2545
IEK,010400941_,"Кабель, провод, СКС",0.3743
IEK,010400942_,"Кабель, провод, СКС",0.4001
IEK,010400943_,"Контакторы, пускатели, управление",0.4815
IEK,010400944_,"Контакторы, пускатели, управление",0.511
IEK,010400945_,"Кабель, провод, СКС",0.3958
IEK,010400946_,"Шины, клеммы, изоляторы",0.4765
IEK,010400947_,"Контакторы, пускатели, управление",0.4692
IEK,010400948_,"Кабель, провод, СКС",0.2057
IEK,010400949_,"Кабель, провод, СКС",0.3176
IEK,010400950_,"Контакторы, пускатели, управление",0.6994
IEK,010400951_,"Кабель, провод, СКС",0.183
IEK,010400952_,"Кабель, провод, СКС",0.297
IEK,010400953_,"Шины, клеммы, изоляторы",0.283
IEK,010400954_,"Кабель, провод, СКС",0.3289
IEK,010400955_,Розетки и выключатели,0.2008
IEK,010400956_,"Контакторы, пускатели, управление",0.3087
IEK,010400957_,"Кабель, провод, СКС",0.313
IEK,010400958_,"Контакторы, пускатели, управление",0.4662
IEK,010500001_,"Кабель, провод, СКС",0.3459
IEK,010500002_,"Кабель, провод, СКС",0.6498
IEK,010500003_,"Кабель, провод, СКС",0.3546
IEK,010500004_,"Кабель, провод, СКС",0.3596
IEK,010500005_,Измерения и инструмент,0.4315
IEK,010500006_,Измерения и инструмент,0.3959
IEK,010500007_,Измерения и инструмент,0.3603
IEK,010500008_,Измерения и инструмент,0.3787
IEK,010500009_,Измерения и инструмент,0.4114
IEK,010500010_,Измерения и инструмент,0.4165
IEK,010500011_,Измерения и инструмент,0.4103
IEK,010500012_,Измерения и инструмент,0.3359
IEK,010500017_,"Кабель, провод, СКС",0.7172
IEK,010500018_,Измерения и инструмент,0.4262
IEK,010500019_,Измерения и инструмент,0.4219
IEK,010500020_,Измерения и инструмент,0.3614
IEK,010500021_,Измерения и инструмент,0.403
IEK,010500022_,Измерения и инструмент,0.4427
IEK,010500023_,Измерения и инструмент,0.4018
IEK,010500024_,Измерения и инструмент,0.4427
IEK,010500025_,Измерения и инструмент,0.3605
IEK,010500029_,"Кабель, провод, СКС",0.7414
IEK,010500030_,"Кабель, провод, СКС",0.6755
IEK,010500031_,"Кабель, провод, СКС",0.6976
IEK,010500032_,Измерения и инструмент,0.507
IEK,010500033_,Измерения и инструмент,0.515
IEK,010500034_,Измерения и инструмент,0.4295
IEK,010500035_,Измерения и инструмент,0.5273
IEK,010500036_,Измерения и инструмент,0.5391
IEK,010500037_,Измерения и инструмент,0.4816
IEK,010500038_,Измерения и инструмент,0.5484
IEK,010500039_,Измерения и инструмент,0.4156
IEK,010500040_,"Кабель, провод, СКС",0.7278
IEK,010500041_,"Кабель, провод, СКС",0.7384
IEK,010500042_,"Кабель, провод, СКС",0.7709
IEK,010500044_,"Кабель, провод, СКС",0.3442
IEK,010500046_,"Кабель, провод, СКС",0.3274
IEK,010500047_,"Кабель, провод, СКС",0.3306
IEK,010500048_,"Кабель, провод, СКС",0.3387
IEK,010500050_,"Кабель, провод, СКС",0.3035
IEK,010500053_,"Кабель, провод, СКС",0.3365
IEK,010500054_,"Кабель, провод, СКС",0.3623
IEK,010500063_,Измерения и инструмент,0.4812
IEK,010500068_,"Кабель, провод, СКС",0.3448
IEK,010500082_,"Кабель, провод, СКС",0.2875
IEK,010500090_,Измерения и инструмент,0.5307
IEK,010500091_,Измерения и инструмент,0.4455
IEK,010500092_,Измерения и инструмент,0.5511
IEK,010500093_,Измерения и инструмент,0.5822
IEK,010500094_,Измерения и инструмент,0.4948
IEK,010500095_,Измерения и инструмент,0.4789
IEK,010500101_,"Кабель, провод, СКС",0.684
IEK,010500102_,"Кабель, провод, СКС",0.793
IEK,010500103_,"Кабель, провод, СКС",0.3693
IEK,010500111_,"Кабель, провод, СКС",0.7392
IEK,010500122_,"Кабель, провод, СКС",0.7398
IEK,010500123_,Измерения и инструмент,0.4765
IEK,010500124_,"Кабель, провод, СКС",0.6237
IEK,010500129_,"Кабель, провод, СКС",0.48
IEK,010500136_,Измерения и инструмент,0.3788
IEK,010500137_,Измерения и инструмент,0.356
IEK,010500138_,Измерения и инструмент,0.3614
IEK,010500139_,Измерения и инструмент,0.3789
IEK,010500141_,Измерения и инструмент,0.329
IEK,010500143_,Измерения и инструмент,0.3243
IEK,010500145_,Измерения и инструмент,0.3656
IEK,010500147_,Розетки и выключатели,0.3303
IEK,010500148_,Измерения и инструмент,0.3742
IEK,010500149_,Розетки и выключатели,0.334
IEK,010500150_,Измерения и инструмент,0.3159
IEK,010500151_,Измерения и инструмент,0.3429
IEK,010500152_,Розетки и выключатели,0.3568
IEK,010500153_,Розетки и выключатели,0.3577
IEK,010500156_,Измерения и инструмент,0.428
IEK,010500157_,Измерения и инструмент,0.4391
IEK,010500160_,Измерения и инструмент,0.4273
IEK,010500162_,Измерения и инструмент,0.3381
IEK,010500163_,Измерения и инструмент,0.4452
IEK,010500187_,Измерения и инструмент,0.525
IEK,010500188_,Измерения и инструмент,0.4979
IEK,010700001_,Измерения и инструмент,0.4286
IEK,010700002_,Измерения и инструмент,0.4184
IEK,010700003_,Измерения и инструмент,0.3796
IEK,010700016_,Измерения и инструмент,0.569
IEK,010700021_,Измерения и инструмент,0.4869
IEK,010700029_,Измерения и инструмент,0.3941
IEK,010700030_,Измерения и инструмент,0.3553
IEK,010700031_,Измерения и инструмент,0.4194
IEK,010700032_,Измерения и инструмент,0.408
IEK,010700036_,"Кабель, провод, СКС",0.3741
IEK,010700037_,"Кабель, провод, СКС",0.2972
IEK,010700041_,Измерения и инструмент,0.5394
IEK,010700042_,"Кабель, провод, СКС",0.3612
IEK,010700043_,"Кабель, провод, СКС",0.2404
IEK,010700044_,"Кабель, провод, СКС",0.2273
IEK,010700045_,"Кабель, провод, СКС",0.2822
IEK,010700046_,"Кабель, провод, СКС",0.2553
IEK,010700047_,Измерения и инструмент,0.3964
IEK,010700048_,Измерения и инструмент,0.5258
IEK,010700049_,Измерения и инструмент,0.3997
IEK,010700055_,Измерения и инструмент,0.6057
IEK,010700058_,Измерения и инструмент,0.8821
IEK,010700059_,Измерения и инструмент,0.5216
IEK,010700068_,Измерения и инструмент,0.2497
IEK,010700071_,"Кабель, провод, СКС",0.3064
IEK,010700084_,"Кабель, провод, СКС",0.4214
IEK,010700102_,Измерения и инструмент,0.424
IEK,010700103_,Измерения и инструмент,0.4296
IEK,010700118_,"Кабель, провод, СКС",0.3705
IEK,010700133_,Измерения и инструмент,0.5489
IEK,010700134_,Измерения и инструмент,0.6065
IEK,010700135_,Измерения и инструмент,0.6208
IEK,010700136_,Измерения и инструмент,0.5877
IEK,010700137_,Измерения и инструмент,0.547
IEK,010700138_,Измерения и инструмент,0.6022
IEK,010700139_,Измерения и инструмент,0.5529
IEK,010700140_,Измерения и инструмент,0.5557
IEK,010700141_,Измерения и инструмент,0.592
IEK,010700142_,Измерения и инструмент,0.4893
IEK,010700143_,Измерения и инструмент,0.5279
IEK,010700144_,Измерения и инструмент,0.5357
IEK,010700145_,Измерения и инструмент,0.5096
IEK,010700146_,Измерения и инструмент,0.4755
IEK,010700147_,Измерения и инструмент,0.5479
IEK,010700148_,Измерения и инструмент,0.5017
IEK,010700149_,Измерения и инструмент,0.4804
IEK,010700150_,Измерения и инструмент,0.5326
IEK,010700151_,Измерения и инструмент,0.4831
IEK,010700152_,Измерения и инструмент,0.5453
IEK,010700153_,Измерения и инструмент,0.5339
IEK,010700154_,Измерения и инструмент,0.5249
IEK,010700155_,Измерения и инструмент,0.4794
IEK,010700156_,Измерения и инструмент,0.5555
IEK,010700158_,Измерения и инструмент,0.5014
IEK,010700159_,Измерения и инструмент,0.481
IEK,010700160_,Измерения и инструмент,0.5228
IEK,010700161_,УЗО и дифавтоматы,0.9738
IEK,010700162_,УЗО и дифавтоматы,0.9899
IEK,010700163_,УЗО и дифавтоматы,0.9828
IEK,010700164_,УЗО и дифавтоматы,0.9941
IEK,010700165_,УЗО и дифавтоматы,0.9955
IEK,010700166_,УЗО и дифавтоматы,0.9946
IEK,010700167_,УЗО и дифавтоматы,1.0
IEK,010700168_,УЗО и дифавтоматы,1.0
IEK,010700169_,УЗО и дифавтоматы,0.9999
IEK,010700170_,УЗО и дифавтоматы,1.0
IEK,010700171_,УЗО и дифавтоматы,1.0
IEK,010700172_,УЗО и дифавтоматы,0.9998
IEK,010700175_,"Кабель, провод, СКС",0.3664
IEK,010800001_,Измерения и инструмент,0.653
IEK,010800002_,Измерения и инструмент,0.7068
IEK,010800003_,Измерения и инструмент,0.7002
IEK,010800004_,Измерения и инструмент,0.6395
IEK,010800005_,Измерения и инструмент,0.4802
IEK,010800006_,Измерения и инструмент,0.5071
IEK,010800009_,Измерения и инструмент,0.6457
IEK,010800010_,Измерения и инструмент,0.5205
IEK,010800011_,Измерения и инструмент,0.5626
IEK,010800012_,Измерения и инструмент,0.5392
IEK,010800015_,Измерения и инструмент,0.5726
IEK,010800016_,Измерения и инструмент,0.5083
IEK,010800017_,Измерения и инструмент,0.5839
IEK,010800018_,Измерения и инструмент,0.6462
IEK,010800019_,Измерения и инструмент,0.4957
IEK,010800020_,"Контакторы, пускатели, управление",0.4844
IEK,010800021_,"Контакторы, пускатели, управление",0.5167
IEK,010800022_,"Контакторы, пускатели, управление",0.5225
IEK,010800023_,"Контакторы, пускатели, управление",0.481
IEK,010800025_,"Кабель, провод, СКС",0.1836
IEK,010800027_,Измерения и инструмент,0.6804
IEK,010800028_,Измерения и инструмент,0.7479
IEK,010800029_,Измерения и инструмент,0.6249
IEK,010800030_,Измерения и инструмент,0.4583
IEK,010800031_,Измерения и инструмент,0.533
IEK,010800033_,Измерения и инструмент,0.5791
IEK,010800034_,Измерения и инструмент,0.7183
IEK,010800035_,Измерения и инструмент,0.6627
IEK,010800036_,"Кабель, провод, СКС",0.3282
IEK,010800037_,Светильники и лампы,0.5523
IEK,010800038_,Светильники и лампы,0.3355
IEK,010800039_,Светильники и лампы,0.344
IEK,010800040_,Измерения и инструмент,0.3758
IEK,010800041_,Измерения и инструмент,0.5019
IEK,010800042_,Измерения и инструмент,0.431
IEK,010800044_,Измерения и инструмент,0.4507
IEK,010800045_,Измерения и инструмент,0.4446
IEK,010800046_,Измерения и инструмент,0.3529
IEK,010800048_,"Контакторы, пускатели, управление",0.6275
IEK,010800049_,"Контакторы, пускатели, управление",0.6029
IEK,010800050_,"Контакторы, пускатели, управление",0.5496
IEK,010800051_,"Кабель, провод, СКС",0.3999
IEK,010800052_,"Кабель, провод, СКС",0.3246
IEK,010800053_,"Кабель, провод, СКС",0.4294
IEK,010800054_,"Контакторы, пускатели, управление",0.4781
IEK,010800055_,Измерения и инструмент,0.6298
IEK,010800056_,"Контакторы, пускатели, управление",0.8626
IEK,010800057_,"Контакторы, пускатели, управление",0.858
IEK,010800058_,"Контакторы, пускатели, управление",0.6073
IEK,010800060_,"Трубы, кабель-каналы, лотки",0.7454
IEK,010800061_,"Трубы, кабель-каналы, лотки",0.471
IEK,010800062_,"Трубы, кабель-каналы, лотки",0.7486
IEK,010800070_,"Кабель, провод, СКС",0.3731
IEK,010800106_,Измерения и инструмент,0.4018
IEK,010800115_,Измерения и инструмент,0.3187
IEK,010800139_,Измерения и инструмент,0.6524
IEK,010800203_,Розетки и выключатели,0.3047
IEK,010800209_,Розетки и выключатели,0.3534
IEK,010800258_,Измерения и инструмент,0.4855
IEK,011100062_,"Кабель, провод, СКС",0.4532
IEK,011100063_,"Кабель, провод, СКС",0.5353
IEK,011100064_,"Кабель, провод, СКС",0.4874
IEK,011100065_,"Кабель, провод, СКС",0.4129
IEK,011100066_,"Кабель, провод, СКС",0.3802
IEK,011100067_,"Контакторы, пускатели, управление",0.3987
IEK,011100068_,"Контакторы, пускатели, управление",0.4885
IEK,011100069_,"Контакторы, пускатели, управление",0.3599
IEK,011100071_,"Кабель, провод, СКС",0.3775
IEK,011100098_,"Кабель, провод, СКС",0.4497
IEK,011100121_,"Кабель, провод, СКС",0.2453
IEK,011100123_,"Контакторы, пускатели, управление",0.6917
IEK,011100124_,"Контакторы, пускатели, управление",0.7296
IEK,011100126_,"Контакторы, пускатели, управление",0.7059
IEK,011100210_,"Кабель, провод, СКС",0.2918
IEK,011100245_,"Контакторы, пускатели, управление",0.7595
IEK,011100249_,"Кабель, провод, СКС",0.5226
IEK,011100251_,"Кабель, провод, СКС",0.4749
IEK,011100253_,"Кабель, провод, СКС",0.5267
IEK,011100354_,"Контакторы, пускатели, управление",0.51
IEK,020100001_,"Кабель, провод, СКС",0.3871
IEK,020100002_,"Кабель, провод, СКС",0.4018
IEK,020100003_,"Кабель, провод, СКС",0.2919
IEK,020100004_,"Кабель, провод, СКС",0.3976
IEK,020100005_,"Кабель, провод, СКС",0.4121
IEK,020100006_,"Кабель, провод, СКС",0.4073
IEK,020100007_,Розетки и выключатели,0.2813
IEK,020100008_,Розетки и выключатели,0.8647
IEK,020100009_,Розетки и выключатели,0.9116
IEK,020100010_,Розетки и выключатели,0.9062
IEK,020100011_,Розетки и выключатели,0.9368
IEK,020100012_,Розетки и выключатели,0.9299
IEK,020100013_,Розетки и выключатели,0.9181
IEK,020100015_,Розетки и выключатели,0.8563
IEK,020100017_,Розетки и выключатели,0.6655
IEK,020100018_,Розетки и выключатели,0.8363
IEK,020100019_,Розетки и выключатели,0.8068
IEK,020100020_,Розетки и выключатели,0.848
IEK,020100021_,Розетки и выключатели,0.841
IEK,020100022_,Розетки и выключатели,0.8857
IEK,020100023_,Розетки и выключатели,0.8761
IEK,020100044_,"Кабель, провод, СКС",0.2793
IEK,020100045_,Розетки и выключатели,0.8677
IEK,020300080_,Коробки установочные,0.638
IEK,020300082_,Коробки установочные,0.557
IEK,020300088_,Коробки установочные,0.6402
IEK,020300150_,Коробки установочные,0.6098
IEK,030200406_,Щиты и боксы,0.6946
IEK,030200407_,"Кабель, провод, СКС",0.54
IEK,030200408_,"Кабель, провод, СКС",0.4985
IEK,030200409_,"Кабель, провод, СКС",0.5623
IEK,030200410_,"Кабель, провод, СКС",0.4631
IEK,030200411_,"Трубы, кабель-каналы, лотки",0.5133
IEK,030200412_,Измерения и инструмент,0.6949
IEK,030200413_,"Кабель, провод, СКС",0.4814
IEK,030200414_,Щиты и боксы,0.6181
IEK,030200415_,Щиты и боксы,0.5989
IEK,030200416_,"Трубы, кабель-каналы, лотки",0.3718
IEK,030200417_,"Трубы, кабель-каналы, лотки",0.4926
IEK,030200418_,"Трубы, кабель-каналы, лотки",0.424
IEK,030200419_,Измерения и инструмент,0.5419
IEK,030200420_,"Кабель, провод, СКС",0.5582
IEK,030200421_,"Кабель, провод, СКС",0.5326
IEK,030200422_,"Кабель, провод, СКС",0.5299
IEK,030200423_,"Кабель, провод, СКС",0.5231
IEK,030200424_,"Трубы, кабель-каналы, лотки",0.5854
IEK,030200425_,Измерения и инструмент,0.5809
IEK,030200426_,"Кабель, провод, СКС",0.5304
IEK,030200427_,"Кабель, провод, СКС",0.471
IEK,030200428_,Щиты и боксы,0.6734
IEK,030200429_,"Кабель, провод, СКС",0.286
IEK,030200430_,"Кабель, провод, СКС",0.2672
IEK,030200431_,"Кабель, провод, СКС",0.2492
IEK,030200432_,"Кабель, провод, СКС",0.2421
IEK,030200433_,Измерения и инструмент,0.6549
IEK,030200434_,Щиты и боксы,0.4654
IEK,030200435_,"Кабель, провод, СКС",0.6391
IEK,030200436_,"Кабель, провод, СКС",0.5805
IEK,030200437_,"Кабель, провод, СКС",0.6643
IEK,030200438_,"Кабель, провод, СКС",0.583
IEK,030200439_,"Трубы, кабель-каналы, лотки",0.539
IEK,030200440_,Измерения и инструмент,0.4387
IEK,030200441_,Розетки и выключатели,0.459
IEK,030200442_,"Кабель, провод, СКС",0.5762
IEK,030200443_,Коробки установочные,0.445
IEK,030200444_,"Кабель, провод, СКС",0.1958
IEK,030200445_,Коробки установочные,0.264
IEK,030200446_,Коробки установочные,0.2873
IEK,030200447_,Измерения и инструмент,0.4842
IEK,030200448_,"Кабель, провод, СКС",0.4628
IEK,030200449_,"Кабель, провод, СКС",0.6126
IEK,030200450_,"Кабель, провод, СКС",0.4527
IEK,030200451_,"Кабель, провод, СКС",0.6063
IEK,030200452_,"Кабель, провод, СКС",0.5931
IEK,030200453_,"Трубы, кабель-каналы, лотки",0.5817
IEK,030200454_,"Кабель, провод, СКС",0.4704
IEK,030200455_,"Кабель, провод, СКС",0.5044
IEK,030200456_,"Кабель, провод, СКС",0.4705
IEK,030200457_,Розетки и выключатели,0.5357
IEK,030200458_,"Кабель, провод, СКС",0.6609
IEK,030200459_,"Трубы, кабель-каналы, лотки",0.4587
IEK,030200460_,"Кабель, провод, СКС",0.4888
IEK,030200461_,Щиты и боксы,0.384
IEK,030200462_,"Кабель, провод, СКС",0.6024
IEK,030200463_,Щиты и боксы,0.5724
IEK,030200464_,Щиты и боксы,0.3646
IEK,030200465_,Щиты и боксы,0.2741
IEK,030200466_,Щиты и боксы,0.257
IEK,030200467_,"Трубы, кабель-каналы, лотки",0.5174
IEK,030200468_,Щиты и боксы,0.7524
IEK,030200469_,Щиты и боксы,0.5953
IEK,030200470_,"Кабель, провод, СКС",0.4351
IEK,030200471_,Щиты и боксы,0.8046
IEK,030200472_,Измерения и инструмент,0.6953
IEK,030200473_,"Кабель, провод, СКС",0.4356
IEK,030200474_,Измерения и инструмент,0.6862
IEK,030200475_,"Кабель, провод, СКС",0.4393
IEK,030200476_,"Трубы, кабель-каналы, лотки",0.4391
IEK,030200477_,Измерения и инструмент,0.6103
IEK,030200478_,Щиты и боксы,0.3984
IEK,030200479_,Щиты и боксы,0.5962
IEK,030200480_,"Шины, клеммы, изоляторы",0.4488
IEK,030200481_,"Шины, клеммы, изоляторы",0.2902
IEK,030200482_,"Шины, клеммы, изоляторы",0.6026
IEK,030200483_,"Шины, клеммы, изоляторы",0.5686
IEK,030200484_,Измерения и инструмент,0.6328
IEK,030200485_,"Кабель, провод, СКС",0.3612
IEK,030200486_,"Кабель, провод, СКС",0.5502
IEK,030200487_,"Кабель, провод, СКС",0.5731
IEK,030200488_,"Кабель, провод, СКС",0.5662
IEK,030200489_,"Кабель, провод, СКС",0.5648
IEK,030200490_,"Трубы, кабель-каналы, лотки",0.6935
IEK,030200491_,"Кабель, провод, СКС",0.4969
IEK,030200492_,Розетки и выключатели,0.4568
IEK,030200493_,"Кабель, провод, СКС",0.5954
IEK,030200494_,Щиты и боксы,0.4681
IEK,030200495_,Щиты и боксы,0.2949
IEK,030200496_,"Шины, клеммы, изоляторы",0.2584
IEK,030200497_,"Шины, клеммы, изоляторы",0.2229
IEK,030200498_,"Кабель, провод, СКС",0.4812
IEK,030200499_,Щиты и боксы,0.5946
IEK,030200500_,"Кабель, провод, СКС",0.5156
IEK,030200501_,"Кабель, провод, СКС",0.5275
IEK,030200502_,"Кабель, провод, СКС",0.5008
IEK,030200503_,"Кабель, провод, СКС",0.5203
IEK,030200504_,"Трубы, кабель-каналы, лотки",0.5923
IEK,030200505_,Измерения и инструмент,0.6803
IEK,030200506_,Щиты и боксы,0.3601
IEK,030200507_,Щиты и боксы,0.7211
IEK,030200508_,"Шины, клеммы, изоляторы",0.3906
IEK,030200509_,"Шины, клеммы, изоляторы",0.2092
IEK,030200510_,"Шины, клеммы, изоляторы",0.485
IEK,030200511_,"Шины, клеммы, изоляторы",0.383
IEK,030200512_,Измерения и инструмент,0.6621
IEK,030200513_,Розетки и выключатели,0.3038
IEK,030200514_,"Кабель, провод, СКС",0.5903
IEK,030200515_,"Кабель, провод, СКС",0.6239
IEK,030200516_,Розетки и выключатели,0.6475
IEK,030200517_,Щиты и боксы,0.5601
IEK,030200518_,Розетки и выключатели,0.4613
IEK,030200519_,"Трубы, кабель-каналы, лотки",0.2984
IEK,030200520_,"Трубы, кабель-каналы, лотки",0.2926
IEK,030200521_,"Кабель, провод, СКС",0.364
IEK,030200522_,Щиты и боксы,0.3395
IEK,030200523_,Розетки и выключатели,0.8963
IEK,030200524_,Розетки и выключатели,0.8213
IEK,030200525_,"Кабель, провод, СКС",0.4411
IEK,030200527_,"Кабель, провод, СКС",0.3389
IEK,030200528_,Щиты и боксы,0.5334
IEK,030200529_,"Трубы, кабель-каналы, лотки",0.4937
IEK,030200530_,Щиты и боксы,0.3877
IEK,030200531_,Щиты и боксы,0.4306
IEK,030200532_,"Трубы, кабель-каналы, лотки",0.6835
IEK,030200533_,Щиты и боксы,0.3116
IEK,030200534_,Щиты и боксы,0.6702
IEK,030200535_,"Трубы, кабель-каналы, лотки",0.4979
IEK,030200536_,Розетки и выключатели,0.4048
IEK,030200538_,"Трубы, кабель-каналы, лотки",0.4021
IEK,030200539_,Розетки и выключатели,0.7309
IEK,030200540_,Щиты и боксы,0.3688
IEK,030200541_,"Трубы, кабель-каналы, лотки",0.4594
IEK,030200542_,Розетки и выключатели,0.3454
IEK,030200543_,Розетки и выключатели,0.9318
IEK,030200550_,"Кабель, провод, СКС",0.401
IEK,030200551_,"Кабель, провод, СКС",0.4733
IEK,030200552_,"Кабель, провод, СКС",0.487
IEK,030200553_,"Кабель, провод, СКС",0.5616
IEK,030200554_,"Кабель, провод, СКС",0.5383
IEK,030200555_,"Трубы, кабель-каналы, лотки",0.5376
IEK,030200556_,Измерения и инструмент,0.4626
IEK,030200557_,Розетки и выключатели,0.9338
IEK,030200558_,Розетки и выключатели,0.8644
IEK,030200559_,Щиты и боксы,0.26
IEK,030200560_,"Кабель, провод, СКС",0.2355
IEK,030200561_,"Кабель, провод, СКС",0.2499
IEK,030200562_,"Кабель, провод, СКС",0.2479
IEK,030200563_,Измерения и инструмент,0.4884
IEK,030200564_,Розетки и выключатели,0.9523
IEK,030200565_,"Кабель, провод, СКС",0.4601
IEK,030200566_,Розетки и выключатели,0.419
IEK,030200567_,"Трубы, кабель-каналы, лотки",0.7961
IEK,030200568_,Розетки и выключатели,0.8744
IEK,030200739_,"Кабель, провод, СКС",0.4978
IEK,030200740_,"Кабель, провод, СКС",0.5015
IEK,030200741_,"Кабель, провод, СКС",0.4611
IEK,030200742_,Щиты и боксы,0.4583
IEK,030200743_,Измерения и инструмент,0.5569
IEK,030200744_,"Кабель, провод, СКС",0.5003
IEK,030200745_,"Кабель, провод, СКС",0.4772
IEK,030200746_,Щиты и боксы,0.7535
IEK,030200747_,"Кабель, провод, СКС",0.6075
IEK,030200748_,"Шины, клеммы, изоляторы",0.4215
IEK,030200751_,"Трубы, кабель-каналы, лотки",0.3241
IEK,030200752_,"Кабель, провод, СКС",0.6382
IEK,030200753_,"Кабель, провод, СКС",0.2078
IEK,030200754_,"Кабель, провод, СКС",0.339
IEK,030200755_,Коробки установочные,0.2698
IEK,030200756_,"Шины, клеммы, изоляторы",0.3388
IEK,030200757_,"Шины, клеммы, изоляторы",0.3042
IEK,030200758_,"Шины, клеммы, изоляторы",0.2081
IEK,030200759_,"Трубы, кабель-каналы, лотки",0.4681
IEK,030200761_,Розетки и выключатели,0.3833
IEK,030200764_,"Трубы, кабель-каналы, лотки",0.5666
IEK,030200765_,Розетки и выключатели,0.4422
IEK,030200766_,"Трубы, кабель-каналы, лотки",0.5152
IEK,030200767_,"Трубы, кабель-каналы, лотки",0.5115
IEK,030200768_,"Трубы, кабель-каналы, лотки",0.6862
IEK,030200769_,Розетки и выключатели,0.8399
IEK,030200770_,"Трубы, кабель-каналы, лотки",0.4703
IEK,030200771_,Розетки и выключатели,0.724
IEK,030200772_,"Кабель, провод, СКС",0.5196
IEK,030200773_,Светильники и лампы,0.3261
IEK,030200774_,"Кабель, провод, СКС",0.6327
IEK,030200775_,"Кабель, провод, СКС",0.4566
IEK,030200776_,"Кабель, провод, СКС",0.4736
IEK,030200777_,"Кабель, провод, СКС",0.4009
IEK,030200778_,"Кабель, провод, СКС",0.3689
IEK,030200779_,Измерения и инструмент,0.8479
IEK,030200780_,"Кабель, провод, СКС",0.4854
IEK,030200781_,"Трубы, кабель-каналы, лотки",0.6579
IEK,030200782_,"Трубы, кабель-каналы, лотки",0.5095
IEK,030200784_,"Трубы, кабель-каналы, лотки",0.685
IEK,030200785_,"Трубы, кабель-каналы, лотки",0.6475
IEK,030200786_,Розетки и выключатели,0.9244
IEK,030200787_,"Трубы, кабель-каналы, лотки",0.574
IEK,030200789_,"Кабель, провод, СКС",0.3112
IEK,030200809_,Розетки и выключатели,0.734
IEK,030200810_,Щиты и боксы,0.6379
IEK,030200811_,"Кабель, провод, СКС",0.4918
IEK,030200812_,"Кабель, провод, СКС",0.499
IEK,030200813_,"Кабель, провод, СКС",0.5176
IEK,030200814_,"Кабель, провод, СКС",0.5028
IEK,030200815_,"Трубы, кабель-каналы, лотки",0.4514
IEK,030200816_,"Кабель, провод, СКС",0.4057
IEK,030200817_,Розетки и выключатели,0.5367
IEK,030200818_,Розетки и выключатели,0.4572
IEK,030200819_,"Кабель, провод, СКС",0.3258
IEK,030200820_,"Кабель, провод, СКС",0.264
IEK,030200821_,"Кабель, провод, СКС",0.2809
IEK,030200822_,"Кабель, провод, СКС",0.28
IEK,030200823_,"Кабель, провод, СКС",0.3722
IEK,030200824_,"Кабель, провод, СКС",0.4854
IEK,030200825_,"Кабель, провод, СКС",0.5503
IEK,030200826_,Розетки и выключатели,0.7952
IEK,030200827_,Щиты и боксы,0.4629
IEK,030200828_,"Кабель, провод, СКС",0.5786
IEK,030200829_,"Кабель, провод, СКС",0.5855
IEK,030200830_,"Кабель, провод, СКС",0.6076
IEK,030200831_,"Кабель, провод, СКС",0.5702
IEK,030200832_,"Трубы, кабель-каналы, лотки",0.501
IEK,030200833_,Измерения и инструмент,0.4894
IEK,030200834_,Щиты и боксы,0.4585
IEK,030200835_,"Кабель, провод, СКС",0.5217
IEK,030200836_,"Кабель, провод, СКС",0.2697
IEK,030200837_,"Кабель, провод, СКС",0.1847
IEK,030200838_,"Кабель, провод, СКС",0.1806
IEK,030200839_,"Кабель, провод, СКС",0.1971
IEK,030200840_,Измерения и инструмент,0.5208
IEK,030200841_,"Кабель, провод, СКС",0.575
IEK,030200842_,"Кабель, провод, СКС",0.4504
IEK,030200843_,"Трубы, кабель-каналы, лотки",0.399
IEK,030200844_,"Кабель, провод, СКС",0.6634
IEK,030200845_,Розетки и выключатели,0.8985
IEK,030200846_,"Кабель, провод, СКС",0.6006
IEK,030200847_,Щиты и боксы,0.3145
IEK,030200848_,Щиты и боксы,0.3101
IEK,030200849_,Щиты и боксы,0.3347
IEK,030200850_,Щиты и боксы,0.2958
IEK,030200851_,Щиты и боксы,0.3269
IEK,030200852_,Щиты и боксы,0.2543
IEK,030200853_,Щиты и боксы,0.3457
IEK,030200854_,Щиты и боксы,0.2566
IEK,030200855_,Щиты и боксы,0.3159
IEK,030200856_,"Кабель, провод, СКС",0.2882
IEK,030200857_,Щиты и боксы,0.2766
IEK,030200858_,"Кабель, провод, СКС",0.2294
IEK,030200859_,Щиты и боксы,0.2652
IEK,030200860_,Щиты и боксы,0.211
IEK,030200861_,"Кабель, провод, СКС",0.2584
IEK,030200862_,"Кабель, провод, СКС",0.2071
IEK,030200863_,"Кабель, провод, СКС",0.2432
IEK,030200864_,Щиты и боксы,0.4588
IEK,030200865_,Щиты и боксы,0.2909
IEK,030200866_,"Кабель, провод, СКС",0.3417
IEK,030200867_,Измерения и инструмент,0.5051
IEK,030200868_,Щиты и боксы,0.4921
IEK,030200869_,"Трубы, кабель-каналы, лотки",0.4766
IEK,030200870_,"Кабель, провод, СКС",0.4404
IEK,030200871_,"Трубы, кабель-каналы, лотки",0.4603
IEK,030200872_,"Трубы, кабель-каналы, лотки",0.404
IEK,030200873_,"Кабель, провод, СКС",0.3871
IEK,030200874_,Измерения и инструмент,0.428
IEK,030200875_,Розетки и выключатели,0.9975
IEK,030200876_,"Кабель, провод, СКС",0.4072
IEK,030200877_,"Шины, клеммы, изоляторы",0.3981
IEK,030200878_,Измерения и инструмент,0.6457
IEK,030200879_,"Трубы, кабель-каналы, лотки",0.5744
IEK,030200885_,Светильники и лампы,0.528
IEK,030200886_,"Кабель, провод, СКС",0.5916
IEK,030200889_,"Шины, клеммы, изоляторы",0.4934
IEK,030200890_,"Шины, клеммы, изоляторы",0.5219
IEK,030200891_,"Шины, клеммы, изоляторы",0.55
IEK,030200892_,"Кабель, провод, СКС",0.553
IEK,030200893_,Щиты и боксы,0.2195
IEK,030200894_,Щиты и боксы,0.4573
IEK,030200895_,Щиты и боксы,0.3034
IEK,030200896_,"Кабель, провод, СКС",0.2947
IEK,030200897_,Щиты и боксы,0.2607
IEK,030200898_,Щиты и боксы,0.3516
IEK,030200899_,Щиты и боксы,0.2235
IEK,030200900_,"Кабель, провод, СКС",0.2923
IEK,030200901_,Щиты и боксы,0.2455
IEK,030200902_,Щиты и боксы,0.3532
IEK,030200903_,Щиты и боксы,0.2201
IEK,030200904_,"Кабель, провод, СКС",0.2914
IEK,030200905_,"Трубы, кабель-каналы, лотки",0.7805
IEK,030200908_,"Трубы, кабель-каналы, лотки",0.9503
IEK,030200909_,"Трубы, кабель-каналы, лотки",0.9483
IEK,030200910_,"Трубы, кабель-каналы, лотки",0.8598
IEK,030200911_,"Трубы, кабель-каналы, лотки",0.6319
IEK,030200912_,Розетки и выключатели,0.7812
IEK,030200915_,Розетки и выключатели,0.4344
IEK,030200916_,"Трубы, кабель-каналы, лотки",0.5719
IEK,030200917_,Розетки и выключатели,0.6908
IEK,030200918_,Розетки и выключатели,0.5968
IEK,030200920_,"Трубы, кабель-каналы, лотки",0.5759
IEK,030200923_,Щиты и боксы,0.7606
IEK,030200924_,Щиты и боксы,0.498
IEK,030200925_,Щиты и боксы,0.4495
IEK,030200926_,"Трубы, кабель-каналы, лотки",0.4581
IEK,030200931_,"Кабель, провод, СКС",0.5224
IEK,030200933_,"Кабель, провод, СКС",0.472
IEK,030200935_,Розетки и выключатели,0.9411
IEK,030200938_,"Кабель, провод, СКС",0.4061
IEK,030200939_,"Трубы, кабель-каналы, лотки",0.3093
IEK,030200940_,Розетки и выключатели,0.553
IEK,030200941_,Розетки и выключатели,0.9162
IEK,030200943_,"Кабель, провод, СКС",0.6429
IEK,030200944_,"Кабель, провод, СКС",0.7662
IEK,030200945_,"Кабель, провод, СКС",0.8241
IEK,030200946_,"Кабель, провод, СКС",0.7658
IEK,030200947_,"Трубы, кабель-каналы, лотки",0.7272
IEK,030200948_,"Трубы, кабель-каналы, лотки",0.837
IEK,030200949_,"Трубы, кабель-каналы, лотки",0.7729
IEK,030200950_,"Трубы, кабель-каналы, лотки",0.8249
IEK,030200951_,"Кабель, провод, СКС",0.2194
IEK,030200952_,Светильники и лампы,0.2211
IEK,030200953_,"Кабель, провод, СКС",0.3387
IEK,030200954_,"Кабель, провод, СКС",0.4578
IEK,030200955_,"Кабель, провод, СКС",0.4254
IEK,030200956_,Измерения и инструмент,0.6216
IEK,030200957_,Измерения и инструмент,0.6323
IEK,030200958_,Измерения и инструмент,0.8996
IEK,030200959_,Измерения и инструмент,0.4189
IEK,030200960_,Измерения и инструмент,0.5573
IEK,030200961_,"Кабель, провод, СКС",0.7416
IEK,030200962_,"Кабель, провод, СКС",0.5182
IEK,030200963_,Измерения и инструмент,0.5942
IEK,030200964_,"Кабель, провод, СКС",0.4978
IEK,030200965_,"Кабель, провод, СКС",0.529
IEK,030200966_,"Трубы, кабель-каналы, лотки",0.4574
IEK,030200967_,"Трубы, кабель-каналы, лотки",0.4575
IEK,030200968_,"Трубы, кабель-каналы, лотки",0.5051
IEK,030200969_,"Трубы, кабель-каналы, лотки",0.5535
IEK,030200970_,"Кабель, провод, СКС",0.8296
IEK,030200971_,"Кабель, провод, СКС",0.842
IEK,030200972_,"Кабель, провод, СКС",0.751
IEK,030200973_,"Кабель, провод, СКС",0.7608
IEK,030200974_,"Кабель, провод, СКС",0.8148
IEK,030200975_,Розетки и выключатели,0.8852
IEK,030200976_,Розетки и выключатели,0.7457
IEK,030200977_,Розетки и выключатели,0.4927
IEK,030200978_,Щиты и боксы,0.3479
IEK,030200979_,Щиты и боксы,0.2974
IEK,030200980_,Розетки и выключатели,0.9939
IEK,030200981_,Розетки и выключатели,0.996
IEK,030200982_,Розетки и выключатели,0.8915
IEK,030200983_,Розетки и выключатели,0.681
IEK,030200984_,Розетки и выключатели,0.996
IEK,030200985_,Розетки и выключатели,0.3771
IEK,030200986_,Розетки и выключатели,0.2831
IEK,030200987_,Розетки и выключатели,0.2836
IEK,030200988_,"Кабель, провод, СКС",0.6275
IEK,030200989_,"Трубы, кабель-каналы, лотки",0.7967
IEK,030200990_,"Трубы, кабель-каналы, лотки",0.4426
IEK,030201012_,Розетки и выключатели,0.7613
IEK,030201017_,"Кабель, провод, СКС",0.4568
IEK,030201018_,"Кабель, провод, СКС",0.5065
IEK,030201019_,"Кабель, провод, СКС",0.2128
IEK,030201020_,"Кабель, провод, СКС",0.4271
IEK,030201021_,Розетки и выключатели,0.9895
IEK,030201022_,"Кабель, провод, СКС",0.5097
IEK,030201024_,Розетки и выключатели,0.9568
IEK,030201031_,Розетки и выключатели,0.9973
IEK,030201032_,"Кабель, провод, СКС",0.2741
IEK,030201034_,Щиты и боксы,0.7081
IEK,030201035_,Щиты и боксы,0.5777
IEK,030201036_,Щиты и боксы,0.5289
IEK,030201037_,Щиты и боксы,0.4979
IEK,030201040_,Измерения и инструмент,0.8175
IEK,030201049_,"Кабель, провод, СКС",0.6905
IEK,030201052_,Щиты и боксы,0.2401
IEK,030201053_,Щиты и боксы,0.2338
IEK,030201054_,Щиты и боксы,0.2218
IEK,030201055_,Щиты и боксы,0.237
IEK,030201056_,Щиты и боксы,0.2611
IEK,030201057_,Щиты и боксы,0.2344
IEK,030201060_,Щиты и боксы,0.2238
IEK,030201061_,Щиты и боксы,0.1947
IEK,030201063_,Щиты и боксы,0.3939
IEK,030201064_,"Кабель, провод, СКС",0.2677
IEK,030201065_,Щиты и боксы,0.3707
IEK,030201066_,"Кабель, провод, СКС",0.5107
IEK,030201067_,"Кабель, провод, СКС",0.3847
IEK,030201068_,Щиты и боксы,0.4991
IEK,030201069_,"Кабель, провод, СКС",0.2375
IEK,030201070_,"Кабель, провод, СКС",0.25
IEK,030201071_,"Кабель, провод, СКС",0.2484
IEK,030201072_,Щиты и боксы,0.3469
IEK,030201073_,Щиты и боксы,0.31
IEK,030201074_,"Кабель, провод, СКС",0.4079
IEK,030201075_,"Кабель, провод, СКС",0.3257
IEK,030201076_,Щиты и боксы,0.4572
IEK,030201077_,Щиты и боксы,0.2078
IEK,030201078_,Щиты и боксы,0.3111
IEK,030201079_,Щиты и боксы,0.416
IEK,030201080_,Щиты и боксы,0.2568
IEK,030201081_,Щиты и боксы,0.2916
IEK,030201082_,"Кабель, провод, СКС",0.3686
IEK,030201083_,"Кабель, провод, СКС",0.2752
IEK,030201084_,Щиты и боксы,0.2685
IEK,030201085_,"Кабель, провод, СКС",0.342
IEK,030201086_,"Кабель, провод, СКС",0.2761
IEK,030201087_,"Кабель, провод, СКС",0.3688
IEK,030201088_,"Кабель, провод, СКС",0.2191
IEK,030201089_,Щиты и боксы,0.2306
IEK,030201090_,"Кабель, провод, СКС",0.2649
IEK,030201091_,Щиты и боксы,0.3684
IEK,030201092_,Щиты и боксы,0.2629
IEK,030201093_,Щиты и боксы,0.4577
IEK,030201094_,Щиты и боксы,0.494
IEK,030201095_,Щиты и боксы,0.2905
IEK,030201096_,Щиты и боксы,0.6813
IEK,030201097_,Щиты и боксы,0.3966
IEK,030201098_,Щиты и боксы,0.3302
IEK,030201099_,Щиты и боксы,0.2896
IEK,030201100_,Щиты и боксы,0.254
IEK,030201101_,Щиты и боксы,0.2567
IEK,030201102_,"Кабель, провод, СКС",0.33
IEK,030201103_,Щиты и боксы,0.227
IEK,030201104_,Щиты и боксы,0.2497
IEK,030201105_,"Кабель, провод, СКС",0.3284
IEK,030201106_,Щиты и боксы,0.3543
IEK,030201107_,Щиты и боксы,0.2156
IEK,030201108_,Щиты и боксы,0.4821
IEK,030201109_,Щиты и боксы,0.5026
IEK,030201110_,Щиты и боксы,0.3307
IEK,030201111_,Щиты и боксы,0.6182
IEK,030201112_,Щиты и боксы,0.4296
IEK,030201113_,Щиты и боксы,0.3223
IEK,030201114_,Измерения и инструмент,0.287
IEK,030201115_,Щиты и боксы,0.2854
IEK,030201116_,"Кабель, провод, СКС",0.2645
IEK,030201117_,Щиты и боксы,0.2456
IEK,030201118_,Щиты и боксы,0.2491
IEK,030201119_,"Кабель, провод, СКС",0.2649
IEK,030201120_,Щиты и боксы,0.3443
IEK,030201121_,Щиты и боксы,0.2106
IEK,030201122_,Щиты и боксы,0.4599
IEK,030201123_,Щиты и боксы,0.4467
IEK,030201124_,Щиты и боксы,0.2928
IEK,030201125_,Щиты и боксы,0.5236
IEK,030201126_,Щиты и боксы,0.3974
IEK,030201127_,Щиты и боксы,0.3229
IEK,030201128_,Щиты и боксы,0.3217
IEK,030201129_,Щиты и боксы,0.2509
IEK,030201130_,"Кабель, провод, СКС",0.2681
IEK,030201131_,Щиты и боксы,0.2261
IEK,030201132_,Щиты и боксы,0.2386
IEK,030201133_,"Кабель, провод, СКС",0.2685
IEK,030201134_,Щиты и боксы,0.3325
IEK,030201135_,Щиты и боксы,0.2102
IEK,030201136_,Щиты и боксы,0.3972
IEK,030201137_,Щиты и боксы,0.4649
IEK,030201138_,Щиты и боксы,0.2862
IEK,030201139_,Щиты и боксы,0.518
IEK,030201140_,Щиты и боксы,0.3946
IEK,030201141_,Щиты и боксы,0.3246
IEK,030201142_,Измерения и инструмент,0.3178
IEK,030201143_,Щиты и боксы,0.2614
IEK,030201144_,Щиты и боксы,0.2292
IEK,030201145_,Щиты и боксы,0.3664
IEK,030201146_,"Кабель, провод, СКС",0.2187
IEK,030201147_,"Кабель, провод, СКС",0.3178
IEK,030201148_,"Кабель, провод, СКС",0.3428
IEK,030201149_,"Кабель, провод, СКС",0.2708
IEK,030201150_,Измерения и инструмент,0.2385
IEK,030201152_,Розетки и выключатели,0.9564
IEK,030201236_,"Кабель, провод, СКС",0.4448
IEK,030201244_,"Кабель, провод, СКС",0.4702
IEK,030201245_,Измерения и инструмент,0.8488
IEK,030201246_,"Кабель, провод, СКС",0.4145
IEK,030201247_,"Кабель, провод, СКС",0.383
IEK,030201248_,"Кабель, провод, СКС",0.4405
IEK,030201249_,"Кабель, провод, СКС",0.3718
IEK,030201250_,"Кабель, провод, СКС",0.3213
IEK,030201251_,"Кабель, провод, СКС",0.333
IEK,030201252_,"Кабель, провод, СКС",0.4624
IEK,030201460_,Розетки и выключатели,0.8573
IEK,030201461_,Розетки и выключатели,0.6851
IEK,030201462_,Розетки и выключатели,0.9999
IEK,030201463_,Розетки и выключатели,0.9966
IEK,030201464_,Розетки и выключатели,0.8896
IEK,030201465_,Розетки и выключатели,0.9974
IEK,030201466_,Розетки и выключатели,0.5799
IEK,030201467_,"Кабель, провод, СКС",0.6071
IEK,030201468_,Розетки и выключатели,0.5693
IEK,030201469_,Розетки и выключатели,0.9565
IEK,030201470_,Розетки и выключатели,0.8757
IEK,030201471_,Розетки и выключатели,0.9999
IEK,030201472_,Розетки и выключатели,0.9943
IEK,030201473_,Розетки и выключатели,0.8153
IEK,030201474_,Розетки и выключатели,0.996
IEK,030201475_,Розетки и выключатели,0.6758
IEK,030201476_,Розетки и выключатели,0.551
IEK,030201477_,"Кабель, провод, СКС",0.5587
IEK,030201478_,Розетки и выключатели,0.9578
IEK,030201479_,Розетки и выключатели,0.8659
IEK,030201480_,Розетки и выключатели,0.9998
IEK,030201481_,Розетки и выключатели,0.9954
IEK,030201482_,Розетки и выключатели,0.7596
IEK,030201483_,Розетки и выключатели,0.9963
IEK,030201484_,Розетки и выключатели,0.7557
IEK,030201485_,Розетки и выключатели,0.4924
IEK,030201486_,"Кабель, провод, СКС",0.6494
IEK,030300499_,"Шины, клеммы, изоляторы",0.9989
IEK,080800023_,Измерения и инструмент,0.9068
IEK,080800024_,Измерения и инструмент,0.8605
IEK,080800030_,Светильники и лампы,0.9947
IEK,080800031_,Светильники и лампы,0.9916
IEK,080800062_,Светильники и лампы,0.994
IEK,080800063_,Светильники и лампы,0.9915
IEK,080800070_,Измерения и инструмент,0.3862
IEK,080800071_,Измерения и инструмент,0.4142
IEK,080800072_,Измерения и инструмент,0.6576
IEK,080800128_,"Кабель, провод, СКС",0.5312
IEK,080800129_,"Кабель, провод, СКС",0.3591
IEK,080800130_,"Кабель, провод, СКС",0.4208
IEK,080800131_,"Кабель, провод, СКС",0.399
IEK,080800132_,"Кабель, провод, СКС",0.3087
IEK,080800133_,"Кабель, провод, СКС",0.3218
IEK,080800134_,Светильники и лампы,0.5639
IEK,080800135_,Светильники и лампы,0.6272
IEK,080800136_,"Трубы, кабель-каналы, лотки",0.2152
IEK,080800137_,"Кабель, провод, СКС",0.2483
IEK,080800138_,Светильники и лампы,0.3556
IEK,080800139_,Светильники и лампы,0.3703
IEK,080800140_,Светильники и лампы,0.4829
IEK,080800141_,Светильники и лампы,0.6001
IEK,081100277_,Измерения и инструмент,0.7229
IEK,081100278_,Измерения и инструмент,0.7379
IEK,081100289_,Измерения и инструмент,0.7885
IEK,081100302_,Светильники и лампы,0.3276
IEK,081100308_,Светильники и лампы,0.506
IEK,081100309_,Светильники и лампы,0.5227
IEK,081100340_,"Кабель, провод, СКС",0.3028
IEK,081100373_,"Кабель, провод, СКС",0.2345
IEK,081100374_,"Кабель, провод, СКС",0.271
IEK,081100375_,"Кабель, провод, СКС",0.2879
IEK,081100391_,Светильники и лампы,0.8183
IEK,081100392_,Светильники и лампы,0.9232
IEK,081100393_,Светильники и лампы,0.8506
IEK,081100598_,Светильники и лампы,0.5987
IEK,081100604_,Измерения и инструмент,0.3202
IEK,081100635_,Светильники и лампы,0.999
IEK,081100641_,Светильники и лампы,0.9967
IEK,081100642_,Светильники и лампы,0.9976
IEK,081100643_,Светильники и лампы,1.0
IEK,081100702_,Светильники и лампы,0.9998
IEK,081100703_,Светильники и лампы,0.9961
IEK,081100704_,Светильники и лампы,0.9962
IEK,081100705_,Светильники и лампы,0.9955
IEK,081100706_,Светильники и лампы,0.9995
IEK,081100707_,Светильники и лампы,0.9959
IEK,081100708_,Светильники и лампы,0.9953
IEK,081100709_,Светильники и лампы,1.0
IEK,081100710_,Светильники и лампы,1.0
IEK,081100711_,Светильники и лампы,1.0
IEK,081100712_,Светильники и лампы,1.0
IEK,081100713_,Светильники и лампы,1.0
IEK,081100714_,Светильники и лампы,1.0
IEK,081100715_,Светильники и лампы,1.0
IEK,081100716_,Светильники и лампы,1.0
IEK,081100717_,Светильники и лампы,1.0
IEK,081100718_,Светильники и лампы,1.0
IEK,081100719_,Светильники и лампы,1.0
IEK,081100720_,Светильники и лампы,1.0
IEK,081100721_,Светильники и лампы,1.0
IEK,081100722_,Светильники и лампы,1.0
IEK,081100723_,Светильники и лампы,0.9977
IEK,081100724_,Светильники и лампы,1.0
IEK,081100743_,Светильники и лампы,0.9988
IEK,081100744_,Светильники и лампы,0.9988
IEK,081100745_,Светильники и лампы,0.9989
IEK,081100746_,Светильники и лампы,0.9989
IEK,081100747_,Светильники и лампы,0.9989
IEK,081100748_,"Контакторы, пускатели, управление",0.6367
IEK,081100749_,Светильники и лампы,1.0
IEK,081100750_,Светильники и лампы,1.0
IEK,081100751_,Светильники и лампы,0.9999
IEK,081100752_,Светильники и лампы,1.0
IEK,081100753_,Светильники и лампы,0.9992
IEK,081100754_,Светильники и лампы,1.0
IEK,081100755_,Светильники и лампы,0.9998
IEK,081100757_,Светильники и лампы,1.0
IEK,081100758_,Светильники и лампы,1.0
IEK,081100759_,Розетки и выключатели,0.7169
IEK,081100760_,Светильники и лампы,0.9878
IEK,081100761_,Светильники и лампы,0.9737
IEK,081100762_,Светильники и лампы,0.9978
IEK,081100766_,Светильники и лампы,1.0
IEK,081100767_,Светильники и лампы,1.0
IEK,081100768_,Светильники и лампы,1.0
IEK,081100769_,Светильники и лампы,1.0
IEK,081100771_,"Кабель, провод, СКС",0.5653
IEK,081100772_,"Кабель, провод, СКС",0.385
IEK,081100774_,Измерения и инструмент,0.4799
IEK,081100776_,Измерения и инструмент,0.4291
IEK,081100777_,Измерения и инструмент,0.4692
IEK,081100778_,"Кабель, провод, СКС",0.6083
IEK,081100779_,"Кабель, провод, СКС",0.5122
IEK,081100780_,Розетки и выключатели,0.6752
IEK,081100781_,Розетки и выключатели,0.6103
IEK,114001002_,"Кабель, провод, СКС",0.3083
IEK,114001003_,Измерения и инструмент,0.6457
IEK,114001010_,"Кабель, провод, СКС",0.3018
IEK,120100001_,"Контакторы, пускатели, управление",0.9662
IEK,120100002_,"Контакторы, пускатели, управление",0.9674
IEK,120100003_,"Контакторы, пускатели, управление",0.9638
IEK,120100004_,"Контакторы, пускатели, управление",0.9683
IEK,120100005_,"Контакторы, пускатели, управление",0.9674
IEK,120100006_,"Контакторы, пускатели, управление",0.9797
IEK,120100008_,"Контакторы, пускатели, управление",0.955
IEK,120100010_,"Контакторы, пускатели, управление",0.959
IEK,120100011_,"Контакторы, пускатели, управление",0.974
IEK,120100012_,"Контакторы, пускатели, управление",0.9737
IEK,120100013_,"Контакторы, пускатели, управление",0.9695
IEK,120100016_,"Контакторы, пускатели, управление",0.981
IEK,120100018_,"Контакторы, пускатели, управление",0.9369
IEK,120100030_,"Контакторы, пускатели, управление",0.9817
IEK,120100031_,"Кабель, провод, СКС",0.2375
IEK,120100032_,"Контакторы, пускатели, управление",0.9733
IEK,120100033_,"Контакторы, пускатели, управление",0.9761
IEK,120100034_,"Контакторы, пускатели, управление",0.976
IEK,120100035_,"Контакторы, пускатели, управление",0.9832
IEK,120100036_,"Контакторы, пускатели, управление",0.9849
IEK,120100037_,"Контакторы, пускатели, управление",0.9701
IEK,120100038_,"Контакторы, пускатели, управление",0.9673
IEK,120100041_,"Контакторы, пускатели, управление",0.9776
IEK,120100042_,"Контакторы, пускатели, управление",0.9765
IEK,120100043_,"Контакторы, пускатели, управление",0.9263
IEK,120100044_,"Контакторы, пускатели, управление",0.9436
IEK,120100045_,"Контакторы, пускатели, управление",0.9614
IEK,120100046_,"Контакторы, пускатели, управление",0.9445
IEK,120100047_,"Контакторы, пускатели, управление",0.9355
IEK,120100050_,"Контакторы, пускатели, управление",0.963
IEK,120100054_,"Контакторы, пускатели, управление",0.9619
IEK,120100055_,"Контакторы, пускатели, управление",0.9553
IEK,120100056_,"Контакторы, пускатели, управление",0.9587
IEK,120100057_,"Контакторы, пускатели, управление",0.9626
IEK,120100058_,"Контакторы, пускатели, управление",0.9408
IEK,120100059_,"Контакторы, пускатели, управление",0.9484
IEK,120100060_,"Контакторы, пускатели, управление",0.9657
IEK,120100066_,"Контакторы, пускатели, управление",0.8378
IEK,120100067_,"Контакторы, пускатели, управление",0.8311
IEK,120100068_,"Контакторы, пускатели, управление",0.8025
IEK,120100069_,"Контакторы, пускатели, управление",0.9061
IEK,120100070_,"Контакторы, пускатели, управление",0.7818
IEK,120100071_,"Контакторы, пускатели, управление",0.7395
IEK,120100072_,"Контакторы, пускатели, управление",0.8442
IEK,120100073_,"Контакторы, пускатели, управление",0.6627
IEK,120100079_,"Контакторы, пускатели, управление",0.9608
IEK,120100080_,"Контакторы, пускатели, управление",0.9726
IEK,120100081_,"Контакторы, пускатели, управление",0.9821
IEK,120100085_,"Контакторы, пускатели, управление",0.9362
IEK,120100086_,"Контакторы, пускатели, управление",0.9492
IEK,120100087_,"Контакторы, пускатели, управление",0.9437
IEK,120100088_,"Контакторы, пускатели, управление",0.9414
IEK,120100089_,"Контакторы, пускатели, управление",0.9473
IEK,120100118_,"Контакторы, пускатели, управление",0.9828
IEK,120100119_,"Контакторы, пускатели, управление",0.9826
IEK,120100122_,"Контакторы, пускатели, управление",0.9767
IEK,120100203_,"Контакторы, пускатели, управление",0.9804
IEK,120100216_,"Контакторы, пускатели, управление",0.945
IEK,120100219_,"Контакторы, пускатели, управление",0.9926
IEK,120100220_,"Контакторы, пускатели, управление",0.9759
IEK,120100306_,"Контакторы, пускатели, управление",0.9544
IEK,120100307_,"Контакторы, пускатели, управление",0.9648
IEK,120100308_,"Контакторы, пускатели, управление",0.9811
IEK,120100309_,"Контакторы, пускатели, управление",0.9869
IEK,120100319_,"Контакторы, пускатели, управление",0.9979
IEK,120100320_,"Контакторы, пускатели, управление",0.9999
IEK,120100322_,"Контакторы, пускатели, управление",0.9999
IEK,120100325_,"Контакторы, пускатели, управление",0.9719
IEK,120300008_,"Контакторы, пускатели, управление",0.9407
IEK,120300023_,"Контакторы, пускатели, управление",0.9473
IEK,130200006_,"Шины, клеммы, изоляторы",0.6595
IEK,130200007_,"Шины, клеммы, изоляторы",0.8058
IEK,130200008_,"Шины, клеммы, изоляторы",0.7314
IEK,130200012_,"Шины, клеммы, изоляторы",1.0
IEK,130200013_,"Шины, клеммы, изоляторы",0.9998
IEK,130200015_,"Шины, клеммы, изоляторы",1.0
IEK,130200016_,"Кабель, провод, СКС",0.2167
IEK,130200019_,Светильники и лампы,0.9553
IEK,130200020_,Щиты и боксы,0.6016
IEK,130200021_,Щиты и боксы,0.4406
IEK,130200022_,Щиты и боксы,0.4726
IEK,130200023_,Щиты и боксы,0.4889
IEK,130200032_,Розетки и выключатели,0.9895
IEK,130200034_,"Кабель, провод, СКС",0.3461
IEK,130200035_,"Кабель, провод, СКС",0.4516
IEK,130200036_,Измерения и инструмент,0.3757
IEK,130200063_,"Шины, клеммы, изоляторы",0.85
IEK,130200073_,"Шины, клеммы, изоляторы",0.3461
IEK,130200074_,"Шины, клеммы, изоляторы",0.7389
IEK,130200075_,"Шины, клеммы, изоляторы",0.8318
IEK,130200085_,"Кабель, провод, СКС",0.2983
IEK,130200089_,"Шины, клеммы, изоляторы",0.9496
IEK,130200120_,"Шины, клеммы, изоляторы",0.9997
IEK,130200121_,"Шины, клеммы, изоляторы",0.9992
IEK,130200122_,"Шины, клеммы, изоляторы",0.9995
IEK,130200123_,"Шины, клеммы, изоляторы",0.9998
IEK,130200124_,"Шины, клеммы, изоляторы",0.9994
IEK,130200125_,"Шины, клеммы, изоляторы",1.0
IEK,130200126_,"Шины, клеммы, изоляторы",1.0
IEK,130200127_,"Шины, клеммы, изоляторы",0.9867
IEK,130200128_,"Кабель, провод, СКС",0.3162
IEK,130200131_,"Кабель, провод, СКС",0.3362
IEK,130200133_,"Шины, клеммы, изоляторы",0.9997
IEK,130200134_,"Шины, клеммы, изоляторы",1.0
IEK,130200135_,"Шины, клеммы, изоляторы",0.9991
IEK,130200136_,"Шины, клеммы, изоляторы",1.0
IEK,130200154_,"Шины, клеммы, изоляторы",1.0
IEK,130200159_,Светильники и лампы,0.4235
IEK,130200183_,Измерения и инструмент,0.8687
IEK,130200184_,"Кабель, провод, СКС",0.2611
IEK,130200185_,"Кабель, провод, СКС",0.3018
IEK,130200285_,Щиты и боксы,0.3588
IEK,130200298_,"Кабель, провод, СКС",0.3687
IEK,130200299_,"Кабель, провод, СКС",0.3985
IEK,130200300_,"Кабель, провод, СКС",0.3115
IEK,130200301_,"Кабель, провод, СКС",0.3853
IEK,130200302_,"Кабель, провод, СКС",0.3533
IEK,130200305_,"Трубы, кабель-каналы, лотки",0.36
IEK,130200313_,Щиты и боксы,0.2501
IEK,130200314_,Щиты и боксы,0.2345
IEK,130200339_,Измерения и инструмент,0.6806
IEK,130200340_,Щиты и боксы,0.4686
IEK,130200341_,Щиты и боксы,0.5101
IEK,130200342_,Щиты и боксы,0.4402
IEK,130200343_,Щиты и боксы,0.6836
IEK,130200378_,Светильники и лампы,0.9994
IEK,130200381_,Светильники и лампы,0.9967
IEK,130200387_,Щиты и боксы,0.5584
IEK,130200409_,"Шины, клеммы, изоляторы",1.0
IEK,130200413_,"Кабель, провод, СКС",0.3966
IEK,130200414_,Щиты и боксы,0.5634
IEK,130200415_,Щиты и боксы,0.5297
IEK,130200416_,"Кабель, провод, СКС",0.3381
IEK,130200417_,Коробки установочные,0.4713
IEK,130200418_,"Шины, клеммы, изоляторы",0.3337
IEK,130200419_,Щиты и боксы,0.7223
IEK,130200420_,Щиты и боксы,0.7414
IEK,130200421_,Щиты и боксы,0.6799
IEK,130200422_,Щиты и боксы,0.8667
IEK,130200423_,Щиты и боксы,0.8515
IEK,130200424_,Щиты и боксы,0.9164
IEK,130200425_,Щиты и боксы,0.9062
IEK,130200426_,Щиты и боксы,0.878
IEK,130200430_,"Трубы, кабель-каналы, лотки",0.1876
IEK,130200431_,"Кабель, провод, СКС",0.4403
IEK,130200432_,"Кабель, провод, СКС",0.3371
IEK,130200433_,"Кабель, провод, СКС",0.2788
IEK,130200434_,Измерения и инструмент,0.2646
IEK,130200435_,"Кабель, провод, СКС",0.345
IEK,130200436_,Измерения и инструмент,0.4754
IEK,130200437_,Измерения и инструмент,0.5002
IEK,130200438_,Измерения и инструмент,0.4648
IEK,130200439_,Измерения и инструмент,0.5256
IEK,130200440_,УЗО и дифавтоматы,0.1858
IEK,130200441_,"Контакторы, пускатели, управление",0.5516
IEK,130200442_,Измерения и инструмент,0.2278
IEK,130200443_,Измерения и инструмент,0.2249
IEK,130200444_,Розетки и выключатели,0.6454
IEK,130200445_,Розетки и выключатели,0.703
IEK,130200490_,Измерения и инструмент,0.544
IEK,130200491_,Измерения и инструмент,0.9989
IEK,130200492_,"Шины, клеммы, изоляторы",0.4381
IEK,130200493_,"Шины, клеммы, изоляторы",0.3478
IEK,130200494_,Измерения и инструмент,0.3607
IEK,130300003_,"Кабель, провод, СКС",0.2968
IEK,130300004_,"Кабель, провод, СКС",0.331
IEK,130300005_,Щиты и боксы,0.3638
IEK,130300006_,Измерения и инструмент,0.5756
IEK,130300020_,"Кабель, провод, СКС",0.3385
IEK,130300021_,Измерения и инструмент,0.968
IEK,130300022_,Измерения и инструмент,0.9627
IEK,130300032_,Щиты и боксы,0.4987
IEK,130300033_,Щиты и боксы,0.5353
IEK,130300035_,УЗО и дифавтоматы,0.2044
IEK,130300037_,"Кабель, провод, СКС",0.3195
IEK,130300038_,Измерения и инструмент,0.3868
IEK,130300039_,Розетки и выключатели,0.4184
IEK,130300040_,Розетки и выключатели,0.2635
IEK,130300041_,Розетки и выключатели,0.3877
IEK,130300042_,Розетки и выключатели,0.4056
IEK,130300080_,"Кабель, провод, СКС",0.3061
IEK,130300084_,"Контакторы, пускатели, управление",0.5277
IEK,130300089_,Щиты и боксы,0.2525
IEK,130300090_,Щиты и боксы,0.3452
IEK,130300091_,Щиты и боксы,0.6639
IEK,130300101_,"Кабель, провод, СКС",0.4879
IEK,130300102_,Измерения и инструмент,0.9822
IEK,130300103_,Щиты и боксы,0.1842
IEK,130300105_,"Кабель, провод, СКС",0.3649
IEK,130300107_,Измерения и инструмент,0.3192
IEK,130300108_,Измерения и инструмент,0.5461
IEK,130300142_,"Шины, клеммы, изоляторы",0.943
IEK,130300143_,"Кабель, провод, СКС",0.2722
IEK,130300147_,Щиты и боксы,0.674
IEK,130300152_,Щиты и боксы,0.1774
IEK,130300154_,Измерения и инструмент,0.6356
IEK,130300166_,"Контакторы, пускатели, управление",0.8853
IEK,130300169_,"Кабель, провод, СКС",0.3868
IEK,130300172_,"Шины, клеммы, изоляторы",0.2909
IEK,130300178_,"Контакторы, пускатели, управление",0.8353
IEK,130300193_,Розетки и выключатели,0.3149
IEK,130300204_,"Кабель, провод, СКС",0.2951
IEK,130300207_,Измерения и инструмент,0.6632
IEK,130300208_,"Контакторы, пускатели, управление",0.8453
IEK,130300209_,"Контакторы, пускатели, управление",0.8315
IEK,130300210_,"Контакторы, пускатели, управление",0.9174
IEK,130300213_,Автоматы и предохранители,0.2874
IEK,130300214_,Автоматы и предохранители,0.2561
IEK,130300220_,Розетки и выключатели,0.5988
IEK,130300221_,Розетки и выключатели,0.5895
IEK,130300223_,"Кабель, провод, СКС",0.286
IEK,130300226_,"Трубы, кабель-каналы, лотки",0.7909
IEK,130300227_,Измерения и инструмент,0.5554
IEK,130300231_,"Кабель, провод, СКС",0.4738
IEK,130300233_,"Кабель, провод, СКС",0.4749
IEK,130300247_,Измерения и инструмент,0.9687
IEK,130300271_,"Кабель, провод, СКС",0.3958
IEK,130300275_,Розетки и выключатели,0.4731
IEK,130300287_,"Кабель, провод, СКС",0.3311
IEK,130300288_,"Кабель, провод, СКС",0.391
IEK,130300291_,Измерения и инструмент,0.6027
IEK,130300292_,Измерения и инструмент,0.5585
IEK,130300293_,Автоматы и предохранители,0.4437
IEK,130300302_,Измерения и инструмент,0.9738
IEK,130300418_,"Шины, клеммы, изоляторы",0.9342
IEK,130300449_,"Кабель, провод, СКС",0.3378
IEK,130300471_,"Кабель, провод, СКС",0.2579
IEK,130300518_,"Трубы, кабель-каналы, лотки",0.4128
IEK,130300519_,"Трубы, кабель-каналы, лотки",0.4116
IEK,130300520_,"Трубы, кабель-каналы, лотки",0.42
IEK,130300521_,"Трубы, кабель-каналы, лотки",0.391
IEK,130300524_,Измерения и инструмент,0.6873
IEK,130300526_,УЗО и дифавтоматы,0.5099
IEK,130300527_,УЗО и дифавтоматы,0.487
IEK,130300528_,"Шины, клеммы, изоляторы",0.7571
IEK,130300529_,"Шины, клеммы, изоляторы",0.7316
IEK,130300532_,Измерения и инструмент,0.6965
IEK,130300533_,Измерения и инструмент,0.6455
IEK,130300534_,"Трубы, кабель-каналы, лотки",0.2687
IEK,130300535_,Измерения и инструмент,0.4578
IEK,130300536_,Измерения и инструмент,0.4104
IEK,130300537_,Измерения и инструмент,0.9408
IEK,130300538_,Измерения и инструмент,0.934
IEK,130300544_,Измерения и инструмент,0.5819
IEK,130300545_,Щиты и боксы,0.6198
IEK,130300546_,Щиты и боксы,0.6023
IEK,130300555_,Розетки и выключатели,0.7627
IEK,130300596_,Измерения и инструмент,0.6139
IEK,130300605_,"Кабель, провод, СКС",0.4119
IEK,130300606_,Щиты и боксы,0.272
IEK,130300608_,Измерения и инструмент,0.4784
IEK,130300742_,"Кабель, провод, СКС",0.3147
IEK,130300764_,"Кабель, провод, СКС",0.3949
IEK,130300765_,"Кабель, провод, СКС",0.3635
IEK,130300769=,"Трубы, кабель-каналы, лотки",0.3333
IEK,130300769_,"Трубы, кабель-каналы, лотки",0.2244
IEK,130300770_,"Трубы, кабель-каналы, лотки",0.2122
IEK,130300771_,"Трубы, кабель-каналы, лотки",1.0
IEK,130300772_,"Трубы, кабель-каналы, лотки",1.0
IEK,130300773_,Розетки и выключатели,0.9998
IEK,130300774_,Розетки и выключатели,0.9996
IEK,130300775_,Светильники и лампы,0.5431
IEK,130300779_,"Трубы, кабель-каналы, лотки",1.0
IEK,130300780_,"Трубы, кабель-каналы, лотки",1.0
IEK,130300791_,"Трубы, кабель-каналы, лотки",1.0
IEK,130300792_,"Трубы, кабель-каналы, лотки",1.0
IEK,130300831_,Измерения и инструмент,0.7179
IEK,130300861_,Измерения и инструмент,0.648
IEK,130300883_,Щиты и боксы,0.2762
IEK,130300962_,Измерения и инструмент,0.449
IEK,130300963_,Измерения и инструмент,0.5152
IEK,130300982_,"Кабель, провод, СКС",0.2841
IEK,130300985_,Измерения и инструмент,0.3344
IEK,130300986_,Измерения и инструмент,0.3448
IEK,130300988_,Измерения и инструмент,0.7733
IEK,130301000_,Измерения и инструмент,0.4027
IEK,130301016_,Измерения и инструмент,0.905
IEK,130301073_,Измерения и инструмент,0.8479
IEK,130301079_,"Кабель, провод, СКС",0.5726
IEK,130301081_,Измерения и инструмент,0.3994
IEK,130301087_,"Кабель, провод, СКС",0.2194
IEK,130301096_,Измерения и инструмент,0.3434
IEK,130301097_,"Кабель, провод, СКС",0.2534
IEK,130301098_,Щиты и боксы,0.4176
IEK,130301099_,Измерения и инструмент,0.5923
IEK,130301100_,УЗО и дифавтоматы,0.6201
IEK,130301101_,УЗО и дифавтоматы,0.5889
IEK,130301120_,"Кабель, провод, СКС",0.4249
IEK,130301128_,Измерения и инструмент,0.4541
IEK,130301133_,Щиты и боксы,0.3709
IEK,130301232_,"Трубы, кабель-каналы, лотки",1.0
IEK,130301257_,"Кабель, провод, СКС",0.309
IEK,130301258_,Измерения и инструмент,0.5838
IEK,130301261_,"Кабель, провод, СКС",0.2307
IEK,130301263_,"Кабель, провод, СКС",0.4126
IEK,130301597_,Щиты и боксы,0.4289
IEK,130301598_,"Кабель, провод, СКС",0.2332
IEK,130301608_,"Шины, клеммы, изоляторы",0.9995
IEK,130301609_,"Шины, клеммы, изоляторы",1.0
IEK,130301610_,"Шины, клеммы, изоляторы",0.9999
IEK,130301611_,"Шины, клеммы, изоляторы",1.0
IEK,130301612_,"Шины, клеммы, изоляторы",1.0
IEK,130301613_,"Шины, клеммы, изоляторы",1.0
IEK,130301614_,"Шины, клеммы, изоляторы",0.9999
IEK,130301615_,"Шины, клеммы, изоляторы",1.0
IEK,130301616_,"Шины, клеммы, изоляторы",1.0
IEK,130301617_,"Шины, клеммы, изоляторы",1.0
IEK,130301618_,"Шины, клеммы, изоляторы",0.9998
IEK,130301619_,"Шины, клеммы, изоляторы",1.0
IEK,130301620_,"Шины, клеммы, изоляторы",0.9998
IEK,130301621_,"Шины, клеммы, изоляторы",0.9986
IEK,130301622_,"Шины, клеммы, изоляторы",1.0
IEK,130301623_,"Шины, клеммы, изоляторы",0.9999
IEK,130301624_,"Шины, клеммы, изоляторы",0.9997
IEK,130301625_,"Шины, клеммы, изоляторы",1.0
IEK,130301626_,"Шины, клеммы, изоляторы",0.9984
IEK,130301627_,"Шины, клеммы, изоляторы",0.999
IEK,130301628_,"Шины, клеммы, изоляторы",0.9993
IEK,130301629_,"Шины, клеммы, изоляторы",0.9992
IEK,130301630_,"Шины, клеммы, изоляторы",1.0
IEK,130301631_,"Шины, клеммы, изоляторы",1.0
IEK,130301632_,"Шины, клеммы, изоляторы",1.0
IEK,130301633_,"Шины, клеммы, изоляторы",0.9961
IEK,130301634_,"Шины, клеммы, изоляторы",0.9941
IEK,130301635_,"Шины, клеммы, изоляторы",0.9941
IEK,130301636_,"Шины, клеммы, изоляторы",0.9942
IEK,130301637_,"Шины, клеммы, изоляторы",0.9982
IEK,130301638_,"Шины, клеммы, изоляторы",0.9983
IEK,130301639_,"Шины, клеммы, изоляторы",0.998
IEK,130301640_,"Шины, клеммы, изоляторы",1.0
IEK,130301641_,"Шины, клеммы, изоляторы",0.9982
IEK,130301642_,"Шины, клеммы, изоляторы",0.9994
IEK,130301643_,"Шины, клеммы, изоляторы",0.999
IEK,130301644_,"Кабель, провод, СКС",0.4368
IEK,130301645_,"Шины, клеммы, изоляторы",0.937
IEK,130301646_,"Кабель, провод, СКС",0.38
IEK,130301647_,Щиты и боксы,0.352
IEK,130301648_,Щиты и боксы,0.2782
IEK,130301649_,Щиты и боксы,0.3416
IEK,130301650_,"Шины, клеммы, изоляторы",0.9985
IEK,130301651_,"Шины, клеммы, изоляторы",0.9925
IEK,130301652_,"Шины, клеммы, изоляторы",0.9898
IEK,130301653_,"Шины, клеммы, изоляторы",0.9985
IEK,130301654_,"Шины, клеммы, изоляторы",0.9998
IEK,130301655_,"Шины, клеммы, изоляторы",0.9962
IEK,130301656_,"Шины, клеммы, изоляторы",0.9901
IEK,130301657_,"Шины, клеммы, изоляторы",0.9988
IEK,130301658_,"Шины, клеммы, изоляторы",0.9952
IEK,130301659_,"Шины, клеммы, изоляторы",0.9937
IEK,130301660_,Автоматы и предохранители,0.3447
IEK,130301661_,"Шины, клеммы, изоляторы",0.3738
IEK,130301662_,"Шины, клеммы, изоляторы",0.4278
IEK,130301663_,"Шины, клеммы, изоляторы",0.4752
IEK,130301664_,"Шины, клеммы, изоляторы",0.3492
IEK,130301665_,"Шины, клеммы, изоляторы",0.9993
IEK,130301666_,"Шины, клеммы, изоляторы",0.9969
IEK,130301667_,"Шины, клеммы, изоляторы",0.9987
IEK,130301668_,"Шины, клеммы, изоляторы",0.9974
IEK,130301669_,"Шины, клеммы, изоляторы",1.0
IEK,130301670_,"Шины, клеммы, изоляторы",0.9976
IEK,130301671_,"Шины, клеммы, изоляторы",0.9971
IEK,130301672_,"Шины, клеммы, изоляторы",0.9981
IEK,130301673_,"Трубы, кабель-каналы, лотки",0.9811
IEK,130301674_,"Трубы, кабель-каналы, лотки",0.9751
IEK,130301675_,"Трубы, кабель-каналы, лотки",0.8995
IEK,130301676_,"Трубы, кабель-каналы, лотки",0.9078
IEK,130301677_,"Трубы, кабель-каналы, лотки",0.9336
IEK,130301678_,"Трубы, кабель-каналы, лотки",0.9336
IEK,130301679_,"Трубы, кабель-каналы, лотки",0.9511
IEK,130301680_,"Трубы, кабель-каналы, лотки",0.9551
IEK,130301681_,Щиты и боксы,0.4166
IEK,130301682_,Щиты и боксы,0.4377
IEK,130301683_,Щиты и боксы,0.4122
IEK,130301685_,"Шины, клеммы, изоляторы",1.0
IEK,130301686_,"Шины, клеммы, изоляторы",1.0
IEK,130301687_,"Шины, клеммы, изоляторы",0.9999
IEK,130301688_,"Шины, клеммы, изоляторы",1.0
IEK,130301689_,"Шины, клеммы, изоляторы",0.9945
IEK,130301690_,"Шины, клеммы, изоляторы",0.998
IEK,130301691_,"Шины, клеммы, изоляторы",0.9977
IEK,130301692_,"Шины, клеммы, изоляторы",0.9968
IEK,130301693_,"Шины, клеммы, изоляторы",0.9928
IEK,130301694_,"Шины, клеммы, изоляторы",0.9946
IEK,130301695_,"Шины, клеммы, изоляторы",1.0
IEK,130301696_,"Шины, клеммы, изоляторы",1.0
IEK,130301697_,"Шины, клеммы, изоляторы",0.9974
IEK,130301698_,"Шины, клеммы, изоляторы",0.9983
IEK,130301699_,"Шины, клеммы, изоляторы",0.9962
IEK,130301700_,"Шины, клеммы, изоляторы",0.9982
IEK,130301701_,"Шины, клеммы, изоляторы",0.9999
IEK,130301702_,"Шины, клеммы, изоляторы",0.9988
IEK,130301703_,"Шины, клеммы, изоляторы",0.9895
IEK,130301704_,Измерения и инструмент,0.8894
IEK,130301705_,Измерения и инструмент,0.8656
IEK,130301706_,"Шины, клеммы, изоляторы",0.9377
IEK,130301707_,"Кабель, провод, СКС",0.431
IEK,130301708_,"Кабель, провод, СКС",0.3617
IEK,130301709_,"Кабель, провод, СКС",0.4375
IEK,130301710_,"Кабель, провод, СКС",0.4605
IEK,130301711_,"Кабель, провод, СКС",0.3702
IEK,130301712_,"Кабель, провод, СКС",0.3142
IEK,130301713_,"Кабель, провод, СКС",0.4713
IEK,130301714_,"Кабель, провод, СКС",0.4679
IEK,130301715_,"Кабель, провод, СКС",0.4804
IEK,130301716_,"Кабель, провод, СКС",0.4832
IEK,130301717_,"Кабель, провод, СКС",0.3964
IEK,130301718_,"Кабель, провод, СКС",0.4134
IEK,130301719_,"Шины, клеммы, изоляторы",0.4631
IEK,130301720_,"Шины, клеммы, изоляторы",0.4222
IEK,130301721_,"Кабель, провод, СКС",0.3011
IEK,130301722_,Щиты и боксы,0.2474
IEK,130301723_,Щиты и боксы,0.2426
IEK,130301724_,Розетки и выключатели,0.3346
IEK,130301725_,"Шины, клеммы, изоляторы",0.9976
IEK,130301726_,"Шины, клеммы, изоляторы",0.615
IEK,130301727_,"Шины, клеммы, изоляторы",0.4857
IEK,130301728_,"Шины, клеммы, изоляторы",0.5535
IEK,130301729_,"Шины, клеммы, изоляторы",0.5271
IEK,130301730_,"Шины, клеммы, изоляторы",0.5504
IEK,130301731_,"Шины, клеммы, изоляторы",0.3189
IEK,130301732_,Коробки установочные,0.3639
IEK,130301733_,Коробки установочные,0.447
IEK,130301734_,Коробки установочные,0.4313
IEK,130301735_,Коробки установочные,0.4044
IEK,130301736_,Коробки установочные,0.4511
IEK,130301737_,Коробки установочные,0.3905
IEK,130301738_,Коробки установочные,0.4245
IEK,130301739_,Розетки и выключатели,0.212
IEK,130301927_,"Трубы, кабель-каналы, лотки",1.0
IEK,130400069_,Розетки и выключатели,0.2438
IEK,130400112_,Розетки и выключатели,0.2149
IEK,130400150_,Розетки и выключатели,0.2624
IEK,130400151_,"Шины, клеммы, изоляторы",0.2273
IEK,130400152_,Розетки и выключатели,0.2462
IEK,130400153_,Розетки и выключатели,0.245
IEK,130400154_,Розетки и выключатели,0.2426
IEK,130400155_,Розетки и выключатели,0.2491
IEK,130400156_,"Кабель, провод, СКС",0.3235
IEK,130500001_,"Кабель, провод, СКС",0.2267
IEK,130500002_,"Трубы, кабель-каналы, лотки",0.1971
IEK,130500003_,"Кабель, провод, СКС",0.2259
IEK,130500004_,"Кабель, провод, СКС",0.2211
IEK,130500005_,"Трубы, кабель-каналы, лотки",0.2288
IEK,130500006_,"Кабель, провод, СКС",0.4453
IEK,130500007_,"Кабель, провод, СКС",0.5221
IEK,130500008_,"Кабель, провод, СКС",0.4348
IEK,130500009_,"Кабель, провод, СКС",0.3353
IEK,130500010_,"Кабель, провод, СКС",0.4231
IEK,130500011_,"Кабель, провод, СКС",0.4099
IEK,130500012_,"Кабель, провод, СКС",0.4608
IEK,130500013_,"Кабель, провод, СКС",0.4307
IEK,130500014_,"Кабель, провод, СКС",0.4434
IEK,130500015_,"Кабель, провод, СКС",0.4802
IEK,130500027_,"Кабель, провод, СКС",0.2235
IEK,130500046_,"Кабель, провод, СКС",0.3429
IEK,130500080_,Измерения и инструмент,0.6511
IEK,130500085_,Измерения и инструмент,0.8088
IEK,130500088_,Измерения и инструмент,0.6682
IEK,130500094_,Измерения и инструмент,0.5176
IEK,130500098_,Измерения и инструмент,0.5305
IEK,130500102_,Измерения и инструмент,0.519
IEK,130500136_,Измерения и инструмент,0.6527
IEK,130500137_,Измерения и инструмент,0.8072
IEK,130600007_,"Кабель, провод, СКС",0.4154
IEK,130600021_,Розетки и выключатели,0.5419
IEK,130600022_,Розетки и выключатели,0.5132
IEK,130600023_,"Шины, клеммы, изоляторы",0.4926
IEK,130600024_,Розетки и выключатели,0.4108
IEK,130600025_,Розетки и выключатели,0.4528
IEK,130600027_,Розетки и выключатели,0.8209
IEK,130600031_,Розетки и выключатели,0.4625
IEK,130600032_,Розетки и выключатели,0.6301
IEK,130600051_,"Шины, клеммы, изоляторы",0.4915
IEK,130600052_,Розетки и выключатели,0.488
IEK,130600053_,Розетки и выключатели,0.4411
IEK,130600057_,Розетки и выключатели,0.579
IEK,130600060_,"Трубы, кабель-каналы, лотки",0.7155
IEK,130600061_,Розетки и выключатели,0.7673
IEK,130600062_,Розетки и выключатели,0.5163
IEK,130600063_,"Трубы, кабель-каналы, лотки",0.3743
IEK,130600064_,Розетки и выключатели,0.5483
IEK,130600066_,Розетки и выключатели,0.4015
IEK,130600067_,Розетки и выключатели,0.4616
IEK,130600068_,Розетки и выключатели,0.8288
IEK,130600075_,Розетки и выключатели,0.4839
IEK,130600076_,Розетки и выключатели,0.4901
IEK,130600077_,Розетки и выключатели,0.5167
IEK,130600078_,Розетки и выключатели,0.5066
IEK,130600079_,"Шины, клеммы, изоляторы",0.4939
IEK,130600080_,"Шины, клеммы, изоляторы",0.4727
IEK,130600086_,Розетки и выключатели,0.5063
IEK,130600098_,"Трубы, кабель-каналы, лотки",0.483
IEK,130600121_,Розетки и выключатели,0.6577
IEK,130600122_,Розетки и выключатели,0.6968
IEK,130600123_,Розетки и выключатели,0.5694
IEK,130600124_,Измерения и инструмент,0.8167
IEK,130600125_,Розетки и выключатели,0.3314
IEK,130600126_,Розетки и выключатели,0.7678
IEK,130600128_,Розетки и выключатели,0.6717
IEK,130600129_,Розетки и выключатели,0.518
IEK,130600130_,Измерения и инструмент,0.5636
IEK,130600131_,Розетки и выключатели,0.5526
IEK,130600132_,Измерения и инструмент,0.5799
IEK,130600135_,Измерения и инструмент,0.338
IEK,130600136_,Розетки и выключатели,0.429
IEK,130600137_,Розетки и выключатели,0.3792
IEK,130600138_,Розетки и выключатели,0.3912
IEK,130600140_,Измерения и инструмент,0.4087
IEK,130600145_,Измерения и инструмент,0.7983
IEK,130600147_,Розетки и выключатели,0.8876
IEK,130600148_,"Контакторы, пускатели, управление",0.5037
IEK,130600149_,Измерения и инструмент,0.7739
IEK,130600150_,Розетки и выключатели,0.542
IEK,130600154_,Измерения и инструмент,0.766
IEK,130600165_,Измерения и инструмент,0.7885
IEK,130600166_,Розетки и выключатели,0.5771
IEK,130600200_,Измерения и инструмент,0.6838
IEK,130600201_,Розетки и выключатели,0.5009
IEK,130600202_,"Кабель, провод, СКС",0.4589
IEK,130600203_,Измерения и инструмент,0.4326
IEK,130600204_,Измерения и инструмент,0.7749
IEK,130600205_,Розетки и выключатели,0.6427
IEK,130600206_,Розетки и выключатели,0.5688
IEK,130600207_,Измерения и инструмент,0.8032
IEK,130600208_,Измерения и инструмент,0.9402
IEK,130600209_,Розетки и выключатели,0.7688
IEK,130600210_,Розетки и выключатели,0.7813
IEK,130600211_,Розетки и выключатели,0.819
IEK,130600212_,Измерения и инструмент,0.5215
IEK,130600213_,Измерения и инструмент,0.6779
IEK,130600214_,Измерения и инструмент,0.5855
IEK,130600215_,Измерения и инструмент,0.7422
IEK,130600216_,Измерения и инструмент,0.3875
IEK,130600217_,Розетки и выключатели,0.5487
IEK,130600218_,"Контакторы, пускатели, управление",0.4602
IEK,130600219_,Розетки и выключатели,0.959
IEK,130600220_,Розетки и выключатели,0.9531
IEK,130600222_,Розетки и выключатели,0.6535
IEK,130600223_,Измерения и инструмент,0.912
IEK,130600224_,Розетки и выключатели,0.6809
IEK,130600225_,Розетки и выключатели,0.6202
IEK,130600226_,Розетки и выключатели,0.4488
IEK,130600227_,Розетки и выключатели,0.4232
IEK,130600228_,"Кабель, провод, СКС",0.481
IEK,130600229_,Розетки и выключатели,0.4371
IEK,130600230_,"Кабель, провод, СКС",0.4378
IEK,130600232_,Розетки и выключатели,0.5338
IEK,130600234_,"Кабель, провод, СКС",0.4725
IEK,130600235_,Измерения и инструмент,0.722
IEK,130600236_,Измерения и инструмент,0.8258
IEK,130600237_,Измерения и инструмент,0.7702
IEK,130600238_,Измерения и инструмент,0.7626
IEK,130600239_,Измерения и инструмент,0.832
IEK,130600240_,Измерения и инструмент,0.66
IEK,130600241_,Измерения и инструмент,0.8474
IEK,130600242_,Измерения и инструмент,0.9027
IEK,130600243_,Измерения и инструмент,0.9071
IEK,130600244_,Измерения и инструмент,0.6581
IEK,130600245_,Измерения и инструмент,0.9106
IEK,130600246_,Измерения и инструмент,0.9383
IEK,130600247_,Измерения и инструмент,0.9187
IEK,130600248_,Измерения и инструмент,0.6347
IEK,130600253_,"Кабель, провод, СКС",0.3524
IEK,130600254_,Измерения и инструмент,0.3628
IEK,130600255_,"Кабель, провод, СКС",0.3822
IEK,130600256_,Измерения и инструмент,0.4483
IEK,130600257_,Измерения и инструмент,0.5943
IEK,130600258_,"Кабель, провод, СКС",0.3517
IEK,130600259_,Измерения и инструмент,0.6803
IEK,130600260_,Измерения и инструмент,0.4041
IEK,130600261_,Щиты и боксы,0.7738
IEK,130600262_,Щиты и боксы,0.4833
IEK,130600265_,"Кабель, провод, СКС",0.2417
IEK,130600266_,Коробки установочные,0.3838
IEK,130600267_,"Кабель, провод, СКС",0.2375
IEK,130600268_,Коробки установочные,0.1965
IEK,130600269_,Измерения и инструмент,0.7266
IEK,130600270_,Измерения и инструмент,0.7297
IEK,130600271_,Измерения и инструмент,0.8898
IEK,130600272_,Розетки и выключатели,0.4182
IEK,130600273_,Измерения и инструмент,0.9222
IEK,130900001_,"Кабель, провод, СКС",0.3959
IEK,130900006_,Розетки и выключатели,0.4709
IEK,130900007_,"Кабель, провод, СКС",0.4533
IEK,130900008_,Измерения и инструмент,0.9625
IEK,130900009_,Измерения и инструмент,0.979
IEK,130900010_,"Кабель, провод, СКС",0.3572
IEK,130900012_,"Кабель, провод, СКС",0.4718
IEK,130900013_,"Кабель, провод, СКС",0.3425
IEK,130900014_,"Кабель, провод, СКС",0.3262
IEK,130900017_,Измерения и инструмент,0.9823
IEK,130900019_,"Кабель, провод, СКС",0.4597
IEK,130900020_,"Кабель, провод, СКС",0.4278
IEK,130900030_,Измерения и инструмент,0.5644
IEK,130900031_,Измерения и инструмент,0.4693
IEK,130900065_,Щиты и боксы,0.3704
IEK,150100494_,"Трубы, кабель-каналы, лотки",0.3738
IEK,150100666_,"Кабель, провод, СКС",0.1942
IEK,150100667_,Измерения и инструмент,0.2763
IEK,150100720_,УЗО и дифавтоматы,0.2466
IEK,150100723_,"Кабель, провод, СКС",0.2131
IEK,150100853_,"Шины, клеммы, изоляторы",0.2082
IEK,150100854_,Щиты и боксы,0.2415
IEK,150100855_,"Кабель, провод, СКС",0.2756
IEK,150100863_,"Шины, клеммы, изоляторы",0.2819
IEK,150100864_,"Шины, клеммы, изоляторы",0.2526
IEK,150100953_,"Кабель, провод, СКС",0.4654
IEK,150100954_,"Кабель, провод, СКС",0.4054
IEK,150100955_,"Шины, клеммы, изоляторы",0.2079
IEK,150100957_,"Кабель, провод, СКС",0.3416
IEK,150100959_,"Кабель, провод, СКС",0.2213
IEK,150100961_,"Кабель, провод, СКС",0.2803
IEK,150100996_,"Кабель, провод, СКС",0.1836
IEK,150100997_,Щиты и боксы,0.2141
IEK,150101000_,УЗО и дифавтоматы,0.2508
IEK,150101008_,"Кабель, провод, СКС",0.386
IEK,150101010_,"Кабель, провод, СКС",0.3967
IEK,150101103_,"Кабель, провод, СКС",0.1885
IEK,150101104_,"Кабель, провод, СКС",0.2927
IEK,150101140_,Щиты и боксы,0.3316
IEK,150101155_,"Контакторы, пускатели, управление",0.4079
IEK,150101158_,Розетки и выключатели,0.431
IEK,150101175_,Светильники и лампы,1.0
IEK,150101176_,Светильники и лампы,1.0
IEK,150101177_,Светильники и лампы,1.0
IEK,150101178_,Светильники и лампы,1.0
IEK,150101179_,Светильники и лампы,1.0
IEK,150101180_,Светильники и лампы,1.0
IEK,150101181_,Светильники и лампы,1.0
IEK,150101182_,Светильники и лампы,1.0
IEK,150101183_,Светильники и лампы,1.0
IEK,150101188_,Светильники и лампы,1.0
IEK,150101189_,Светильники и лампы,1.0
IEK,150101190_,Светильники и лампы,1.0
IEK,150101191_,Светильники и лампы,1.0
IEK,150101192_,Светильники и лампы,1.0
IEK,150101193_,Светильники и лампы,1.0
IEK,150101194_,Светильники и лампы,1.0
IEK,150101195_,Светильники и лампы,1.0
IEK,150101196_,Светильники и лампы,1.0
IEK,150101197_,Светильники и лампы,1.0
IEK,150101198_,Светильники и лампы,1.0
IEK,150101199_,Светильники и лампы,1.0
IEK,150101200_,Светильники и лампы,1.0
IEK,150101201_,Светильники и лампы,1.0
IEK,150101202_,Светильники и лампы,1.0
IEK,150101203_,Светильники и лампы,1.0
IEK,150101204_,Светильники и лампы,1.0
IEK,150101205_,Светильники и лампы,1.0
IEK,150101206_,Светильники и лампы,1.0
IEK,150101207_,Светильники и лампы,1.0
IEK,150101208_,Светильники и лампы,1.0
IEK,150101209_,Светильники и лампы,1.0
IEK,150101210_,Светильники и лампы,1.0
IEK,150101211_,Светильники и лампы,1.0
IEK,150101212_,Светильники и лампы,1.0
IEK,150101213_,"Контакторы, пускатели, управление",0.2787
IEK,151000059_,"Шины, клеммы, изоляторы",0.6483
IEK,151000061_,"Шины, клеммы, изоляторы",0.9097
IEK,151000070_,УЗО и дифавтоматы,0.3663
IEK,151000071_,"Трубы, кабель-каналы, лотки",0.2528
IEK,151000082_,УЗО и дифавтоматы,0.3256
IEK,151000083_,УЗО и дифавтоматы,0.3938
IEK,151000084_,УЗО и дифавтоматы,0.4089
IEK,151000137_,"Шины, клеммы, изоляторы",0.2532
IEK,151000175_,"Шины, клеммы, изоляторы",0.1614
IEK,151000369_,"Кабель, провод, СКС",0.3063
IEK,151000553_,"Кабель, провод, СКС",0.3419
IEK,151000555_,"Кабель, провод, СКС",0.2638
IEK,151000556_,"Кабель, провод, СКС",0.252
IEK,151000558_,Коробки установочные,0.522
IEK,151000601_,"Кабель, провод, СКС",0.4213
IEK,151000606_,"Кабель, провод, СКС",0.2128
IEK,151000691_,"Кабель, провод, СКС",0.3225
IEK,151000692_,"Кабель, провод, СКС",0.3495
IEK,151000693_,"Кабель, провод, СКС",0.339
IEK,151000698_,"Кабель, провод, СКС",0.4368
IEK,151000732_,"Кабель, провод, СКС",0.2499
IEK,151000733_,"Кабель, провод, СКС",0.2395
IEK,151000734_,"Кабель, провод, СКС",0.2412
IEK,151000774_,Измерения и инструмент,0.9842
IEK,151000783_,Измерения и инструмент,0.9547
IEK,151300040_,Светильники и лампы,0.9965
IEK,151300041_,Светильники и лампы,1.0
IEK,151300042_,Измерения и инструмент,0.5585
IEK,200400001_,"Кабель, провод, СКС",0.609
IEK,200400002_,"Кабель, провод, СКС",0.5015
IEK,200400003_,"Кабель, провод, СКС",0.6429
IEK,200400004_,"Кабель, провод, СКС",0.5198
IEK,200400007_,"Кабель, провод, СКС",0.2394
IEK,200400009_,Розетки и выключатели,0.9135
IEK,200400010_,Щиты и боксы,0.4966
IEK,200400011_,Розетки и выключатели,0.8608
IEK,200400014_,"Кабель, провод, СКС",0.405
IEK,200400015_,Розетки и выключатели,0.9323
IEK,200400016_,"Контакторы, пускатели, управление",0.6386
IEK,200400017_,"Контакторы, пускатели, управление",0.4831
IEK,200400018_,"Контакторы, пускатели, управление",0.6773
IEK,200400019_,"Кабель, провод, СКС",0.4214
IEK,200400020_,"Кабель, провод, СКС",0.4897
IEK,200400021_,"Кабель, провод, СКС",0.4655
IEK,200400022_,"Кабель, провод, СКС",0.4893
IEK,200400023_,Розетки и выключатели,0.5562
IEK,200400024_,Розетки и выключатели,0.786
IEK,200400025_,Розетки и выключатели,0.9282
IEK,200400026_,Розетки и выключатели,0.4951
IEK,200400027_,"Трубы, кабель-каналы, лотки",0.3286
IEK,200400028_,"Трубы, кабель-каналы, лотки",0.2335
IEK,200400029_,"Кабель, провод, СКС",0.7254
IEK,200400030_,"Кабель, провод, СКС",0.7428
IEK,200400032_,Автоматы и предохранители,0.2344
IEK,200400034_,Измерения и инструмент,0.8402
IEK,200400048_,"Трубы, кабель-каналы, лотки",0.4947
IEK,200400050_,"Контакторы, пускатели, управление",0.7599
IEK,200400085_,"Трубы, кабель-каналы, лотки",0.1937
IEK,200400101_,Розетки и выключатели,0.4898
IEK,200400104_,Измерения и инструмент,0.4166
IEK,200400166_,"Трубы, кабель-каналы, лотки",0.3994
IEK,200400249_,"Трубы, кабель-каналы, лотки",0.7778
IEK,200400250_,Щиты и боксы,0.1986
IEK,200400259_,"Трубы, кабель-каналы, лотки",0.2406
IEK,200400264_,Измерения и инструмент,0.2762
IEK,200400329_,Измерения и инструмент,0.666
IEK,200400330_,"Трубы, кабель-каналы, лотки",0.7497
IEK,201000015_,"Кабель, провод, СКС",0.3885
IEK,201000017_,"Кабель, провод, СКС",0.3666
IEK,201000018_,"Кабель, провод, СКС",0.4283
IEK,201000019_,"Кабель, провод, СКС",0.4425
IEK,201000020_,"Кабель, провод, СКС",0.4092
IEK,201000021_,"Кабель, провод, СКС",0.4069
IEK,201000022_,"Кабель, провод, СКС",0.4094
IEK,220400107_,"Кабель, провод, СКС",0.5617
IEK,240100002_,Измерения и инструмент,0.9686
IEK,240100003_,Измерения и инструмент,0.926
IEK,240100004_,Измерения и инструмент,0.9288
IEK,240100005_,Измерения и инструмент,0.8828
IEK,240100006_,Измерения и инструмент,0.8622
IEK,240100007_,Измерения и инструмент,0.8921
IEK,240100011_,Измерения и инструмент,0.918
IEK,240100012_,Измерения и инструмент,0.8918
IEK,240100013_,Измерения и инструмент,0.8317
IEK,240100016_,Измерения и инструмент,0.6288
IEK,240100020_,Измерения и инструмент,0.3949
IEK,240100025_,Измерения и инструмент,0.4985
IEK,240100026_,Измерения и инструмент,0.926
IEK,240100027_,Измерения и инструмент,0.9281
IEK,240100028_,Измерения и инструмент,0.966
IEK,240100029_,Измерения и инструмент,0.9656
IEK,240100052_,Измерения и инструмент,0.2068
IEK,240100053_,"Кабель, провод, СКС",0.1975
IEK,240100054_,"Кабель, провод, СКС",0.2162
IEK,240100090_,"Кабель, провод, СКС",0.3354
IEK,240100091_,"Кабель, провод, СКС",0.2227
IEK,240100092_,"Кабель, провод, СКС",0.1953
IEK,240100093_,"Кабель, провод, СКС",0.2002
IEK,240100094_,"Кабель, провод, СКС",0.2121
IEK,240100095_,"Кабель, провод, СКС",0.2936
IEK,240100096_,"Кабель, провод, СКС",0.3199
IEK,240100097_,"Кабель, провод, СКС",0.3379
IEK,240100106_,Измерения и инструмент,0.9489
IEK,240100107_,Измерения и инструмент,0.8596
IEK,240100109_,Щиты и боксы,0.4511
IEK,240100110_,Щиты и боксы,0.4895
IEK,240100111_,"Кабель, провод, СКС",0.3459
IEK,240100112_,Щиты и боксы,0.267
IEK,240100185_,Измерения и инструмент,0.9386
IEK,240100208_,Щиты и боксы,0.2136
IEK,240100209_,"Кабель, провод, СКС",0.3687
IEK,240200003_,"Кабель, провод, СКС",0.416
IEK,240200007_,"Кабель, провод, СКС",0.388
IEK,240200011_,"Кабель, провод, СКС",0.3918
IEK,240200012_,"Кабель, провод, СКС",0.2944
IEK,240200014_,"Кабель, провод, СКС",0.3673
IEK,240200017_,"Кабель, провод, СКС",0.3578
IEK,240200029_,Измерения и инструмент,0.2813
IEK,240200031_,"Кабель, провод, СКС",0.3177
IEK,240200032_,"Кабель, провод, СКС",0.3284
IEK,240300013_,"Трубы, кабель-каналы, лотки",0.2762
IEK,240300014_,"Трубы, кабель-каналы, лотки",0.2842
IEK,240300015_,"Трубы, кабель-каналы, лотки",0.2834
IEK,240300016_,"Трубы, кабель-каналы, лотки",0.2656
IEK,240300017_,"Трубы, кабель-каналы, лотки",0.2596
IEK,240300018_,"Трубы, кабель-каналы, лотки",0.2675
IEK,240300019_,"Трубы, кабель-каналы, лотки",0.251
IEK,240300020_,"Трубы, кабель-каналы, лотки",0.247
IEK,240300027_,"Трубы, кабель-каналы, лотки",0.2732
IEK,240300033_,"Кабель, провод, СКС",0.2759
IEK,240300034_,"Кабель, провод, СКС",0.2818
IEK,240300035_,"Трубы, кабель-каналы, лотки",0.2912
IEK,240300050_,"Кабель, провод, СКС",0.2864
IEK,240300051_,"Кабель, провод, СКС",0.2893
IEK,240300052_,"Кабель, провод, СКС",0.2844
IEK,240300053_,"Кабель, провод, СКС",0.2802
IEK,240300054_,"Кабель, провод, СКС",0.2788
IEK,240300055_,"Кабель, провод, СКС",0.2878
IEK,240300056_,"Кабель, провод, СКС",0.2922
IEK,240300057_,"Кабель, провод, СКС",0.2805
IEK,240300058_,"Трубы, кабель-каналы, лотки",0.2904
IEK,240300059_,"Кабель, провод, СКС",0.2954
IEK,250200001_,Щиты и боксы,0.2764
IEK,250200002_,"Кабель, провод, СКС",0.2322
IEK,250200003_,"Кабель, провод, СКС",0.2376
IEK,250200004_,"Кабель, провод, СКС",0.2826
IEK,250200005_,Щиты и боксы,0.6625
IEK,250200006_,Щиты и боксы,0.2892
IEK,250200007_,"Трубы, кабель-каналы, лотки",0.2489
IEK,250200008_,"Кабель, провод, СКС",0.2392
IEK,250200009_,УЗО и дифавтоматы,0.2523
IEK,250200010_,Щиты и боксы,0.346
IEK,250200011_,Щиты и боксы,0.4108
IEK,250200012_,Щиты и боксы,0.3236
IEK,250200014_,Щиты и боксы,0.412
IEK,250200015_,Щиты и боксы,0.4118
IEK,250200016_,Щиты и боксы,0.4136
IEK,250200017_,Щиты и боксы,0.4822
IEK,250200018_,Щиты и боксы,0.491
IEK,250200019_,Щиты и боксы,0.4342
IEK,250200020_,Щиты и боксы,0.5628
IEK,250200023_,Щиты и боксы,0.6106
IEK,250200025_,Измерения и инструмент,0.8522
IEK,250200026_,Измерения и инструмент,0.6438
IEK,250200027_,Измерения и инструмент,0.3941
IEK,250200028_,Щиты и боксы,0.3575
IEK,250200029_,"Кабель, провод, СКС",0.5921
IEK,250200031_,"Трубы, кабель-каналы, лотки",0.2591
IEK,250200032_,Щиты и боксы,0.4643
IEK,250200037_,"Кабель, провод, СКС",0.278
IEK,250200041_,"Кабель, провод, СКС",0.3287
IEK,250200042_,"Кабель, провод, СКС",0.3502
IEK,250200044_,Щиты и боксы,0.2884
IEK,250200047_,Щиты и боксы,0.4807
IEK,250200050_,"Кабель, провод, СКС",0.2975
IEK,250200051_,"Кабель, провод, СКС",0.2886
IEK,250200052_,Щиты и боксы,0.3089
IEK,250200054_,УЗО и дифавтоматы,0.2431
IEK,250200060_,УЗО и дифавтоматы,0.2588
IEK,250200061_,Щиты и боксы,0.3243
IEK,250200077_,Щиты и боксы,0.3756
IEK,250200078_,Щиты и боксы,0.664
IEK,250200106_,Щиты и боксы,0.4625
IEK,250600001_,Измерения и инструмент,0.5874
IEK,250600002_,Измерения и инструмент,0.5685
IEK,250600003_,Измерения и инструмент,0.6094
IEK,250600004_,Измерения и инструмент,0.5594
IEK,250600005_,Измерения и инструмент,0.5719
IEK,250600006_,Измерения и инструмент,0.4873
IEK,250600007,Измерения и инструмент,0.3144
IEK,250600007_,Измерения и инструмент,0.5366
IEK,250600008_,Измерения и инструмент,0.5119
IEK,250600009_,Измерения и инструмент,0.5729
IEK,250600010_,Измерения и инструмент,0.5265
IEK,250600011_,Измерения и инструмент,0.434
IEK,250600012_,Измерения и инструмент,0.5453
IEK,250600013_,"Кабель, провод, СКС",0.5233
IEK,250600014_,"Кабель, провод, СКС",0.5269
IEK,250600015_,"Кабель, провод, СКС",0.5499
IEK,250600020_,Измерения и инструмент,0.5167
IEK,250600021_,Измерения и инструмент,0.4913
IEK,250600030_,"Кабель, провод, СКС",0.5148
IEK,250600034_,Щиты и боксы,0.4323
IEK,250600039_,"Трубы, кабель-каналы, лотки",0.3739
IEK,250600041_,"Трубы, кабель-каналы, лотки",0.5036
IEK,250600050_,"Кабель, провод, СКС",0.447
IEK,250600051_,"Кабель, провод, СКС",0.3617
IEK,250600053_,Измерения и инструмент,0.3944
IEK,250600054_,Измерения и инструмент,0.3778
IEK,250600055_,Измерения и инструмент,0.4575
IEK,250600056_,Измерения и инструмент,0.3909
IEK,250600057_,Измерения и инструмент,0.4378
IEK,250600058_,Измерения и инструмент,0.4254
IEK,250600059_,Измерения и инструмент,0.4867
IEK,250600063_,Розетки и выключатели,0.5979
IEK,250600087_,Щиты и боксы,0.8183
IEK,250600115_,Измерения и инструмент,0.6
IEK,250600116_,Измерения и инструмент,0.5649
IEK,250600117_,Измерения и инструмент,0.5417
IEK,250600129_,Щиты и боксы,0.2648
IEK,250600130_,Щиты и боксы,0.3506
IEK,250600131_,Щиты и боксы,0.2657
IEK,250600132_,Щиты и боксы,0.354
IEK,250600150_,Измерения и инструмент,0.7314
IEK,250600152_,Измерения и инструмент,0.4793
IEK,250600173_,"Кабель, провод, СКС",0.262
IEK,250600174_,"Кабель, провод, СКС",0.3739
IEK,250600175_,"Кабель, провод, СКС",0.3755
IEK,250600176_,"Кабель, провод, СКС",0.3811
IEK,250600177_,"Кабель, провод, СКС",0.3455
IEK,250600178_,"Кабель, провод, СКС",0.2642
IEK,250600179_,"Кабель, провод, СКС",0.3334
IEK,250600180_,"Кабель, провод, СКС",0.3153
IEK,250600181_,"Кабель, провод, СКС",0.3994
IEK,250600182_,"Кабель, провод, СКС",0.4245
IEK,250600183_,"Кабель, провод, СКС",0.3667
IEK,250600184_,"Кабель, провод, СКС",0.385
IEK,250600185_,"Кабель, провод, СКС",0.2814
IEK,250600186_,"Кабель, провод, СКС",0.3254
IEK,250600187_,Щиты и боксы,0.3651
IEK,250600244_,"Кабель, провод, СКС",0.1911
IEK,250600250_,"Трубы, кабель-каналы, лотки",0.4924
IEK,250600252_,Коробки установочные,0.3974
IEK,250600271_,Щиты и боксы,0.429
IEK,250600275_,Щиты и боксы,0.3969
IEK,250600276_,Щиты и боксы,0.3326
IEK,250600277_,Щиты и боксы,0.4373
IEK,250600278_,Щиты и боксы,0.4674
IEK,250600279_,Щиты и боксы,0.5117
IEK,250600287_,Измерения и инструмент,0.3832
IEK,250600289_,Щиты и боксы,0.3474
IEK,250600290_,Щиты и боксы,0.3779
IEK,250600291_,Щиты и боксы,0.4126
IEK,250600292_,Щиты и боксы,0.5138
IEK,250600293_,Щиты и боксы,0.3831
IEK,250600294_,Щиты и боксы,0.4409
IEK,250600309_,Щиты и боксы,0.9517
IEK,250600310_,Щиты и боксы,0.954
IEK,250600311_,Щиты и боксы,0.9561
IEK,250600312_,Щиты и боксы,0.9543
IEK,250600313_,Щиты и боксы,0.9441
IEK,250600314_,Щиты и боксы,0.9427
IEK,250600315_,Щиты и боксы,0.9459
IEK,250600316_,Щиты и боксы,0.9536
IEK,250600317_,Щиты и боксы,0.9374
IEK,250600318_,Щиты и боксы,0.9411
IEK,251000053_,Щиты и боксы,0.4379
IEK,251400017_,Щиты и боксы,0.2823
IEK,251400019_,"Шины, клеммы, изоляторы",0.3317
IEK,251400020_,Щиты и боксы,0.3383
IEK,251400021_,Щиты и боксы,0.2817
IEK,251400022_,Щиты и боксы,0.2646
IEK,251400023_,"Шины, клеммы, изоляторы",0.2853
IEK,251400024_,"Шины, клеммы, изоляторы",0.2899
IEK,251400025_,Щиты и боксы,0.3007
IEK,251400026_,Щиты и боксы,0.2689
IEK,251400027_,Щиты и боксы,0.3159
IEK,251400028_,"Шины, клеммы, изоляторы",0.2244
IEK,251400029_,"Шины, клеммы, изоляторы",0.2576
IEK,251400030_,"Трубы, кабель-каналы, лотки",0.3378
IEK,251400031_,"Шины, клеммы, изоляторы",0.265
IEK,251400032_,"Шины, клеммы, изоляторы",0.2221
IEK,251400033_,"Трубы, кабель-каналы, лотки",0.2236
IEK,251400034_,"Шины, клеммы, изоляторы",0.2873
IEK,251400035_,"Шины, клеммы, изоляторы",0.269
IEK,251400036_,"Шины, клеммы, изоляторы",0.2789
IEK,251400037_,"Шины, клеммы, изоляторы",0.3153
IEK,251400038_,"Шины, клеммы, изоляторы",0.2837
IEK,251400039_,Щиты и боксы,0.3105
IEK,251400040_,Щиты и боксы,0.3234
IEK,251400041_,"Трубы, кабель-каналы, лотки",0.2977
IEK,251400042_,"Трубы, кабель-каналы, лотки",0.3226
IEK,251400043_,Щиты и боксы,0.3339
IEK,251400044_,"Трубы, кабель-каналы, лотки",0.4308
IEK,251400045_,Измерения и инструмент,0.7703
IEK,251400046_,Измерения и инструмент,0.7369
IEK,251400047_,Измерения и инструмент,0.7106
IEK,251400048_,Измерения и инструмент,0.7693
IEK,251400049_,Измерения и инструмент,0.7671
IEK,251400050_,Измерения и инструмент,0.6699
IEK,251400051_,Измерения и инструмент,0.6688
IEK,251400052_,Измерения и инструмент,0.657
IEK,251400053_,Измерения и инструмент,0.7229
IEK,251400054_,Измерения и инструмент,0.6479
IEK,251400055_,Измерения и инструмент,0.6559
IEK,251400056_,Измерения и инструмент,0.6418
IEK,251400057_,Измерения и инструмент,0.5816
IEK,251400058_,Измерения и инструмент,0.5689
IEK,251400059_,Измерения и инструмент,0.5468
IEK,251400060_,Измерения и инструмент,0.5347
IEK,251400061_,Измерения и инструмент,0.5234
IEK,251400062_,Измерения и инструмент,0.551
IEK,251400063_,Измерения и инструмент,0.5478
IEK,251400064_,Измерения и инструмент,0.5335
IEK,251400065_,Щиты и боксы,0.3966
IEK,251400066_,Щиты и боксы,0.5627
IEK,251400067_,Щиты и боксы,0.4361
IEK,251400068_,Щиты и боксы,0.4847
IEK,251400069_,Щиты и боксы,0.4071
IEK,251400070_,Щиты и боксы,0.5966
IEK,251400071_,Щиты и боксы,0.5036
IEK,251400072_,Щиты и боксы,0.3418
IEK,251400073_,Щиты и боксы,0.6677
IEK,251400074_,Щиты и боксы,0.4207
IEK,251400075_,Щиты и боксы,0.3546
IEK,251400076_,Щиты и боксы,0.3467
IEK,251400077_,Щиты и боксы,0.544
IEK,251400078_,Щиты и боксы,0.4477
IEK,251400079_,Щиты и боксы,0.4948
IEK,251400080_,Щиты и боксы,0.4366
IEK,251400081_,Щиты и боксы,0.4538
IEK,251400082_,Щиты и боксы,0.3756
IEK,251400083_,Щиты и боксы,0.6518
IEK,251400084_,Щиты и боксы,0.501
IEK,251400085_,Щиты и боксы,0.5157
IEK,251400086_,Щиты и боксы,0.5533
IEK,251400087_,Щиты и боксы,0.4841
IEK,251400088_,Щиты и боксы,0.6393
IEK,251400089_,Щиты и боксы,0.3516
IEK,251400090_,Щиты и боксы,0.6239
IEK,251400091_,Щиты и боксы,0.527
IEK,251400092_,Измерения и инструмент,0.3448
IEK,251400093_,Измерения и инструмент,0.3557
IEK,251400094_,Щиты и боксы,0.4898
IEK,251400095_,Щиты и боксы,0.4582
IEK,251400096_,Щиты и боксы,0.4096
IEK,251400097_,Щиты и боксы,0.3556
IEK,251400098_,Щиты и боксы,0.3527
IEK,251400099_,Щиты и боксы,0.3207
IEK,251400100_,Щиты и боксы,0.4037
IEK,251400101_,Щиты и боксы,0.4241
IEK,251400102_,Щиты и боксы,0.4
IEK,251400103_,Щиты и боксы,0.437
IEK,251400104_,Щиты и боксы,0.4158
IEK,251400105_,Щиты и боксы,0.449
IEK,251400106_,Щиты и боксы,0.4733
IEK,251400107_,Измерения и инструмент,0.3932
IEK,251400108_,Измерения и инструмент,0.4333
IEK,251400109_,Щиты и боксы,0.4236
IEK,251400110_,Щиты и боксы,0.3795
IEK,251400111_,Щиты и боксы,0.554
IEK,251400112_,Щиты и боксы,0.4951
IEK,251400113_,Щиты и боксы,0.436
IEK,251400114_,Щиты и боксы,0.5211
IEK,251400115_,Щиты и боксы,0.484
IEK,251400116_,Щиты и боксы,0.3319
IEK,251400117_,Щиты и боксы,0.3599
IEK,251400118_,Щиты и боксы,0.4352
IEK,251400119_,Щиты и боксы,0.4191
IEK,251400120_,Щиты и боксы,0.4397
IEK,251400121_,Щиты и боксы,0.4288
IEK,251400122_,Щиты и боксы,0.3861
IEK,251400123_,Щиты и боксы,0.3634
IEK,251400124_,Щиты и боксы,0.3564
IEK,251400125_,Измерения и инструмент,0.364
IEK,251400126_,Щиты и боксы,0.5081
IEK,251400127_,Щиты и боксы,0.4686
IEK,251400128_,Щиты и боксы,0.4433
IEK,251400129_,Щиты и боксы,0.469
IEK,251400130_,Щиты и боксы,0.4263
IEK,251400131_,Щиты и боксы,0.3964
IEK,251400132_,Щиты и боксы,0.3519
IEK,251400133_,Щиты и боксы,0.3554
IEK,251400134_,Измерения и инструмент,0.3566
IEK,251400135_,Щиты и боксы,0.3605
IEK,251400136_,Измерения и инструмент,0.3516
IEK,251400137_,Щиты и боксы,0.2725
IEK,251400138_,Щиты и боксы,0.2717
IEK,251400139_,"Трубы, кабель-каналы, лотки",0.2444
IEK,251400140_,"Шины, клеммы, изоляторы",0.8158
IEK,251400141_,"Шины, клеммы, изоляторы",0.8636
IEK,251400142_,"Шины, клеммы, изоляторы",0.8125
IEK,251400143_,Щиты и боксы,0.2885
IEK,251400144_,Щиты и боксы,0.4869
IEK,251400145_,Щиты и боксы,0.4324
IEK,251400146_,Щиты и боксы,0.499
IEK,251400147_,Щиты и боксы,0.6516
IEK,251400148_,Щиты и боксы,0.4425
IEK,260100138_,Щиты и боксы,0.4806
IEK,260100140_,Щиты и боксы,0.446
IEK,260100153_,Щиты и боксы,0.4849
IEK,260100154_,Щиты и боксы,0.3921
IEK,260100155_,Щиты и боксы,0.4569
IEK,260100157_,Щиты и боксы,0.4259
IEK,260100158_,Щиты и боксы,0.3199
IEK,260100165_,Щиты и боксы,0.4087
IEK,260100167_,Щиты и боксы,0.3896
IEK,260100168_,Щиты и боксы,0.3908
IEK,260100169_,Щиты и боксы,0.5052
IEK,260100172_,Щиты и боксы,0.3189
IEK,270100211_,"Трубы, кабель-каналы, лотки",0.6552
IEK,270100212_,"Трубы, кабель-каналы, лотки",0.5655
IEK,270100213_,"Трубы, кабель-каналы, лотки",0.5257
IEK,270100214_,"Трубы, кабель-каналы, лотки",0.6688
IEK,270100215_,"Трубы, кабель-каналы, лотки",0.5337
IEK,270100217_,"Трубы, кабель-каналы, лотки",0.7686
IEK,270100218_,"Трубы, кабель-каналы, лотки",0.5085
IEK,270100219_,"Трубы, кабель-каналы, лотки",0.5907
IEK,270100221_,"Трубы, кабель-каналы, лотки",0.6116
IEK,270100223_,"Трубы, кабель-каналы, лотки",0.4951
IEK,270200027_,УЗО и дифавтоматы,0.5172
IEK,270200048_,Автоматы и предохранители,0.5731
IEK,270200056_,Автоматы и предохранители,0.4654
IEK,270200057_,УЗО и дифавтоматы,0.4616
IEK,270200058_,Автоматы и предохранители,0.4438
IEK,270200059_,Автоматы и предохранители,0.541
IEK,270200063_,УЗО и дифавтоматы,0.4496
IEK,270200075_,УЗО и дифавтоматы,0.5446
IEK,270200099_,УЗО и дифавтоматы,0.5235
IEK,270200100_,УЗО и дифавтоматы,0.4253
IEK,270200101_,УЗО и дифавтоматы,0.5325
IEK,270200102_,УЗО и дифавтоматы,0.5335
IEK,270200114_,УЗО и дифавтоматы,0.5384
IEK,270200120_,УЗО и дифавтоматы,0.4498
IEK,270200129_,УЗО и дифавтоматы,0.506
IEK,270200130_,УЗО и дифавтоматы,0.5212
IEK,270200131_,УЗО и дифавтоматы,0.5253
IEK,270200132_,УЗО и дифавтоматы,0.5212
IEK,270200142_,УЗО и дифавтоматы,0.5126
IEK,270200143_,УЗО и дифавтоматы,0.5128
IEK,270300001_,Щиты и боксы,0.7622
IEK,270300002_,Щиты и боксы,0.801
IEK,270300003_,Щиты и боксы,0.7793
IEK,270300004_,Щиты и боксы,0.8053
IEK,270300007_,Щиты и боксы,0.7824
IEK,270300021_,Измерения и инструмент,0.4713
IEK,270300025_,Измерения и инструмент,0.4417
IEK,270300030_,Измерения и инструмент,0.377
IEK,270300035_,Измерения и инструмент,0.4247
IEK,270300078_,"Трубы, кабель-каналы, лотки",0.5465
IEK,270300079_,"Трубы, кабель-каналы, лотки",0.695
IEK,270300098_,Измерения и инструмент,0.353
IEK,270300099_,Измерения и инструмент,0.3717
IEK,270300100_,Измерения и инструмент,0.3704
IEK,270300101_,Измерения и инструмент,0.3985
IEK,270300105_,"Трубы, кабель-каналы, лотки",0.5012
IEK,270300106_,Измерения и инструмент,0.5054
IEK,270300112_,Измерения и инструмент,0.3152
IEK,270300113_,Измерения и инструмент,0.4236
IEK,270300130_,Измерения и инструмент,0.3962
IEK,270300132_,Измерения и инструмент,0.397
IEK,270300133_,"Кабель, провод, СКС",0.8046
IEK,270300134_,"Кабель, провод, СКС",0.5152
IEK,270300150_,"Трубы, кабель-каналы, лотки",0.5521
IEK,270300151_,"Трубы, кабель-каналы, лотки",0.5988
IEK,270300153_,"Трубы, кабель-каналы, лотки",0.461
IEK,270300184_,Измерения и инструмент,0.4145
IEK,270300200_,"Трубы, кабель-каналы, лотки",0.6677
IEK,270300212_,Светильники и лампы,0.3687
IEK,270300217_,Измерения и инструмент,0.4645
IEK,270300221_,Светильники и лампы,0.3108
IEK,270300222_,Розетки и выключатели,0.2464
IEK,270300224_,Светильники и лампы,0.3528
IEK,270300231_,Светильники и лампы,0.3787
IEK,270300234_,Измерения и инструмент,0.4437
IEK,270300244_,Светильники и лампы,0.3589
IEK,270300251_,Щиты и боксы,0.7889
IEK,270300253_,Щиты и боксы,0.7853
IEK,270300254_,Щиты и боксы,0.7943
IEK,270300259_,Светильники и лампы,0.315
IEK,270300260_,Светильники и лампы,0.5556
IEK,270300261_,Светильники и лампы,0.3563
IEK,270300262_,Светильники и лампы,0.3706
IEK,270300263_,Светильники и лампы,0.3554
IEK,270300264_,Светильники и лампы,0.3553
IEK,270300265_,Розетки и выключатели,0.2508
IEK,270300266_,Розетки и выключатели,0.229
IEK,270300267_,Светильники и лампы,0.4828
IEK,270300268_,Светильники и лампы,0.4865
IEK,270300269_,Светильники и лампы,0.4881
IEK,270300270_,Светильники и лампы,0.603
IEK,270300271_,Светильники и лампы,0.5985
IEK,270300272_,Светильники и лампы,0.5858
IEK,270300273_,Светильники и лампы,0.55
IEK,270300274_,Светильники и лампы,0.5572
IEK,270300275_,Светильники и лампы,0.5109
IEK,270300276_,Светильники и лампы,0.5461
IEK,270300277_,Светильники и лампы,0.4458
IEK,270300278_,Светильники и лампы,0.4649
IEK,270300279_,Светильники и лампы,0.4668
IEK,270300281_,УЗО и дифавтоматы,0.4001
IEK,270300282_,УЗО и дифавтоматы,0.3535
IEK,270300283_,УЗО и дифавтоматы,0.3315
IEK,270300284_,Светильники и лампы,0.3709
IEK,270300285_,Светильники и лампы,0.4348
IEK,270300286_,Светильники и лампы,0.3834
IEK,270300287_,Светильники и лампы,0.3806
IEK,270300288_,Светильники и лампы,0.3683
IEK,270300289_,Светильники и лампы,0.407
IEK,270300290_,Светильники и лампы,0.4949
IEK,270300291_,Светильники и лампы,0.4103
IEK,270300292_,Светильники и лампы,0.4535
IEK,270300293_,Светильники и лампы,0.4767
IEK,270300295_,Розетки и выключатели,0.4157
IEK,270300296_,Розетки и выключатели,0.4012
IEK,270300297_,Розетки и выключатели,0.3869
IEK,270300298_,Розетки и выключатели,0.4152
IEK,270300299_,Измерения и инструмент,0.3865
IEK,270300300_,"Кабель, провод, СКС",0.3915
IEK,270300301_,"Кабель, провод, СКС",0.2722
IEK,270300302_,Измерения и инструмент,0.3988
IEK,270300303_,"Кабель, провод, СКС",0.2547
IEK,270300304_,Измерения и инструмент,0.8034
IEK,270300305_,"Кабель, провод, СКС",0.3442
IEK,270300307_,"Кабель, провод, СКС",0.2984
IEK,270400021_,Светильники и лампы,0.9665
IEK,270400022_,Светильники и лампы,0.9576
IEK,270400035_,"Кабель, провод, СКС",0.2923
IEK,270400043_,Светильники и лампы,0.3337
IEK,270400046_,"Кабель, провод, СКС",0.2976
IEK,270400047_,"Кабель, провод, СКС",0.2967
IEK,280100001_,"Трубы, кабель-каналы, лотки",0.7287
IEK,280100002_,"Трубы, кабель-каналы, лотки",0.6068
IEK,280100003_,"Трубы, кабель-каналы, лотки",0.8671
IEK,280100004_,"Трубы, кабель-каналы, лотки",0.8118
IEK,280100005_,"Трубы, кабель-каналы, лотки",0.7206
IEK,280100006_,"Трубы, кабель-каналы, лотки",0.7677
IEK,280100007_,"Трубы, кабель-каналы, лотки",0.832
IEK,280100009_,"Трубы, кабель-каналы, лотки",0.7228
IEK,280100010_,"Трубы, кабель-каналы, лотки",0.8704
IEK,280100011_,"Трубы, кабель-каналы, лотки",0.7618
IEK,280100012_,"Трубы, кабель-каналы, лотки",0.7654
IEK,280100013_,"Трубы, кабель-каналы, лотки",0.6789
IEK,280100014_,"Трубы, кабель-каналы, лотки",0.8052
IEK,280100015_,"Трубы, кабель-каналы, лотки",0.7186
IEK,280100016_,"Трубы, кабель-каналы, лотки",0.7529
IEK,280100020_,"Трубы, кабель-каналы, лотки",0.6105
IEK,280100103_,"Трубы, кабель-каналы, лотки",0.9548
IEK,280100116_,Измерения и инструмент,0.7898
IEK,280100117_,Измерения и инструмент,0.8127
IEK,280100118_,"Шины, клеммы, изоляторы",0.6662
IEK,280100119_,Розетки и выключатели,0.8552
IEK,280100120_,Розетки и выключатели,0.9535
IEK,280100121_,Розетки и выключатели,0.4776
IEK,280100122_,Измерения и инструмент,0.9009
IEK,280100123_,Измерения и инструмент,0.9272
IEK,280100124_,Измерения и инструмент,0.8651
IEK,280100125_,Измерения и инструмент,0.8941
IEK,280100126_,Измерения и инструмент,0.2854
IEK,280100127_,"Шины, клеммы, изоляторы",0.299
IEK,280100128_,"Кабель, провод, СКС",0.2893
IEK,280100129_,Розетки и выключатели,1.0
IEK,280100130_,Розетки и выключатели,1.0
IEK,280100131_,Розетки и выключатели,0.9989
IEK,280100132_,Розетки и выключатели,0.9986
IEK,280100133_,Розетки и выключатели,0.9939
IEK,280100134_,Измерения и инструмент,0.6098
IEK,280100135_,Измерения и инструмент,0.9786
IEK,280100136_,Измерения и инструмент,0.9466
IEK,280100137_,"Кабель, провод, СКС",0.1985
IEK,280100138_,"Кабель, провод, СКС",0.2095
IEK,280100139_,Измерения и инструмент,0.3556
IEK,280100140_,Измерения и инструмент,0.346
IEK,280100141_,Щиты и боксы,0.9324
IEK,280100162_,"Трубы, кабель-каналы, лотки",0.7382
IEK,280100240_,"Трубы, кабель-каналы, лотки",0.9897
IEK,280100293_,Измерения и инструмент,0.7263
IEK,280100294_,"Кабель, провод, СКС",0.2208
IEK,280100295_,"Кабель, провод, СКС",0.2046
IEK,280100296_,Измерения и инструмент,0.8314
IEK,280100297_,"Кабель, провод, СКС",0.2333
IEK,280100298_,Измерения и инструмент,0.3535
IEK,280100299_,"Кабель, провод, СКС",0.2688
IEK,280100300_,"Трубы, кабель-каналы, лотки",0.2627
IEK,280100301_,"Трубы, кабель-каналы, лотки",0.2387
IEK,280100302_,Измерения и инструмент,0.5501
IEK,280100303_,Измерения и инструмент,0.2
IEK,280100304_,"Кабель, провод, СКС",0.1782
IEK,280100305_,Измерения и инструмент,0.1814
IEK,280100306_,"Кабель, провод, СКС",0.1826
IEK,280100307_,"Шины, клеммы, изоляторы",0.4773
IEK,280100308_,"Шины, клеммы, изоляторы",0.6051
IEK,280100309_,"Шины, клеммы, изоляторы",0.6096
IEK,280100310_,"Шины, клеммы, изоляторы",0.6752
IEK,280100311_,Измерения и инструмент,0.7351
IEK,280100312_,"Шины, клеммы, изоляторы",0.4943
IEK,280100313_,"Шины, клеммы, изоляторы",0.7902
IEK,280100314_,"Шины, клеммы, изоляторы",0.8202
IEK,280100336_,"Трубы, кабель-каналы, лотки",0.9389
IEK,280100337_,"Трубы, кабель-каналы, лотки",0.9377
IEK,280100338_,"Трубы, кабель-каналы, лотки",0.9582
IEK,280100339_,"Трубы, кабель-каналы, лотки",0.992
IEK,280100340_,"Трубы, кабель-каналы, лотки",0.9759
IEK,280100341_,"Трубы, кабель-каналы, лотки",0.98
IEK,280100342_,"Трубы, кабель-каналы, лотки",0.9786
IEK,280100343_,"Трубы, кабель-каналы, лотки",0.9872
IEK,280100344_,"Трубы, кабель-каналы, лотки",0.987
IEK,280100345_,"Трубы, кабель-каналы, лотки",0.2677
IEK,280100346_,"Трубы, кабель-каналы, лотки",0.3208
IEK,280100347_,"Трубы, кабель-каналы, лотки",0.2652
IEK,280100348_,"Трубы, кабель-каналы, лотки",0.3171
IEK,280100349_,Измерения и инструмент,0.6834
IEK,280100350_,Измерения и инструмент,0.6095
IEK,280100351_,Измерения и инструмент,0.4707
IEK,280100352_,Измерения и инструмент,0.485
IEK,280100353_,"Шины, клеммы, изоляторы",0.6606
IEK,280100354_,"Шины, клеммы, изоляторы",0.7114
IEK,280100355_,"Шины, клеммы, изоляторы",0.7007
IEK,280100356_,"Шины, клеммы, изоляторы",0.6972
IEK,280100357_,Прочее,0.1636
IEK,280100358_,Измерения и инструмент,0.173
IEK,280100359_,"Кабель, провод, СКС",0.1607
IEK,280100360_,Измерения и инструмент,0.1582
IEK,280100361_,"Шины, клеммы, изоляторы",0.5765
IEK,280100362_,"Шины, клеммы, изоляторы",0.6355
IEK,280100363_,"Шины, клеммы, изоляторы",0.6256
IEK,280100364_,"Шины, клеммы, изоляторы",0.6547
IEK,280100365_,"Кабель, провод, СКС",0.3048
IEK,280100366_,"Кабель, провод, СКС",0.264
IEK,280100367_,"Кабель, провод, СКС",0.302
IEK,280100368_,"Кабель, провод, СКС",0.303
IEK,280100369_,"Кабель, провод, СКС",0.1845
IEK,280100370_,Прочее,0.1697
IEK,280100371_,"Кабель, провод, СКС",0.2064
IEK,280100372_,"Кабель, провод, СКС",0.1906
IEK,280100373_,"Трубы, кабель-каналы, лотки",0.9698
IEK,280100374_,"Трубы, кабель-каналы, лотки",0.9465
IEK,280100375_,"Трубы, кабель-каналы, лотки",0.9615
IEK,280100376_,"Трубы, кабель-каналы, лотки",0.9264
IEK,280100377_,"Трубы, кабель-каналы, лотки",0.9636
IEK,280100378_,"Трубы, кабель-каналы, лотки",0.9595
IEK,280100379_,"Трубы, кабель-каналы, лотки",0.9618
IEK,280100380_,"Кабель, провод, СКС",0.2515
IEK,280100381_,"Кабель, провод, СКС",0.2431
IEK,280100382_,"Кабель, провод, СКС",0.2559
IEK,280100383_,"Кабель, провод, СКС",0.2674
IEK,280100384_,Измерения и инструмент,0.7491
IEK,280100385_,Измерения и инструмент,0.715
IEK,280100386_,Измерения и инструмент,0.5765
IEK,280100387_,Измерения и инструмент,0.6053
IEK,280100388_,"Шины, клеммы, изоляторы",0.3886
IEK,280100389_,"Шины, клеммы, изоляторы",0.5246
IEK,280100390_,"Шины, клеммы, изоляторы",0.5602
IEK,280100391_,"Шины, клеммы, изоляторы",0.5804
IEK,280100392_,"Шины, клеммы, изоляторы",0.5715
IEK,280100393_,Измерения и инструмент,0.3837
IEK,280100394_,Измерения и инструмент,0.3421
IEK,280100395_,"Кабель, провод, СКС",0.2469
IEK,280100396_,"Кабель, провод, СКС",0.2298
IEK,280100397_,"Шины, клеммы, изоляторы",0.8584
IEK,280100398_,"Шины, клеммы, изоляторы",0.8596
IEK,280100399_,"Шины, клеммы, изоляторы",0.856
IEK,280100400_,"Шины, клеммы, изоляторы",0.8414
IEK,280100401_,"Трубы, кабель-каналы, лотки",0.9217
IEK,280100402_,"Трубы, кабель-каналы, лотки",0.9025
IEK,280100403_,"Трубы, кабель-каналы, лотки",0.8661
IEK,280100404_,"Трубы, кабель-каналы, лотки",0.8261
IEK,280100405_,"Трубы, кабель-каналы, лотки",0.9087
IEK,280100406_,"Трубы, кабель-каналы, лотки",0.8545
IEK,280100407_,"Трубы, кабель-каналы, лотки",0.8769
IEK,280100408_,"Трубы, кабель-каналы, лотки",0.9389
IEK,280100409_,"Трубы, кабель-каналы, лотки",0.9416
IEK,280100410_,"Трубы, кабель-каналы, лотки",0.9019
IEK,280100411_,"Трубы, кабель-каналы, лотки",0.9193
IEK,280100412_,"Трубы, кабель-каналы, лотки",0.9086
IEK,280100413_,"Трубы, кабель-каналы, лотки",0.9324
IEK,280100414_,"Трубы, кабель-каналы, лотки",0.9357
IEK,280100415_,"Трубы, кабель-каналы, лотки",0.8856
IEK,280100416_,"Трубы, кабель-каналы, лотки",0.9246
IEK,280100417_,"Трубы, кабель-каналы, лотки",0.8891
IEK,280100418_,"Трубы, кабель-каналы, лотки",0.9161
IEK,280100419_,"Трубы, кабель-каналы, лотки",0.8495
IEK,280100420_,"Трубы, кабель-каналы, лотки",0.3752
IEK,280100421_,"Трубы, кабель-каналы, лотки",0.4104
IEK,280100422_,"Трубы, кабель-каналы, лотки",0.3499
IEK,280100423_,"Трубы, кабель-каналы, лотки",0.41
IEK,280100424_,"Трубы, кабель-каналы, лотки",0.3792
IEK,280100425_,"Трубы, кабель-каналы, лотки",0.3566
IEK,280100426_,"Трубы, кабель-каналы, лотки",0.3252
IEK,280100428_,Измерения и инструмент,0.7523
IEK,280100429_,Измерения и инструмент,0.7177
IEK,280100430_,Измерения и инструмент,0.6488
IEK,280100431_,Измерения и инструмент,0.5862
IEK,280100432_,Измерения и инструмент,0.697
IEK,280100433_,Измерения и инструмент,0.3985
IEK,280100434_,"Шины, клеммы, изоляторы",0.4963
IEK,280100435_,"Шины, клеммы, изоляторы",0.59
IEK,280100437_,"Шины, клеммы, изоляторы",0.6283
IEK,280100438_,"Шины, клеммы, изоляторы",0.6236
IEK,280100439_,"Шины, клеммы, изоляторы",0.5826
IEK,280100440_,"Шины, клеммы, изоляторы",0.6743
IEK,280100441_,Щиты и боксы,0.2608
IEK,280100442_,Щиты и боксы,0.2896
IEK,280100443_,Щиты и боксы,0.2806
IEK,280100444_,Щиты и боксы,0.2852
IEK,280100445_,Щиты и боксы,0.2818
IEK,280100446_,Щиты и боксы,0.271
IEK,280100447_,Щиты и боксы,0.2699
IEK,280100448_,"Шины, клеммы, изоляторы",0.9036
IEK,280100449_,"Шины, клеммы, изоляторы",0.907
IEK,280100450_,"Шины, клеммы, изоляторы",0.9117
IEK,280100451_,"Шины, клеммы, изоляторы",0.9163
IEK,280100452_,"Шины, клеммы, изоляторы",0.9276
IEK,280100453_,"Шины, клеммы, изоляторы",0.9465
IEK,280100454_,"Шины, клеммы, изоляторы",0.9533
IEK,280100455_,Щиты и боксы,0.2687
IEK,280100456_,Щиты и боксы,0.3073
IEK,280100457_,Щиты и боксы,0.2824
IEK,280100458_,Щиты и боксы,0.3118
IEK,280100459_,Щиты и боксы,0.2589
IEK,280100460_,Щиты и боксы,0.2453
IEK,280100461_,Щиты и боксы,0.2259
IEK,280200031_,Измерения и инструмент,0.2722
IEK,280200032_,Измерения и инструмент,0.2657
IEK,280200033_,Измерения и инструмент,0.3913
IEK,280200034_,Измерения и инструмент,0.3483
IEK,280200035_,Щиты и боксы,0.3082
IEK,280200036_,Измерения и инструмент,0.2889
IEK,280200037_,"Кабель, провод, СКС",0.3172
IEK,280200038_,"Кабель, провод, СКС",0.2519
IEK,280200039_,"Кабель, провод, СКС",0.2599
IEK,280200040_,"Кабель, провод, СКС",0.2853
IEK,280200041_,"Кабель, провод, СКС",0.2976
IEK,280200042_,"Кабель, провод, СКС",0.3164
IEK,280200043_,"Шины, клеммы, изоляторы",0.817
IEK,280200044_,"Шины, клеммы, изоляторы",0.8414
IEK,280200045_,"Шины, клеммы, изоляторы",0.8068
IEK,280200046_,"Шины, клеммы, изоляторы",0.797
IEK,280200047_,"Шины, клеммы, изоляторы",0.826
IEK,280200048_,"Шины, клеммы, изоляторы",0.8217
IEK,280200049_,"Шины, клеммы, изоляторы",0.8133
IEK,280200050_,"Кабель, провод, СКС",0.2594
IEK,280200051_,"Кабель, провод, СКС",0.2737
IEK,280200052_,"Кабель, провод, СКС",0.2375
IEK,280200053_,"Кабель, провод, СКС",0.2237
IEK,280200054_,"Кабель, провод, СКС",0.2233
IEK,280200055_,"Кабель, провод, СКС",0.2725
IEK,280200056_,"Кабель, провод, СКС",0.2813
IEK,280200057_,"Кабель, провод, СКС",0.2824
IEK,280200058_,"Шины, клеммы, изоляторы",0.9396
IEK,280200059_,"Шины, клеммы, изоляторы",0.9257
IEK,280200060_,"Шины, клеммы, изоляторы",0.7151
IEK,280200061_,"Шины, клеммы, изоляторы",0.9345
IEK,280200062_,"Шины, клеммы, изоляторы",0.9097
IEK,280200063_,"Шины, клеммы, изоляторы",0.9365
IEK,280200064_,"Шины, клеммы, изоляторы",0.9582
IEK,280200065_,"Шины, клеммы, изоляторы",0.9549
IEK,280200066_,Измерения и инструмент,0.8211
IEK,280200067_,"Кабель, провод, СКС",0.1978
IEK,280200068_,Измерения и инструмент,0.8474
IEK,280200069_,Щиты и боксы,0.2487
IEK,280200070_,Щиты и боксы,0.2372
IEK,280200071_,Измерения и инструмент,0.2259
IEK,280200072_,Щиты и боксы,0.2152
IEK,280200073_,"Кабель, провод, СКС",0.201
IEK,280200080_,"Шины, клеммы, изоляторы",0.8528
IEK,280200081_,"Шины, клеммы, изоляторы",0.8277
IEK,280200082_,"Кабель, провод, СКС",0.2779
IEK,280200083_,"Шины, клеммы, изоляторы",0.9558
IEK,280200084_,Щиты и боксы,0.2414
IEK,280200085_,Измерения и инструмент,0.2625
IEK,280200086_,"Кабель, провод, СКС",0.2399
IEK,280200087_,Измерения и инструмент,0.3847
IEK,280200088_,Измерения и инструмент,0.3184
IEK,280200108_,Измерения и инструмент,0.2688
IEK,280200109_,"Кабель, провод, СКС",0.3093
IEK,280200166_,Измерения и инструмент,0.807
IEK,280200167_,Измерения и инструмент,0.8602
IEK,280200252_,"Трубы, кабель-каналы, лотки",0.9226
IEK,280200257_,Измерения и инструмент,0.5902
IEK,280300003_,"Кабель, провод, СКС",0.3749
IEK,280300004_,"Кабель, провод, СКС",0.3772
IEK,280300005_,"Шины, клеммы, изоляторы",0.9659
IEK,280300007_,"Шины, клеммы, изоляторы",0.9749
IEK,280300009_,"Шины, клеммы, изоляторы",0.9758
IEK,280300011_,"Шины, клеммы, изоляторы",0.9616
IEK,280300012_,Измерения и инструмент,0.3353
IEK,280300013_,Измерения и инструмент,0.365
IEK,280300017_,Измерения и инструмент,0.2344
IEK,280300020_,"Кабель, провод, СКС",0.3369
IEK,280300021_,Щиты и боксы,0.2799
IEK,280300022_,Щиты и боксы,0.2519
IEK,280300024_,"Кабель, провод, СКС",0.5229
IEK,280300028_,Измерения и инструмент,0.3984
IEK,280300030_,Измерения и инструмент,0.3526
IEK,280300031_,Измерения и инструмент,0.3775
IEK,280300034_,Измерения и инструмент,0.4545
IEK,280300035_,Измерения и инструмент,0.4284
IEK,280300036_,Измерения и инструмент,0.4598
IEK,280300037_,"Шины, клеммы, изоляторы",0.9772
IEK,280300038_,"Шины, клеммы, изоляторы",0.9737
IEK,280300039_,"Кабель, провод, СКС",0.333
IEK,280300040_,"Кабель, провод, СКС",0.3465
IEK,280300048_,"Кабель, провод, СКС",0.2568
IEK,280300049_,Щиты и боксы,0.272
IEK,280300054_,Щиты и боксы,0.2348
IEK,280300055_,"Кабель, провод, СКС",0.3598
IEK,280300056_,"Кабель, провод, СКС",0.379
IEK,280300057_,"Кабель, провод, СКС",0.3851
IEK,280300058_,"Кабель, провод, СКС",0.3822
IEK,280300071_,"Кабель, провод, СКС",0.3662
IEK,280300072_,"Кабель, провод, СКС",0.3513
IEK,280300073_,"Кабель, провод, СКС",0.3752
IEK,280300074_,"Кабель, провод, СКС",0.3442
IEK,280300078_,"Кабель, провод, СКС",0.4835
IEK,280300080_,"Кабель, провод, СКС",0.3637
IEK,280300081_,Щиты и боксы,0.2363
IEK,280300082_,"Кабель, провод, СКС",0.3827
IEK,280300083_,Щиты и боксы,0.1916
IEK,280300084_,Щиты и боксы,0.1735
IEK,280300085_,Щиты и боксы,0.1714
IEK,280300086_,Измерения и инструмент,0.3774
IEK,280300088_,Щиты и боксы,0.1814
IEK,280300092_,"Кабель, провод, СКС",0.2558
IEK,280300103_,Измерения и инструмент,0.3566
IEK,280300104_,"Кабель, провод, СКС",0.4295
IEK,280300122_,"Кабель, провод, СКС",0.3779
IEK,280300128_,Измерения и инструмент,0.4241
IEK,280300131_,"Кабель, провод, СКС",0.3496
IEK,280300145_,Розетки и выключатели,0.417
IEK,280300146_,"Контакторы, пускатели, управление",0.6403
IEK,280300147_,"Трубы, кабель-каналы, лотки",0.5634
IEK,280300179_,Коробки установочные,0.8341
IEK,280300180_,Коробки установочные,0.4984
IEK,280300181_,Коробки установочные,0.5124
IEK,280300182_,Коробки установочные,0.3584
IEK,280300229_,Розетки и выключатели,0.8281
IEK,280300231_,Измерения и инструмент,0.9899
IEK,280300232_,"Кабель, провод, СКС",0.5148
IEK,280300235_,"Кабель, провод, СКС",0.525
IEK,280300236_,Щиты и боксы,0.34
IEK,280300237_,Щиты и боксы,0.405
IEK,280300250_,Щиты и боксы,0.8524
IEK,280300260_,"Кабель, провод, СКС",0.372
IEK,280300269_,Измерения и инструмент,0.881
IEK,280300273_,"Кабель, провод, СКС",0.358
IEK,280300274_,"Кабель, провод, СКС",0.3609
IEK,280300279_,УЗО и дифавтоматы,0.2378
IEK,280300280_,УЗО и дифавтоматы,0.2463
IEK,280300289_,"Шины, клеммы, изоляторы",0.9699
IEK,280300295_,Щиты и боксы,0.814
IEK,280300354_,Измерения и инструмент,0.9957
IEK,280300356_,Измерения и инструмент,0.7765
IEK,280300396_,Коробки установочные,0.8613
IEK,280300397_,Коробки установочные,0.8089
IEK,280300399_,Коробки установочные,0.8801
IEK,280300400_,Коробки установочные,1.0
IEK,280300401_,Коробки установочные,0.351
IEK,280300402_,Коробки установочные,0.3489
IEK,280300403_,"Шины, клеммы, изоляторы",0.3473
IEK,280300404_,Коробки установочные,0.3803
IEK,280300589_,Измерения и инструмент,0.6319
IEK,280300590_,Измерения и инструмент,0.5945
IEK,280300591_,Измерения и инструмент,0.5596
IEK,280300592_,Измерения и инструмент,0.6354
IEK,280300626_,Измерения и инструмент,0.6455
IEK,280300644_,"Кабель, провод, СКС",0.6672
IEK,280300645_,"Кабель, провод, СКС",0.5092
IEK,280300673_,"Трубы, кабель-каналы, лотки",0.219
IEK,280300678_,Измерения и инструмент,0.5242
IEK,280300685_,Коробки установочные,0.3141
IEK,280300696_,Розетки и выключатели,0.5805
IEK,280300733_,Измерения и инструмент,0.4841
IEK,280300734_,Измерения и инструмент,0.4339
IEK,280300735_,Измерения и инструмент,0.4442
IEK,280300736_,Измерения и инструмент,0.4319
IEK,280300737_,"Кабель, провод, СКС",0.4528
IEK,280300738_,"Кабель, провод, СКС",0.4828
IEK,280300739_,"Трубы, кабель-каналы, лотки",0.5109
IEK,280300740_,"Трубы, кабель-каналы, лотки",0.5241
IEK,280300741_,"Трубы, кабель-каналы, лотки",0.5853
IEK,280300742_,"Трубы, кабель-каналы, лотки",0.6997
IEK,280300743_,"Трубы, кабель-каналы, лотки",0.6989
IEK,280300744_,Измерения и инструмент,0.7412
IEK,280300745_,Измерения и инструмент,0.7644
IEK,280300746_,Щиты и боксы,0.2782
IEK,280300747_,"Кабель, провод, СКС",0.264
IEK,280300748_,"Шины, клеммы, изоляторы",0.2624
IEK,280300950_,Розетки и выключатели,0.7669
IEK,280300951_,Розетки и выключатели,0.79
IEK,280301023_,"Кабель, провод, СКС",0.227
IEK,280301024_,"Кабель, провод, СКС",0.2152
IEK,290100002_,Измерения и инструмент,0.451
IEK,290100003_,Измерения и инструмент,0.4755
IEK,290100004_,"Кабель, провод, СКС",0.4197
IEK,290100005_,Щиты и боксы,0.2683
IEK,290100009_,Щиты и боксы,0.294
IEK,290100010_,Измерения и инструмент,0.793
IEK,290100011_,Измерения и инструмент,0.2775
IEK,290100013_,"Кабель, провод, СКС",0.4419
IEK,290100014_,"Кабель, провод, СКС",0.4578
IEK,290100015_,УЗО и дифавтоматы,0.2263
IEK,290100016_,"Кабель, провод, СКС",0.275
IEK,290100017_,"Кабель, провод, СКС",0.4806
IEK,290100029_,Щиты и боксы,0.3869
IEK,290100031_,Щиты и боксы,0.3
IEK,290100032_,Щиты и боксы,0.2501
IEK,290100033_,Щиты и боксы,0.3085
IEK,290100034_,Щиты и боксы,0.2701
IEK,290100035_,Измерения и инструмент,0.7803
IEK,290100036_,Измерения и инструмент,0.8371
IEK,290100101_,Измерения и инструмент,0.252
IEK,290100110_,Щиты и боксы,0.6454
IEK,290100122_,Щиты и боксы,0.4066
IEK,290100132_,Измерения и инструмент,0.7996
IEK,290100133_,Измерения и инструмент,0.8439
IEK,290100134_,Измерения и инструмент,0.5471
IEK,290100135_,Измерения и инструмент,0.8785
IEK,290100136_,Измерения и инструмент,0.5048
IEK,290100137_,Измерения и инструмент,0.5718
IEK,290100138_,Измерения и инструмент,0.3508
IEK,290100139_,Измерения и инструмент,0.6207
IEK,290100140_,Измерения и инструмент,0.837
IEK,290100141_,Измерения и инструмент,0.8465
IEK,290100142_,Измерения и инструмент,0.5012
IEK,290100143_,Измерения и инструмент,0.7235
IEK,290100144_,Измерения и инструмент,0.6765
IEK,290100145_,Измерения и инструмент,0.8362
IEK,290100146_,Щиты и боксы,0.3627
IEK,290100147_,Щиты и боксы,0.4158
IEK,290100148_,Щиты и боксы,0.402
IEK,290200005_,"Кабель, провод, СКС",0.4712
IEK,290200006_,"Кабель, провод, СКС",0.4335
IEK,290200008_,"Кабель, провод, СКС",0.438
IEK,290200009_,"Кабель, провод, СКС",0.4263
IEK,290200030_,"Кабель, провод, СКС",0.318
IEK,290200068_,"Кабель, провод, СКС",0.4832
IEK,290200126_,"Шины, клеммы, изоляторы",0.7786
IEK,290200127_,"Шины, клеммы, изоляторы",0.7264
IEK,290200128_,"Шины, клеммы, изоляторы",0.5996
IEK,290200129_,"Шины, клеммы, изоляторы",0.2802
IEK,290200130_,"Кабель, провод, СКС",0.2914
IEK,290200131_,"Шины, клеммы, изоляторы",0.5458
IEK,311101034_,Щиты и боксы,0.7026
IEK,311101217_,"Кабель, провод, СКС",0.3634
IEK,311101218_,"Кабель, провод, СКС",0.3544
IEK,311101219_,"Кабель, провод, СКС",0.3628
IEK,311101221_,Измерения и инструмент,0.3568
IEK,311101222_,"Шины, клеммы, изоляторы",0.5189
IEK,311101224_,"Кабель, провод, СКС",0.2532
IEK,311101225_,"Кабель, провод, СКС",0.3216
IEK,311101227_,"Кабель, провод, СКС",0.3369
IEK,311101228_,"Кабель, провод, СКС",0.447
IEK,311101232_,"Кабель, провод, СКС",0.4155
IEK,311101233_,"Трубы, кабель-каналы, лотки",0.3732
IEK,311101234_,"Трубы, кабель-каналы, лотки",0.3612
IEK,311101235_,"Кабель, провод, СКС",0.2748
IEK,311101236_,"Кабель, провод, СКС",0.4209
IEK,311101237_,"Шины, клеммы, изоляторы",0.3094
IEK,311101238_,"Кабель, провод, СКС",0.229
IEK,5250600034_,Щиты и боксы,0.7438
IEK,A650-33E055TM,Измерения и инструмент,0.5465
IEK,AR-KMR10-040-20-230,"Контакторы, пускатели, управление",0.9631
IEK,AR-KMR10-040-40-230,"Контакторы, пускатели, управление",0.9495
IEK,AR-KMR10-063-22-230,"Контакторы, пускатели, управление",0.9684
IEK,AR-KMR10-063-40-230,"Контакторы, пускатели, управление",0.9426
IEK,AR-M06N-4-C025,Измерения и инструмент,0.466
IEK,AR-M06N-4-C032,"Кабель, провод, СКС",0.6872
IEK,BBD10-APBB-K51_,Измерения и инструмент,0.2586
IEK,BR-AK20-1-K35,Розетки и выключатели,0.2975
IEK,BR-AK20-1-K35_,Розетки и выключатели,0.9173
IEK,BR-AK20-1-K53,Розетки и выключатели,0.8459
IEK,BR-D20-0600-K37,Светильники и лампы,0.7117
IEK,BR-H10-K37,Розетки и выключатели,0.9654
IEK,BR-H10-K46,Розетки и выключатели,0.9588
IEK,BR-K20-1-K35,Розетки и выключатели,0.969
IEK,BR-K20-1-K36,Розетки и выключатели,0.9957
IEK,BR-K20-1-K45,Розетки и выключатели,0.9763
IEK,BR-KT20-O-1-K10,Розетки и выключатели,0.9987
IEK,BR-KT20-O-1-K45,Розетки и выключатели,0.8822
IEK,BR-M12-G-31-K96,"Кабель, провод, СКС",0.2196
IEK,BR-M12-G-41-K06,"Кабель, провод, СКС",0.2245
IEK,BR-M22-G-31-K96,"Кабель, провод, СКС",0.2235
IEK,BR-MS10-N-150-05-K37,Измерения и инструмент,0.2591
IEK,BR-R16-16-44-K02_,Розетки и выключатели,0.9449
IEK,BR-R16-16-44-K37,Розетки и выключатели,0.9949
IEK,BR-R16-16-44-K45,Розетки и выключатели,0.9411
IEK,BR-R16-16-44-K46,Розетки и выключатели,0.9836
IEK,BR-R16-16-K10,Розетки и выключатели,0.881
IEK,BR-R16-16-K37,Розетки и выключатели,0.9222
IEK,BR-R26-16-44-K02-F,Розетки и выключатели,0.9496
IEK,BR-R26-16-44-K37-F,Розетки и выключатели,0.9496
IEK,BR-R26-16-44-K45-F,Розетки и выключатели,0.8551
IEK,BR-R26-16-44-K46-F,Розетки и выключатели,0.9782
IEK,BR-RT11-K10,Измерения и инструмент,0.6264
IEK,BR-U21-D31-K35,Розетки и выключатели,0.9938
IEK,BR-U21-D31-K37,Розетки и выключатели,0.9857
IEK,BR-U21-D31-K46,Розетки и выключатели,0.9171
IEK,BR-VK10-0-K10,"Трубы, кабель-каналы, лотки",0.6515
IEK,BR-VK10-0-K36,"Трубы, кабель-каналы, лотки",0.511
IEK,BR-VK10-0-K37,"Трубы, кабель-каналы, лотки",0.4129
IEK,BR-VK10-0-K45,"Трубы, кабель-каналы, лотки",0.7852
IEK,CKK10-025-016-1-K01-,"Трубы, кабель-каналы, лотки",0.9201
IEK,CKK10-025-016-1-K24_,"Трубы, кабель-каналы, лотки",0.9834
IEK,CKK10-025-016-1-K28_,"Трубы, кабель-каналы, лотки",0.9444
IEK,CKK10-025-016-1-K34_,"Трубы, кабель-каналы, лотки",0.9776
IEK,CKK10-025-025-1-K01-,"Трубы, кабель-каналы, лотки",0.8547
IEK,CKK10-040-025-1-K01-,"Трубы, кабель-каналы, лотки",0.959
IEK,CKK10-040-025-1-K24_,"Трубы, кабель-каналы, лотки",0.9873
IEK,CKK10-040-025-1-K28_,"Трубы, кабель-каналы, лотки",0.9303
IEK,CKK10-040-025-1-K34_,"Трубы, кабель-каналы, лотки",0.9766
IEK,CKK10-060-040-1-K01-,"Трубы, кабель-каналы, лотки",0.916
IEK,CKK10-100-060-1-K01,"Трубы, кабель-каналы, лотки",0.7727
IEK,CLM50D-PPP-030-15,Измерения и инструмент,0.8075
IEK,CLM50D-PPP-050-15,Измерения и инструмент,0.3891
IEK,CLM50D-PPP-060-25,Измерения и инструмент,0.8216
IEK,CLM50D-PPP-300-25,Измерения и инструмент,0.7163
IEK,CLM50D-RP-080-30,"Трубы, кабель-каналы, лотки",0.2753
IEK,CLP10-080-150-3,Щиты и боксы,0.3374
IEK,CLP1CL-300-1,"Кабель, провод, СКС",0.3655
IEK,CLP1M-SHU-6,Щиты и боксы,0.6137
IEK,CLP1SH-050,"Трубы, кабель-каналы, лотки",0.382
IEK,CLP1V-100-200,"Кабель, провод, СКС",0.4238
IEK,CLP1Z-050-200,"Шины, клеммы, изоляторы",0.4614
IEK,CLW10-TM-06-1-R,Розетки и выключатели,0.5552
IEK,CLW10-TM-08-1-R,Розетки и выключатели,0.5859
IEK,CLW10-TM-08-2-R,Розетки и выключатели,0.5922
IEK,CLW10-VR-100,Розетки и выключатели,0.3607
IEK,CMZ11-VT-06-030,Щиты и боксы,0.3636
IEK,CNT-A310D33V93-110TE,Измерения и инструмент,0.7134
IEK,CO05-07542-R,"Кабель, провод, СКС",0.274
IEK,CS3-1C6AF-Q,"Трубы, кабель-каналы, лотки",0.8675
IEK,CTA10D-CF16-K41-100,Щиты и боксы,0.2619
IEK,CTA10D-CF20-K41-100,Щиты и боксы,0.213
IEK,EL-KK10-025-016-1-K0,"Трубы, кабель-каналы, лотки",0.9587
IEK,EL-KK10-025-025-1-K0,"Трубы, кабель-каналы, лотки",0.9108
IEK,EL-KK10-040-025-1-K0,"Трубы, кабель-каналы, лотки",0.9703
IEK,EL-KK10-060-040-1-K0,"Трубы, кабель-каналы, лотки",0.9509
IEK,EL-KK10-100-060-1-K0,"Трубы, кабель-каналы, лотки",0.9121
IEK,EPK10-04-02-K01,"Контакторы, пускатели, управление",0.9555
IEK,EPK20-04-02-K01,"Контакторы, пускатели, управление",0.859
IEK,EPP14-04-01-K01,"Кабель, провод, СКС",0.2975
IEK,EPP14-04-01-K02,"Контакторы, пускатели, управление",0.2622
IEK,ERO14-K01-16-DC,Розетки и выключатели,0.9687
IEK,FP-K10-2-K03,Розетки и выключатели,0.8554
IEK,FP-K10-2-K10,Розетки и выключатели,0.485
IEK,FP-R14-16-1-K03,"Кабель, провод, СКС",0.3239
IEK,FP-R14-16-1-K10,"Кабель, провод, СКС",0.4049
IEK,FP-V10-0-10-1-K03,"Кабель, провод, СКС",0.9074
IEK,FP-V10-0-10-1-K10,"Кабель, провод, СКС",0.7965
IEK,FP-V12-0-10-1-K03,"Кабель, провод, СКС",0.8245
IEK,FP-V12-0-10-1-K10,"Кабель, провод, СКС",0.8489
IEK,FP-V13-0-10-1-K03,"Кабель, провод, СКС",0.7773
IEK,FP-V13-0-10-1-K10,"Кабель, провод, СКС",0.8691
IEK,FP-V20-0-10-1-K03,"Кабель, провод, СКС",0.9097
IEK,FP-V20-0-10-1-K10,"Кабель, провод, СКС",0.8624
IEK,IPA10-6-0030-E,"Кабель, провод, СКС",0.2416
IEK,IPA10-6-0075-E,"Кабель, провод, СКС",0.2398
IEK,KKM11-012-024-10,"Контакторы, пускатели, управление",0.9678
IEK,KKM21-025-110-01,"Контакторы, пускатели, управление",0.9597
IEK,LBAL001,"Кабель, провод, СКС",0.8529
IEK,LDBO0-4013-18-6500-K,Светильники и лампы,1.0
IEK,LLE-A60-12-24-48-40-,Светильники и лампы,0.992
IEK,LLE-T80-12-230-40-GX,Светильники и лампы,0.9873
IEK,LLE-T80-12-230-65-GX,Светильники и лампы,0.9873
IEK,MAD10-4-016-C-100,Автоматы и предохранители,0.74
IEK,MDV11-2-025-030,Розетки и выключатели,0.5445
IEK,MKK11-20-22,"Контакторы, пускатели, управление",0.9662
IEK,MKK11-40-11,"Контакторы, пускатели, управление",0.9693
IEK,MKK11-63-20,"Контакторы, пускатели, управление",0.9726
IEK,MKK12-20-20,"Контакторы, пускатели, управление",0.9985
IEK,MKM42-02-31-WW-L,"Кабель, провод, СКС",0.3742
IEK,MKP73-N-12-66,Щиты и боксы,0.9239
IEK,MNV10-1-040,"Кабель, провод, СКС",0.8296
IEK,MNV10-3-125,"Кабель, провод, СКС",0.6929
IEK,MPR10-1-050,Розетки и выключатели,0.9347
IEK,MPR10-4-050,Розетки и выключатели,0.9389
IEK,MVA20-1-D05-C,"Кабель, провод, СКС",0.4037
IEK,MVA20-3-013-C,"Кабель, провод, СКС",0.2941
IEK,MVA31-1-006-B,Измерения и инструмент,0.3766
IEK,MVA31-1-006-C,"Кабель, провод, СКС",0.3518
IEK,MVA31-2-050-C,Измерения и инструмент,0.3406
IEK,MVA31-3-025-B,Измерения и инструмент,0.4532
IEK,MVA31-3-025-C,"Кабель, провод, СКС",0.7761
IEK,MVA31-3-063-B,Измерения и инструмент,0.4146
IEK,MVA50-3-100-D,"Кабель, провод, СКС",0.7118
IEK,OPS-DC24-060B,Щиты и боксы,0.9275
IEK,ORI-01-05,Розетки и выключатели,0.7457
IEK,ORI-01-5,Розетки и выключатели,0.8155
IEK,ORL-02-ACDC24-240V,Розетки и выключатели,0.7428
IEK,ORT-ST-ACDC12-240V,Розетки и выключатели,0.9447
IEK,PLR-S-CPU-1410,Розетки и выключатели,0.6943
IEK,PLR-S-CPU-1410R-AC-B,Розетки и выключатели,0.8701
IEK,PSN12-032-5,Розетки и выключатели,0.8659
IEK,RRP10-4-10-220A-LED,Розетки и выключатели,0.8595
IEK,SFB-33-75-A-00,"Кабель, провод, СКС",0.3674
IEK,SRP-10-3-160,Автоматы и предохранители,0.547
IEK,SVA10D-ADK-1,"Трубы, кабель-каналы, лотки",0.7696
IEK,SVA30D-ADK-1,"Трубы, кабель-каналы, лотки",0.8332
IEK,SVA50D-ADK-1,"Трубы, кабель-каналы, лотки",0.767
IEK,UKO10-240-195-090-K4,Коробки установочные,0.7315
IEK,UKO10-240-195-165-K4,Коробки установочные,0.707
IEK,UNL10-D25-4-4,Измерения и инструмент,0.8749
IEK,UNL20-006-6-5,Измерения и инструмент,0.3898
IEK,UZA-25-D16,"Шины, клеммы, изоляторы",0.3186
IEK,WUP20-02-K02,"Кабель, провод, СКС",0.8477
IEK,WYP53-16-05-03-ZK,"Кабель, провод, СКС",0.3295
IEK,YIS40-3-370,"Шины, клеммы, изоляторы",0.7889
IEK,YIS42-3-200,"Шины, клеммы, изоляторы",0.962
IEK,YKM40-PN-530,"Шины, клеммы, изоляторы",0.2523
IEK,YKV10-UV-1750,"Кабель, провод, СКС",0.279
IEK,YZN20-004-K52,"Трубы, кабель-каналы, лотки",0.5356
IEK,YZN30-002-K03,"Шины, клеммы, изоляторы",0.9999
IEK,Р654654528,"Контакторы, пускатели, управление",0.8856
IEK,ЩУРн-3/18,"Шины, клеммы, изоляторы",0.3194
IEK,нов03200_,УЗО и дифавтоматы,0.5021
IEK,нов1932,Измерения и инструмент,0.5162
IEK,нов26740,УЗО и дифавтоматы,0.5271
IEK,нов3227,"Контакторы, пускатели, управление",0.9567
IEK,нов3368,УЗО и дифавтоматы,0.5466
IEK,нов3370_,"Кабель, провод, СКС",0.3278
IEK,нов3392,"Контакторы, пускатели, управление",0.9415
IEK,нов3393,"Контакторы, пускатели, управление",0.9472
IEK,нов3394,"Контакторы, пускатели, управление",0.9619
IEK,нов3396,"Кабель, провод, СКС",0.2854
IEK,нов99190,"Контакторы, пускатели, управление",0.6039
IEK,ст-99272_80,Щиты и боксы,0.2627
IEK,ст-9948468,"Шины, клеммы, изоляторы",0.7303
IEK,ст-9949019,Измерения и инструмент,0.303
IEK,ст-9949056,Измерения и инструмент,0.4428
IEK,ст-9949156,УЗО и дифавтоматы,0.5516
IEK,ст-9949157,УЗО и дифавтоматы,0.5274
IEK,ст-9949234,Измерения и инструмент,0.3025
IEK,ст-9949327,"Шины, клеммы, изоляторы",0.8982
IEK,ст-9949953,УЗО и дифавтоматы,0.1721
IEK,ст-9950070,"Шины, клеммы, изоляторы",1.0
IEK,ст-9950184,Измерения и инструмент,0.4963
IEK,ст-9950300,УЗО и дифавтоматы,0.4839
IEK,ст-9950470,Измерения и инструмент,0.3259
IEK,ст-9950702,Измерения и инструмент,0.4289
IEK,ст-9950706,"Кабель, провод, СКС",0.2404
IEK,ст-9950851,Измерения и инструмент,0.7693
IEK,ст-9951101,Измерения и инструмент,0.8666
IEK,ст-9951102,"Шины, клеммы, изоляторы",0.7722
IEK,ст-9951103,Измерения и инструмент,0.9664
IEK,ст-9951104,Измерения и инструмент,0.7408
IEK,ст-9951105,Измерения и инструмент,0.4679
IEK,ст-9951106,Измерения и инструмент,0.8653
IEK,ст-9951285,"Кабель, провод, СКС",0.3686
IEK,ст-9951311,Измерения и инструмент,0.915
IEK,ст-9951312,Измерения и инструмент,0.8986
IEK,ст-9951313,Измерения и инструмент,0.4303
IEK,ст-9951436,Измерения и инструмент,0.3688
IEK,ст-9951446,Измерения и инструмент,0.3348
IEK,ст-9951480,"Контакторы, пускатели, управление",0.8037
IEK,ст-9951729,Измерения и инструмент,0.41
IEK,ст-9951887,"Кабель, провод, СКС",0.3729
IEK,ст-9951895,Щиты и боксы,0.322
IEK,ст-9951984,"Кабель, провод, СКС",0.2528
IEK,ст-9951998,"Кабель, провод, СКС",0.2567
IEK,ст-9952041,"Трубы, кабель-каналы, лотки",0.6873
IEK,ст-9952106,Измерения и инструмент,0.4825
IEK,ст-9952210,УЗО и дифавтоматы,0.2374
IEK,ст-9952368,"Кабель, провод, СКС",0.714
IEK,ст-9952399,Измерения и инструмент,0.3584
IEK,ст-9952430,Светильники и лампы,0.9995
IEK,ст-9952431,Светильники и лампы,0.9995
IEK,ст-9952440,Измерения и инструмент,0.4635
IEK,ст-9952441,Измерения и инструмент,0.4962
IEK,ст-9952475,Щиты и боксы,0.31
IEK,ст-9952496,"Шины, клеммы, изоляторы",0.6426
IEK,ст-9952497,"Шины, клеммы, изоляторы",0.6371
IEK,ст-9952498,Щиты и боксы,0.309
IEK,ст-9952644,"Кабель, провод, СКС",0.2749
IEK,ст-9952711,Измерения и инструмент,0.284
IEK,ст-9953087,Измерения и инструмент,0.555
IEK,ст-9953090,Розетки и выключатели,0.2133
IEK,ст-9953158,"Кабель, провод, СКС",0.3057
IEK,ст-9953168,УЗО и дифавтоматы,0.5105
IEK,ст-9953235,"Кабель, провод, СКС",0.3565
IEK,ст-9953236,Измерения и инструмент,0.3745
IEK,ст-9953237,Розетки и выключатели,0.4968
IEK,ст-9953247,Измерения и инструмент,0.5462
IEK,ст-9953304,Измерения и инструмент,0.4689
IEK,ст-9953354,УЗО и дифавтоматы,0.4257
IEK,ст-9953405,Розетки и выключатели,0.5371
IEK,ст-9953508,"Контакторы, пускатели, управление",0.3423
IEK,щт-0000139,Измерения и инструмент,0.6413
IEK,щт-0000194,Измерения и инструмент,0.351
IEK,щт-0000212,"Трубы, кабель-каналы, лотки",1.0
IEK,щт-0000350,Щиты и боксы,0.5813
IEK,щт-0000417,"Шины, клеммы, изоляторы",0.6451
IEK,щт-0000418,"Кабель, провод, СКС",0.2193
IEK,щт-0000861,Щиты и боксы,0.3081
IEK,щт-0001014,Измерения и инструмент,0.3078
IEK,щт-0001133,Измерения и инструмент,0.3159
IEK,щт-0001187,"Контакторы, пускатели, управление",0.9851
IEK,щт-0001387,"Контакторы, пускатели, управление",0.921
IEK,щт-0001406,Измерения и инструмент,0.2139
IEK,щт-0001421,"Контакторы, пускатели, управление",0.9481
IEK,щт-0001636,Щиты и боксы,0.4609
IEK,щт-0001645,"Шины, клеммы, изоляторы",0.2399
IEK,щт-0001651,Коробки установочные,0.9181
IEK,щт-0001653,"Кабель, провод, СКС",0.3374
IEK,щт-0001654,Коробки установочные,0.5536
IEK,щт-0001786,Измерения и инструмент,0.3399
IEK,щт-0001802,Светильники и лампы,0.9983
IEK,щт-0001952,"Шины, клеммы, изоляторы",0.4654
IEK,щт-0002132,"Шины, клеммы, изоляторы",0.7516
IEK,щт-0002147,"Кабель, провод, СКС",0.24
IEK,щт-0002159,Щиты и боксы,0.1676
IEK,щт-0002161,"Кабель, провод, СКС",0.2865
IEK,щт-0002162,"Трубы, кабель-каналы, лотки",0.2025
IEK,щт-0022248,Измерения и инструмент,0.4872
IEK,щт00222756,Измерения и инструмент,0.4573
IEK,щт00222819,Измерения и инструмент,0.4966
IEK,щт00222922,"Кабель, провод, СКС",0.4125
IEK,щт00222923,"Кабель, провод, СКС",0.475
IEK,щт00222924,"Кабель, провод, СКС",0.4579
IEK,щт02229866,"Контакторы, пускатели, управление",0.8653
IEK,щт02229878,"Контакторы, пускатели, управление",0.8843
IEK,щт02230193,"Кабель, провод, СКС",0.3649
IEK,щт02230447,Щиты и боксы,0.9282
IEK,щт23054819,"Контакторы, пускатели, управление",0.9611
IEK,щт23054820,"Трубы, кабель-каналы, лотки",0.3783
IEK,щт23055078,Измерения и инструмент,0.3118
IEK,щт23055283,Щиты и боксы,0.6556
IEK,щщ0001047,"Кабель, провод, СКС",0.3055
IEK,щщ0001050,Измерения и инструмент,0.7626
IEK,щщ11503042,"Кабель, провод, СКС",0.3518
IEK,щщщ0115411,"Кабель, провод, СКС",0.3696
IEK,щщщ0115439,Измерения и инструмент,0.3952
IEK,щщщ0115997,"Трубы, кабель-каналы, лотки",0.3108
IEK,щщщ0116026,Измерения и инструмент,0.3902
IEK,щщщ0116027,Автоматы и предохранители,0.3479
IEK,щщщ0116033,"Контакторы, пускатели, управление",0.9516
IEK,щщщ0116039,Измерения и инструмент,0.3494
IEK,щщщ0116157,Щиты и боксы,0.6635
IEK,щщщ0116826,Измерения и инструмент,0.3958
IEK,ярп40100,Измерения и инструмент,0.3716
IEK,ярп40110,"Шины, клеммы, изоляторы",0.2146
IEK,ярп40129,Светильники и лампы,0.9365
IEK,ярп40132,Светильники и лампы,0.9066
IEK,ярп40134,Светильники и лампы,0.8171
IEK,ярп40135,Светильники и лампы,0.9998
IEK,ярп40167,"Кабель, провод, СКС",0.4892
IEK,ярп40219,Измерения и инструмент,0.4694
IEK,ярп40221,Измерения и инструмент,0.579
IEK,ярп40222,Измерения и инструмент,0.4999
IEK,ярп40223,Измерения и инструмент,0.5174
IEK,ярп40225,Измерения и инструмент,0.5855
IEK,ярп40227,Измерения и инструмент,0.5798
IEK,ярп40239,"Трубы, кабель-каналы, лотки",0.2008
IEK,ярп40240,Щиты и боксы,0.1974
IEK,ярп40241,Щиты и боксы,0.2088
IEK,ярп40242,Щиты и боксы,0.227
IEK,ярп40244,Щиты и боксы,0.2026
IEK,ярп40245,"Трубы, кабель-каналы, лотки",0.2609
IEK,ярп40246,Щиты и боксы,0.2082
IEK,ярп40255,Розетки и выключатели,1.0
IEK,ярп40256,Розетки и выключатели,0.9999
IEK,ярп40257,"Кабель, провод, СКС",0.5664
IEK,ярп40260,Розетки и выключатели,0.5655
IEK,ярп40266,Светильники и лампы,0.6372
IEK,ярп40267,Светильники и лампы,0.6614
IEK,ярп40269,Светильники и лампы,0.4381
IEK,ярп40271,"Трубы, кабель-каналы, лотки",0.858
IEK,ярп40277,Измерения и инструмент,0.5016
IEK,ярп40281,Измерения и инструмент,0.5263
IEK,ярп40309,Измерения и инструмент,0.4931
IEK,ярп40395,УЗО и дифавтоматы,0.6643
IEK,ярп40510,Розетки и выключатели,0.9247
IEK,ярп4200,УЗО и дифавтоматы,0.7161
IEK,ярп4211,Автоматы и предохранители,0.7032
IEK,ярп4252,Измерения и инструмент,0.4799
IEK,ярп4303,Измерения и инструмент,0.6158
IEK,ярп4385,"Кабель, провод, СКС",0.2815
IEK,ярп4522,"Контакторы, пускатели, управление",0.9718
IEK,ярп4546,"Кабель, провод, СКС",0.2226
IEK,ярп4571,"Кабель, провод, СКС",0.5635
IEK,ярп4665,"Кабель, провод, СКС",0.3241
IEK,ярп4673,Измерения и инструмент,0.3394
IEK,ярп4795,"Контакторы, пускатели, управление",0.921
IEK,ярп4890,"Шины, клеммы, изоляторы",0.435
IEK,ярп5549,Розетки и выключатели,0.2344
IEK,ярп5602,УЗО и дифавтоматы,0.4894
IEK,ярп5605,"Шины, клеммы, изоляторы",1.0
IEK,ярп5628,УЗО и дифавтоматы,0.4518
IEK,ярп5852,"Кабель, провод, СКС",0.6752
IEK,ярп5867,Измерения и инструмент,0.5806
IEK,ярп5962,Щиты и боксы,0.4339
IEK,ярп6058,Измерения и инструмент,0.36
IEK,ярп6059,Измерения и инструмент,0.3703
IEK,ярп6060,Розетки и выключатели,0.6276
IEK,ярп6181,Измерения и инструмент,0.3749
IEK,ярп6182,УЗО и дифавтоматы,0.336
IEK,ярп6188,Измерения и инструмент,0.3343
IEK,яярп4532,Измерения и инструмент,0.34
IEK,яярп4533,Измерения и инструмент,0.3633
IEK,яярп4610,Измерения и инструмент,0.5293
IEK,яярп4772,Измерения и инструмент,0.4918
IEK,яярп4773,Измерения и инструмент,0.4664
IEK,яярп4792,Измерения и инструмент,0.3278
IEK,яярп4811,Измерения и инструмент,0.5395
IEK,яярп4814,Измерения и инструмент,0.3325
IEK,яярп4829,Измерения и инструмент,0.3749
IEK,яярп4849,Измерения и инструмент,0.5583
IEK,яярп4855,"Кабель, провод, СКС",0.3355
IEK,яярп6001,"Шины, клеммы, изоляторы",0.9895
IEK,яяярп5300,Светильники и лампы,0.9983
IEK,яяярп5540,Измерения и инструмент,0.4377
IEK,яяярп5542,УЗО и дифавтоматы,0.7132
IEK,яяяярп5518,"Контакторы, пускатели, управление",0.9723
SE,010400432_,Измерения и инструмент,0.4355
SE,010400433_,Измерения и инструмент,0.4685
SE,010400436_,Измерения и инструмент,0.4198
SE,010400437_,Измерения и инструмент,0.4468
SE,010400440_,Измерения и инструмент,0.3836
SE,010400441_,Измерения и инструмент,0.4055
SE,010400444_,Измерения и инструмент,0.4509
SE,010400445_,Измерения и инструмент,0.4504
SE,010400447_,Измерения и инструмент,0.4587
SE,010400448_,Измерения и инструмент,0.47
SE,020100158_,Измерения и инструмент,0.5696
SE,020100159_,Измерения и инструмент,0.7962
SE,020100160_,"Кабель, провод, СКС",0.3224
SE,020100161_,Измерения и инструмент,0.8508
SE,020100162_,"Кабель, провод, СКС",0.7022
SE,020100163_,"Кабель, провод, СКС",0.2402
SE,030200002_,"Кабель, провод, СКС",0.4864
SE,030200003_,"Кабель, провод, СКС",0.4192
SE,030200005_,"Кабель, провод, СКС",0.3541
SE,030200006_,"Кабель, провод, СКС",0.4393
SE,030200007_,"Кабель, провод, СКС",0.326
SE,030200008_,"Кабель, провод, СКС",0.4886
SE,030200009_,"Кабель, провод, СКС",0.3587
SE,030200010_,"Кабель, провод, СКС",0.3983
SE,030200011_,"Трубы, кабель-каналы, лотки",0.3588
SE,030200012_,"Кабель, провод, СКС",0.3671
SE,030200013_,"Кабель, провод, СКС",0.4137
SE,030200015_,"Кабель, провод, СКС",0.4847
SE,030200016_,"Кабель, провод, СКС",0.3297
SE,030200025_,"Кабель, провод, СКС",0.5346
SE,030200026_,"Кабель, провод, СКС",0.4357
SE,030200027_,"Кабель, провод, СКС",0.3725
SE,030200028_,"Кабель, провод, СКС",0.4471
SE,030200029_,"Кабель, провод, СКС",0.4296
SE,030200030_,"Кабель, провод, СКС",0.3313
SE,030200031_,"Кабель, провод, СКС",0.4273
SE,030200032_,"Кабель, провод, СКС",0.3737
SE,030200034_,"Кабель, провод, СКС",0.4084
SE,030200036_,"Кабель, провод, СКС",0.4522
SE,030200037_,"Кабель, провод, СКС",0.4212
SE,030200038_,"Кабель, провод, СКС",0.3814
SE,030200039_,"Кабель, провод, СКС",0.3754
SE,030200042_,"Кабель, провод, СКС",0.3775
SE,030200045_,"Кабель, провод, СКС",0.4305
SE,030200047_,"Кабель, провод, СКС",0.4075
SE,030200052_,"Кабель, провод, СКС",0.3654
SE,030200053_,"Кабель, провод, СКС",0.3672
SE,030200054_,"Кабель, провод, СКС",0.3463
SE,030200060_,Розетки и выключатели,0.9893
SE,030200062_,"Кабель, провод, СКС",0.4277
SE,030200063_,"Трубы, кабель-каналы, лотки",0.4701
SE,030200069_,Розетки и выключатели,0.9835
SE,030200072_,"Кабель, провод, СКС",0.3872
SE,030200073_,Измерения и инструмент,0.4767
SE,030200075_,"Кабель, провод, СКС",0.3267
SE,030200076_,Автоматы и предохранители,0.294
SE,030200090_,"Кабель, провод, СКС",0.3975
SE,030200092_,Измерения и инструмент,0.3858
SE,030200093_,"Кабель, провод, СКС",0.3621
SE,030200094_,Щиты и боксы,0.8448
SE,030200095_,Щиты и боксы,0.8645
SE,030200096_,Щиты и боксы,0.3849
SE,030200097_,"Контакторы, пускатели, управление",0.3418
SE,030200105_,"Кабель, провод, СКС",0.6173
SE,030200125_,"Кабель, провод, СКС",0.6016
SE,030200126_,"Кабель, провод, СКС",0.7072
SE,030200127_,"Кабель, провод, СКС",0.5997
SE,030200128_,"Кабель, провод, СКС",0.6178
SE,030200129_,Щиты и боксы,0.6726
SE,030200134_,"Кабель, провод, СКС",0.464
SE,030200135_,"Кабель, провод, СКС",0.3937
SE,030200136_,"Кабель, провод, СКС",0.3022
SE,030200140_,"Кабель, провод, СКС",0.5398
SE,030200141_,Измерения и инструмент,0.4408
SE,030200142_,Розетки и выключатели,0.4641
SE,030200143_,Измерения и инструмент,0.5223
SE,030200174_,"Кабель, провод, СКС",0.5018
SE,030200175_,"Кабель, провод, СКС",0.4113
SE,030200176_,Розетки и выключатели,0.9812
SE,030200179_,"Кабель, провод, СКС",0.5292
SE,030200183_,Розетки и выключатели,0.994
SE,030200184_,Розетки и выключатели,0.9894
SE,030200191_,Розетки и выключатели,0.5655
SE,030200192_,Коробки установочные,0.9999
SE,030200193_,Коробки установочные,1.0
SE,030200194_,"Кабель, провод, СКС",0.5405
SE,030200198_,Розетки и выключатели,0.8123
SE,030200200_,"Кабель, провод, СКС",0.2408
SE,030200201_,Коробки установочные,0.9999
SE,030200203_,Коробки установочные,0.6249
SE,030200219_,Коробки установочные,0.8729
SE,030200220_,Коробки установочные,0.8131
SE,030200221_,Коробки установочные,0.815
SE,030200222_,Коробки установочные,0.9081
SE,030200223_,Коробки установочные,0.6575
SE,030200224_,Коробки установочные,0.626
SE,030200225_,Коробки установочные,0.6137
SE,030200226_,Коробки установочные,0.6727
SE,030200227_,Коробки установочные,0.6668
SE,030200239_,"Кабель, провод, СКС",0.3324
SE,030200240_,"Кабель, провод, СКС",0.4346
SE,030200243_,"Кабель, провод, СКС",0.3238
SE,030200244_,Измерения и инструмент,0.569
SE,030200245_,Измерения и инструмент,0.3308
SE,030200246_,"Кабель, провод, СКС",0.5728
SE,030200247_,"Кабель, провод, СКС",0.3131
SE,030200248_,"Кабель, провод, СКС",0.6873
SE,030200249_,"Кабель, провод, СКС",0.7124
SE,030200250_,Щиты и боксы,0.5204
SE,030200251_,Щиты и боксы,0.5566
SE,030200252_,Щиты и боксы,0.5386
SE,030200253_,Щиты и боксы,0.5309
SE,030200254_,Щиты и боксы,0.5734
SE,030200256_,Щиты и боксы,0.7509
SE,030200257_,Щиты и боксы,0.7662
SE,030200258_,Щиты и боксы,0.666
SE,030200259_,Щиты и боксы,0.8235
SE,030200260_,Щиты и боксы,0.769
SE,030200261_,"Трубы, кабель-каналы, лотки",0.4204
SE,030200262_,"Трубы, кабель-каналы, лотки",0.3647
SE,030200263_,"Трубы, кабель-каналы, лотки",0.5446
SE,030200264_,Измерения и инструмент,0.855
SE,030200265_,Щиты и боксы,0.5129
SE,030200266_,"Кабель, провод, СКС",0.3582
SE,030200292_,Розетки и выключатели,0.8321
SE,030200295_,Щиты и боксы,0.6072
SE,030200296_,Измерения и инструмент,0.8971
SE,030200297_,Розетки и выключатели,0.9999
SE,030200298_,Розетки и выключатели,0.9994
SE,030200322_,Щиты и боксы,0.3292
SE,030200323_,Розетки и выключатели,0.3001
SE,030200330_,"Трубы, кабель-каналы, лотки",0.4072
SE,030200331_,Щиты и боксы,0.3849
SE,030200345,"Кабель, провод, СКС",0.5666
SE,030200372_,Измерения и инструмент,0.5771
SE,030200375_,Измерения и инструмент,0.5618
SE,030200379_,Измерения и инструмент,0.7666
SE,030200381_,Измерения и инструмент,0.5643
SE,030200382_,Измерения и инструмент,0.5142
SE,030200399_,Розетки и выключатели,0.9403
SE,030201459_,Коробки установочные,0.9999
SE,030300013_,Коробки установочные,0.8471
SE,030300014_,Коробки установочные,0.8834
SE,030300078_,Коробки установочные,0.8655
SE,130300026_,Измерения и инструмент,0.9608
SE,130300027_,Розетки и выключатели,0.5587
SE,130300028_,Измерения и инструмент,0.9273
SE,280300174_,Коробки установочные,0.8564
SE,300100003_,"Кабель, провод, СКС",0.2124
SE,300100004_,Измерения и инструмент,0.3577
SE,300100006_,"Кабель, провод, СКС",0.2581
SE,300100012_,"Кабель, провод, СКС",0.2464
SE,300100015_,"Кабель, провод, СКС",0.3365
SE,300100018_,Измерения и инструмент,0.5675
SE,300200283_,"Кабель, провод, СКС",0.2473
SE,300200284_,"Шины, клеммы, изоляторы",0.3121
SE,300200285_,Измерения и инструмент,0.7654
SE,300200286_,Щиты и боксы,0.5326
SE,300200287_,Щиты и боксы,0.439
SE,300200288_,"Шины, клеммы, изоляторы",0.2575
SE,300200289_,"Кабель, провод, СКС",0.7319
SE,300200290_,"Кабель, провод, СКС",0.7186
SE,300200291_,"Кабель, провод, СКС",0.5572
SE,300200292_,Розетки и выключатели,0.8339
SE,300200293_,"Шины, клеммы, изоляторы",0.3083
SE,300200294_,"Шины, клеммы, изоляторы",0.9028
SE,300200295_,Щиты и боксы,0.336
SE,300200296_,"Шины, клеммы, изоляторы",0.317
SE,300200297_,Щиты и боксы,0.4682
SE,300200298_,Щиты и боксы,0.2934
SE,300200299_,"Шины, клеммы, изоляторы",0.8032
SE,300200300_,Измерения и инструмент,0.4771
SE,300200301_,Щиты и боксы,0.2621
SE,300200302_,"Шины, клеммы, изоляторы",0.3491
SE,300200303_,Измерения и инструмент,0.2725
SE,300200304_,Измерения и инструмент,0.4182
SE,300200305_,"Шины, клеммы, изоляторы",0.3728
SE,300200306_,Измерения и инструмент,0.5292
SE,300200307_,Измерения и инструмент,0.3334
SE,300200308_,"Кабель, провод, СКС",0.3988
SE,300200309_,"Кабель, провод, СКС",0.5073
SE,300200310_,"Кабель, провод, СКС",0.8811
SE,300200311_,Щиты и боксы,0.6137
SE,300200312_,Розетки и выключатели,0.9752
SE,300200313_,Измерения и инструмент,0.2918
SE,300200314_,Измерения и инструмент,0.2895
SE,300200315_,"Трубы, кабель-каналы, лотки",0.633
SE,300200316_,"Кабель, провод, СКС",0.3316
SE,300200317_,"Трубы, кабель-каналы, лотки",0.4896
SE,300200318_,"Кабель, провод, СКС",0.2518
SE,300200319_,"Кабель, провод, СКС",0.4114
SE,300200320_,"Кабель, провод, СКС",0.3397
SE,300200321_,"Кабель, провод, СКС",0.2691
SE,300200322_,"Кабель, провод, СКС",0.3521
SE,300200323_,Измерения и инструмент,0.313
SE,300200324_,"Кабель, провод, СКС",0.3661
SE,300200325_,"Кабель, провод, СКС",0.3367
SE,300200326_,"Кабель, провод, СКС",0.3682
SE,300200327_,"Кабель, провод, СКС",0.3618
SE,300200328_,"Кабель, провод, СКС",0.3564
SE,300200330_,"Трубы, кабель-каналы, лотки",0.3744
SE,300200331_,"Кабель, провод, СКС",0.3706
SE,300200332_,Щиты и боксы,0.3352
SE,300200333_,"Кабель, провод, СКС",0.4096
SE,300200335_,Щиты и боксы,0.3869
SE,300200343_,Щиты и боксы,0.672
SE,300200346_,"Шины, клеммы, изоляторы",0.6249
SE,300200347_,"Трубы, кабель-каналы, лотки",0.2766
SE,300200348_,"Трубы, кабель-каналы, лотки",0.4122
SE,300200350_,"Шины, клеммы, изоляторы",0.3994
SE,300200351_,Розетки и выключатели,0.9997
SE,300200352_,"Контакторы, пускатели, управление",0.4556
SE,300200362_,"Кабель, провод, СКС",0.5426
SE,300200363_,Измерения и инструмент,0.3899
SE,300200364_,Щиты и боксы,0.8438
SE,300200365_,Щиты и боксы,0.7383
SE,300200366_,Измерения и инструмент,0.4535
SE,300200367_,"Кабель, провод, СКС",0.7111
SE,300200368_,Щиты и боксы,0.296
SE,300200369_,Розетки и выключатели,0.9048
SE,300200370_,Щиты и боксы,0.6441
SE,300200371_,Измерения и инструмент,0.4102
SE,300200372_,Щиты и боксы,0.7099
SE,300200373_,Щиты и боксы,0.804
SE,300200374_,Щиты и боксы,0.67
SE,300200375_,"Кабель, провод, СКС",0.2943
SE,300200376_,"Кабель, провод, СКС",0.2423
SE,300200377_,"Кабель, провод, СКС",0.2488
SE,300200378_,"Кабель, провод, СКС",0.2868
SE,300200379_,Измерения и инструмент,0.2698
SE,300200380_,"Кабель, провод, СКС",0.3055
SE,300200404_,"Кабель, провод, СКС",0.8274
SE,300200410_,"Кабель, провод, СКС",0.719
SE,300200412_,Розетки и выключатели,0.2877
SE,300200413_,"Кабель, провод, СКС",0.2974
SE,300200417_,Розетки и выключатели,0.9457
SE,300200418_,"Шины, клеммы, изоляторы",0.8511
SE,300200419_,Розетки и выключатели,0.9933
SE,300200420_,Измерения и инструмент,0.7757
SE,300200421_,"Кабель, провод, СКС",0.7037
SE,300200422_,Измерения и инструмент,0.7297
SE,300200423_,Измерения и инструмент,0.9832
SE,300200424_,"Кабель, провод, СКС",0.5423
SE,300200425_,Розетки и выключатели,0.889
SE,300200426_,"Кабель, провод, СКС",0.7247
SE,300200427_,Щиты и боксы,0.3049
SE,300200428_,Щиты и боксы,0.4227
SE,300200429_,Щиты и боксы,0.4075
SE,300200430_,"Кабель, провод, СКС",0.3468
SE,300200431_,"Кабель, провод, СКС",0.3132
SE,300200432_,"Кабель, провод, СКС",0.357
SE,300200433_,Щиты и боксы,0.3778
SE,300200434_,"Шины, клеммы, изоляторы",0.4217
SE,300200435_,Измерения и инструмент,0.5781
SE,300200436_,Щиты и боксы,0.3909
SE,300200437_,Измерения и инструмент,0.779
SE,300200438_,Измерения и инструмент,0.3307
SE,300200439_,"Кабель, провод, СКС",0.6355
SE,300200440_,Измерения и инструмент,0.7546
SE,300200441_,Щиты и боксы,0.6505
SE,300200442_,Розетки и выключатели,0.9647
SE,300200443_,Измерения и инструмент,0.3519
SE,300200444_,Измерения и инструмент,0.393
SE,300200445_,"Кабель, провод, СКС",0.4063
SE,300200446_,"Кабель, провод, СКС",0.6651
SE,300200447_,Измерения и инструмент,0.371
SE,300200448_,"Кабель, провод, СКС",0.6325
SE,300200449_,"Кабель, провод, СКС",0.3796
SE,300200450_,Розетки и выключатели,0.6347
SE,300200451_,"Кабель, провод, СКС",0.6823
SE,300200452_,Щиты и боксы,0.2146
SE,300200454_,"Кабель, провод, СКС",0.5617
SE,300200456_,"Кабель, провод, СКС",0.8786
SE,300200458_,Розетки и выключатели,0.9299
SE,300200459_,Измерения и инструмент,0.7586
SE,300200460_,Измерения и инструмент,0.4046
SE,300200461_,Измерения и инструмент,0.4688
SE,300200462_,"Кабель, провод, СКС",0.8211
SE,300200463_,Измерения и инструмент,0.8242
SE,300200464_,Измерения и инструмент,0.6514
SE,300200465_,Измерения и инструмент,0.8222
SE,300200466_,Измерения и инструмент,0.3906
SE,300200467_,Измерения и инструмент,0.5214
SE,300200468_,Щиты и боксы,0.6394
SE,300200469_,"Кабель, провод, СКС",0.4073
SE,300200470_,Розетки и выключатели,0.9894
SE,300200471_,Щиты и боксы,0.4755
SE,300200472_,"Шины, клеммы, изоляторы",0.2902
SE,300200473_,Щиты и боксы,0.745
SE,300200474_,"Шины, клеммы, изоляторы",0.3289
SE,300200495_,Розетки и выключатели,0.333
SE,300200496_,"Кабель, провод, СКС",0.3582
SE,300200497_,Коробки установочные,0.6382
SE,300200498_,"Кабель, провод, СКС",0.7124
SE,300200511_,"Шины, клеммы, изоляторы",0.7664
SE,300200515_,Щиты и боксы,0.6543
SE,300200516_,Щиты и боксы,0.4409
SE,300200517_,"Кабель, провод, СКС",0.8056
SE,300200518_,"Шины, клеммы, изоляторы",0.6208
SE,300200519_,"Кабель, провод, СКС",0.802
SE,300200520_,Щиты и боксы,0.7233
SE,300200521_,"Кабель, провод, СКС",0.5518
SE,300200522_,Измерения и инструмент,0.8862
SE,300200523_,"Кабель, провод, СКС",0.5053
SE,300200524_,Измерения и инструмент,0.9602
SE,300200525_,Измерения и инструмент,0.6426
SE,300200526_,Розетки и выключатели,0.2387
SE,300200527_,"Кабель, провод, СКС",0.8341
SE,300200528_,"Кабель, провод, СКС",0.5802
SE,300200529_,"Кабель, провод, СКС",0.6756
SE,300200530_,Щиты и боксы,0.5617
SE,300200531_,Щиты и боксы,0.4543
SE,300200532_,"Шины, клеммы, изоляторы",0.6903
SE,300200533_,Щиты и боксы,0.4904
SE,300200534_,Розетки и выключатели,0.4138
SE,300200535_,Розетки и выключатели,0.9182
SE,300200536_,"Кабель, провод, СКС",0.4944
SE,300200537_,"Кабель, провод, СКС",0.4746
SE,300200538_,"Кабель, провод, СКС",0.411
SE,300200539_,"Кабель, провод, СКС",0.4636
SE,300200540_,"Кабель, провод, СКС",0.4559
SE,300200541_,"Кабель, провод, СКС",0.7649
SE,300200542_,Розетки и выключатели,0.3392
SE,300200543_,Измерения и инструмент,0.904
SE,300200544_,Измерения и инструмент,0.9503
SE,300200545_,Измерения и инструмент,0.9004
SE,300200546_,Измерения и инструмент,0.9611
SE,300200547_,Измерения и инструмент,0.9512
SE,300200548_,"Шины, клеммы, изоляторы",0.3431
SE,300200549_,"Кабель, провод, СКС",0.6763
SE,300200550_,"Кабель, провод, СКС",0.6902
SE,300200551_,"Кабель, провод, СКС",0.4905
SE,300200552_,Щиты и боксы,0.3829
SE,300200553_,"Шины, клеммы, изоляторы",0.2789
SE,300200554_,"Шины, клеммы, изоляторы",0.7823
SE,300200555_,Измерения и инструмент,0.4973
SE,300200556_,Розетки и выключатели,0.4095
SE,300200557_,Розетки и выключатели,0.9888
SE,300200558_,Измерения и инструмент,0.8576
SE,300200559_,Измерения и инструмент,0.5913
SE,300200560_,Измерения и инструмент,0.5935
SE,300200561_,Измерения и инструмент,0.3993
SE,300200562_,Измерения и инструмент,0.5445
SE,300200563_,"Кабель, провод, СКС",0.725
SE,300200564_,Щиты и боксы,0.4557
SE,300200565_,Измерения и инструмент,0.633
SE,300200566_,Измерения и инструмент,0.8626
SE,300200567_,Измерения и инструмент,0.7944
SE,300200568_,Измерения и инструмент,0.9451
SE,300200569_,Измерения и инструмент,0.5731
SE,300200570_,"Шины, клеммы, изоляторы",0.4377
SE,300200571_,"Кабель, провод, СКС",0.7878
SE,300200572_,"Кабель, провод, СКС",0.8117
SE,300200573_,"Кабель, провод, СКС",0.619
SE,300200574_,Щиты и боксы,0.341
SE,300200575_,Щиты и боксы,0.2953
SE,300200576_,"Кабель, провод, СКС",0.3055
SE,300200577_,Щиты и боксы,0.4669
SE,300200578_,Розетки и выключатели,0.9465
SE,300200579_,"Шины, клеммы, изоляторы",0.2273
SE,300200580_,"Шины, клеммы, изоляторы",0.3162
SE,300200581_,Измерения и инструмент,0.3902
SE,300200582_,"Кабель, провод, СКС",0.2307
SE,300200583_,"Шины, клеммы, изоляторы",0.2794
SE,300200584_,"Кабель, провод, СКС",0.8059
SE,300200586_,"Кабель, провод, СКС",0.5092
SE,300200588_,"Кабель, провод, СКС",0.3632
SE,300200589_,"Кабель, провод, СКС",0.3675
SE,300200590_,"Кабель, провод, СКС",0.6317
SE,300200591_,"Кабель, провод, СКС",0.5006
SE,300200592_,"Кабель, провод, СКС",0.4939
SE,300200593_,"Кабель, провод, СКС",0.4186
SE,300200594_,"Кабель, провод, СКС",0.5464
SE,300200595_,"Кабель, провод, СКС",0.4728
SE,300200622_,Щиты и боксы,0.4371
SE,300200623_,Розетки и выключатели,0.394
SE,300200624_,Щиты и боксы,0.3058
SE,300200627_,Розетки и выключатели,0.9963
SE,300200632_,"Кабель, провод, СКС",0.3033
SE,300200635_,Розетки и выключатели,0.9808
SE,300200700_,Щиты и боксы,0.2911
SE,300200704_,Щиты и боксы,0.5192
SE,300200718_,Щиты и боксы,0.3199
SE,300200719_,Щиты и боксы,0.6119
SE,300200720_,Измерения и инструмент,0.9148
SE,300200721_,Измерения и инструмент,0.9266
SE,300200722_,Измерения и инструмент,0.917
SE,300200723_,Измерения и инструмент,0.9498
SE,300200724_,Измерения и инструмент,0.8864
SE,300200725_,Розетки и выключатели,0.3794
SE,300200726_,"Кабель, провод, СКС",0.5517
SE,300200727_,"Кабель, провод, СКС",0.6484
SE,300200728_,Измерения и инструмент,0.3469
SE,300200729_,Измерения и инструмент,0.4888
SE,300200730_,Щиты и боксы,0.3472
SE,300200731_,"Шины, клеммы, изоляторы",0.763
SE,300200732_,Щиты и боксы,0.3217
SE,300200733_,Розетки и выключатели,0.4558
SE,300200734_,Розетки и выключатели,0.9342
SE,300200735_,Щиты и боксы,0.2214
SE,300200736_,Измерения и инструмент,0.3203
SE,300200737_,Измерения и инструмент,0.2781
SE,300200738_,Щиты и боксы,0.2475
SE,300200739_,Щиты и боксы,0.2065
SE,300200740_,"Кабель, провод, СКС",0.4917
SE,300200741_,Щиты и боксы,0.3245
SE,300200742_,"Кабель, провод, СКС",0.4467
SE,300200743_,"Кабель, провод, СКС",0.4229
SE,300200744_,"Трубы, кабель-каналы, лотки",0.4017
SE,300200745_,Щиты и боксы,0.326
SE,300200746_,"Кабель, провод, СКС",0.4604
SE,300200747_,"Кабель, провод, СКС",0.3252
SE,300200748_,"Кабель, провод, СКС",0.3117
SE,300200749_,"Кабель, провод, СКС",0.5554
SE,300200750_,"Кабель, провод, СКС",0.4007
SE,300200751_,"Кабель, провод, СКС",0.2929
SE,300200752_,"Трубы, кабель-каналы, лотки",0.238
SE,300200753_,"Кабель, провод, СКС",0.4171
SE,300200754_,Щиты и боксы,0.7748
SE,300200755_,Щиты и боксы,0.8092
SE,300200767_,Измерения и инструмент,0.6668
SE,300200771_,"Кабель, провод, СКС",0.3912
SE,300200772_,"Кабель, провод, СКС",0.3813
SE,300200773_,"Кабель, провод, СКС",0.3896
SE,300200774_,"Кабель, провод, СКС",0.7253
SE,300200775_,Светильники и лампы,0.5207
SE,300200776_,Щиты и боксы,0.5719
SE,300200777_,"Кабель, провод, СКС",0.3302
SE,300200778_,Щиты и боксы,0.4897
SE,300200779_,Щиты и боксы,0.3622
SE,300200780_,"Кабель, провод, СКС",0.5676
SE,300200781_,Измерения и инструмент,0.4628
SE,300200782_,"Кабель, провод, СКС",0.6474
SE,300200783_,"Кабель, провод, СКС",0.6572
SE,300200784_,Щиты и боксы,0.7602
SE,300200785_,"Кабель, провод, СКС",0.416
SE,300200786_,"Кабель, провод, СКС",0.4977
SE,300200787_,"Кабель, провод, СКС",0.4693
SE,300200788_,"Кабель, провод, СКС",0.4925
SE,300200789_,"Трубы, кабель-каналы, лотки",0.7808
SE,300200790_,"Кабель, провод, СКС",0.7268
SE,300200791_,"Кабель, провод, СКС",0.6422
SE,300200792_,Розетки и выключатели,0.3418
SE,300200793_,Щиты и боксы,0.5719
SE,300200794_,Щиты и боксы,0.7847
SE,300200795_,"Кабель, провод, СКС",0.349
SE,300200796_,"Кабель, провод, СКС",0.3394
SE,300200797_,"Кабель, провод, СКС",0.3328
SE,300200798_,"Кабель, провод, СКС",0.3794
SE,300200799_,"Кабель, провод, СКС",0.3485
SE,300200800_,"Кабель, провод, СКС",0.6941
SE,300200801_,"Кабель, провод, СКС",0.2957
SE,300200802_,"Кабель, провод, СКС",0.3038
SE,300200803_,Щиты и боксы,0.7075
SE,300200804_,"Кабель, провод, СКС",0.62
SE,300200805_,"Трубы, кабель-каналы, лотки",0.5521
SE,300200806_,"Трубы, кабель-каналы, лотки",0.5177
SE,300200807_,Розетки и выключатели,0.3707
SE,300200808_,"Кабель, провод, СКС",0.4147
SE,300200809_,Щиты и боксы,0.5649
SE,300200810_,Розетки и выключатели,0.481
SE,300200811_,Щиты и боксы,0.4045
SE,300200812_,"Кабель, провод, СКС",0.5155
SE,300200813_,"Кабель, провод, СКС",0.5731
SE,300200814_,"Кабель, провод, СКС",0.5667
SE,300200815_,"Кабель, провод, СКС",0.5827
SE,300200816_,"Трубы, кабель-каналы, лотки",0.7676
SE,300200817_,"Кабель, провод, СКС",0.8041
SE,300200818_,"Кабель, провод, СКС",0.7026
SE,300200819_,"Шины, клеммы, изоляторы",0.603
SE,300200820_,Щиты и боксы,0.8338
SE,300200821_,"Кабель, провод, СКС",0.4084
SE,300200822_,"Кабель, провод, СКС",0.4252
SE,300200823_,"Кабель, провод, СКС",0.3491
SE,300200824_,"Кабель, провод, СКС",0.3985
SE,300200825_,"Кабель, провод, СКС",0.37
SE,300200826_,"Кабель, провод, СКС",0.7976
SE,300200827_,"Кабель, провод, СКС",0.708
SE,300200828_,"Шины, клеммы, изоляторы",0.3337
SE,300200829_,"Шины, клеммы, изоляторы",0.4078
SE,300200830_,Розетки и выключатели,0.3922
SE,300200831_,"Кабель, провод, СКС",0.392
SE,300200832_,Щиты и боксы,0.4122
SE,300200833_,Розетки и выключатели,0.3696
SE,300200834_,"Кабель, провод, СКС",0.5206
SE,300200835_,"Кабель, провод, СКС",0.5224
SE,300200836_,"Кабель, провод, СКС",0.4755
SE,300200837_,"Кабель, провод, СКС",0.3793
SE,300200838_,"Трубы, кабель-каналы, лотки",0.6634
SE,300200839_,"Кабель, провод, СКС",0.7516
SE,300200840_,"Кабель, провод, СКС",0.6344
SE,300200841_,"Шины, клеммы, изоляторы",0.5701
SE,300200842_,Щиты и боксы,0.6424
SE,300200843_,"Кабель, провод, СКС",0.3098
SE,300200844_,Щиты и боксы,0.6081
SE,300200845_,Щиты и боксы,0.6605
SE,300200846_,Измерения и инструмент,0.4139
SE,300200847_,Измерения и инструмент,0.4128
SE,300200848_,Измерения и инструмент,0.4111
SE,300200849_,Измерения и инструмент,0.416
SE,300200850_,Измерения и инструмент,0.3976
SE,300200851_,"Кабель, провод, СКС",0.7291
SE,300200852_,"Кабель, провод, СКС",0.6161
SE,300200853_,"Трубы, кабель-каналы, лотки",0.3195
SE,300200854_,Измерения и инструмент,0.3324
SE,300200855_,Розетки и выключатели,0.6336
SE,300200856_,Щиты и боксы,0.6696
SE,300200857_,Розетки и выключатели,0.3668
SE,300200858_,"Кабель, провод, СКС",0.4663
SE,300200859_,"Кабель, провод, СКС",0.4602
SE,300200860_,"Кабель, провод, СКС",0.4789
SE,300200861_,"Трубы, кабель-каналы, лотки",0.6474
SE,300200862_,"Кабель, провод, СКС",0.7203
SE,300200863_,"Кабель, провод, СКС",0.5529
SE,300200864_,"Шины, клеммы, изоляторы",0.8678
SE,300200865_,Щиты и боксы,0.3813
SE,300200866_,Щиты и боксы,0.7158
SE,300200867_,Щиты и боксы,0.7709
SE,300200868_,"Кабель, провод, СКС",0.2911
SE,300200869_,"Кабель, провод, СКС",0.2591
SE,300200870_,"Кабель, провод, СКС",0.2464
SE,300200871_,"Кабель, провод, СКС",0.2679
SE,300200872_,"Кабель, провод, СКС",0.2411
SE,300200873_,"Кабель, провод, СКС",0.6802
SE,300200874_,"Кабель, провод, СКС",0.3855
SE,300200875_,Щиты и боксы,0.7326
SE,300200876_,Измерения и инструмент,0.3874
SE,300200877_,Измерения и инструмент,0.3442
SE,300200878_,"Кабель, провод, СКС",0.5882
SE,300200879_,"Шины, клеммы, изоляторы",0.6065
SE,300200880_,Измерения и инструмент,0.419
SE,300200881_,Розетки и выключатели,0.4011
SE,300200882_,"Кабель, провод, СКС",0.2752
SE,300200883_,"Кабель, провод, СКС",0.3256
SE,300200884_,"Кабель, провод, СКС",0.2869
SE,300200885_,"Кабель, провод, СКС",0.3173
SE,300200886_,"Кабель, провод, СКС",0.3073
SE,300200887_,Щиты и боксы,0.6883
SE,300200888_,Розетки и выключатели,0.3841
SE,300200889_,"Кабель, провод, СКС",0.42
SE,300200890_,"Кабель, провод, СКС",0.4481
SE,300200891_,"Кабель, провод, СКС",0.443
SE,300200892_,"Трубы, кабель-каналы, лотки",0.857
SE,300200893_,"Кабель, провод, СКС",0.6902
SE,300200894_,"Кабель, провод, СКС",0.5335
SE,300200895_,"Трубы, кабель-каналы, лотки",0.619
SE,300200896_,Щиты и боксы,0.3933
SE,300200897_,Щиты и боксы,0.4912
SE,300200898_,Измерения и инструмент,0.466
SE,300200899_,Измерения и инструмент,0.4202
SE,300200900_,Измерения и инструмент,0.4473
SE,300200901_,Измерения и инструмент,0.436
SE,300200902_,Измерения и инструмент,0.4451
SE,300200903_,"Кабель, провод, СКС",0.6923
SE,300200904_,"Кабель, провод, СКС",0.6803
SE,300200905_,"Трубы, кабель-каналы, лотки",0.5908
SE,300200906_,Измерения и инструмент,0.3928
SE,300200907_,"Трубы, кабель-каналы, лотки",0.3754
SE,300200908_,"Кабель, провод, СКС",0.3483
SE,300200909_,Щиты и боксы,0.5535
SE,300200910_,Щиты и боксы,0.3963
SE,300200911_,"Кабель, провод, СКС",0.3285
SE,300200912_,Розетки и выключатели,0.4294
SE,300200913_,"Кабель, провод, СКС",0.5477
SE,300200914_,"Кабель, провод, СКС",0.5551
SE,300200915_,"Кабель, провод, СКС",0.5549
SE,300200916_,"Трубы, кабель-каналы, лотки",0.6056
SE,300200917_,"Кабель, провод, СКС",0.7585
SE,300200918_,"Кабель, провод, СКС",0.6896
SE,300200919_,"Шины, клеммы, изоляторы",0.5156
SE,300200920_,Щиты и боксы,0.4723
SE,300200921_,Измерения и инструмент,0.4411
SE,300200922_,Измерения и инструмент,0.5886
SE,300200923_,Измерения и инструмент,0.4776
SE,300200924_,Измерения и инструмент,0.4102
SE,300200925_,Измерения и инструмент,0.4551
SE,300200926_,"Кабель, провод, СКС",0.76
SE,300200927_,"Кабель, провод, СКС",0.6642
SE,300200928_,"Трубы, кабель-каналы, лотки",0.3555
SE,300200929_,Измерения и инструмент,0.3241
SE,300200930_,Розетки и выключатели,0.4735
SE,300200931_,Измерения и инструмент,0.5144
SE,300200932_,Щиты и боксы,0.4739
SE,300200933_,"Кабель, провод, СКС",0.3066
SE,300200934_,"Кабель, провод, СКС",0.3765
SE,300200935_,"Шины, клеммы, изоляторы",0.3295
SE,300200936_,"Кабель, провод, СКС",0.3681
SE,300200937_,"Кабель, провод, СКС",0.3373
SE,300200938_,"Трубы, кабель-каналы, лотки",0.6337
SE,300200939_,"Кабель, провод, СКС",0.778
SE,300200940_,"Кабель, провод, СКС",0.6334
SE,300200941_,"Шины, клеммы, изоляторы",0.7734
SE,300200942_,"Кабель, провод, СКС",0.2635
SE,300200943_,Щиты и боксы,0.5169
SE,300200944_,Щиты и боксы,0.8582
SE,300200945_,"Шины, клеммы, изоляторы",0.397
SE,300200946_,"Шины, клеммы, изоляторы",0.4148
SE,300200947_,"Шины, клеммы, изоляторы",0.3983
SE,300200948_,"Шины, клеммы, изоляторы",0.4748
SE,300200949_,"Шины, клеммы, изоляторы",0.5466
SE,300200950_,"Кабель, провод, СКС",0.795
SE,300200951_,"Кабель, провод, СКС",0.323
SE,300200952_,"Кабель, провод, СКС",0.5049
SE,300200953_,"Шины, клеммы, изоляторы",0.6086
SE,300200954_,"Шины, клеммы, изоляторы",0.6171
SE,300200955_,Розетки и выключатели,0.4859
SE,300200956_,Измерения и инструмент,0.9991
SE,300200959_,"Шины, клеммы, изоляторы",0.331
SE,300200961_,Измерения и инструмент,0.28
SE,300200962_,Измерения и инструмент,0.6228
SE,300200963_,Измерения и инструмент,0.743
SE,300200964_,Измерения и инструмент,0.7491
SE,300200965_,Измерения и инструмент,0.7607
SE,300200966_,Измерения и инструмент,0.8467
SE,300200967_,Измерения и инструмент,0.4586
SE,300200968_,Измерения и инструмент,0.4738
SE,300201148_,"Кабель, провод, СКС",0.4117
SE,300201149_,"Кабель, провод, СКС",0.3181
SE,300201150_,Измерения и инструмент,0.4496
SE,300201151_,"Трубы, кабель-каналы, лотки",0.2697
SE,300201152_,"Трубы, кабель-каналы, лотки",0.2201
SE,300201153_,Измерения и инструмент,0.3153
SE,300201154_,Измерения и инструмент,0.2078
SE,300201155_,Измерения и инструмент,0.4281
SE,ATN000108,"Шины, клеммы, изоляторы",0.2788
SE,ATN000109,"Шины, клеммы, изоляторы",0.986
SE,ATN000139,Розетки и выключатели,0.9144
SE,ATN000330,Розетки и выключатели,0.9288
SE,ATN000389,Розетки и выключатели,0.9998
SE,ATN000393,"Кабель, провод, СКС",0.2903
SE,ATN000399,"Кабель, провод, СКС",0.9706
SE,ATN000439,Розетки и выключатели,0.826
SE,ATN000446,Щиты и боксы,0.4408
SE,ATN000449,Розетки и выключатели,0.7796
SE,ATN000487,Розетки и выключатели,0.9929
SE,ATN000493,"Кабель, провод, СКС",0.3139
SE,ATN000499,"Кабель, провод, СКС",0.8405
SE,ATN000532,Розетки и выключатели,0.9985
SE,ATN000539,"Трубы, кабель-каналы, лотки",0.2578
SE,ATN000724,"Кабель, провод, СКС",0.4815
SE,ATN001105,"Кабель, провод, СКС",0.5538
SE,ATN001130,Розетки и выключатели,0.9949
SE,ATN001132,Розетки и выключатели,0.9995
SE,ATN001133,Розетки и выключатели,0.8553
SE,ATN001209,"Кабель, провод, СКС",0.4696
SE,ATN001230,Розетки и выключатели,0.9793
SE,ATN001232,Розетки и выключатели,0.9914
SE,ATN001233,Розетки и выключатели,0.7976
SE,ATN001239,Розетки и выключатели,0.8795
SE,ATN001302,"Кабель, провод, СКС",0.3134
SE,ATN001420,Розетки и выключатели,0.7205
SE,ATN200101,"Кабель, провод, СКС",0.5632
SE,ATN200102,"Кабель, провод, СКС",0.5313
SE,ATN200111,"Кабель, провод, СКС",0.367
SE,ATN200145,Розетки и выключатели,0.6268
SE,ATN540113,Автоматы и предохранители,0.3748
SE,ATN540115,Автоматы и предохранители,0.5991
SE,ATN544013,Автоматы и предохранители,0.2754
SE,ATN544015,Автоматы и предохранители,0.4611
SE,BLNIA045003,Розетки и выключатели,0.9827
SE,BLNRA000315,Розетки и выключатели,0.9977
SE,BLNRA000415,Розетки и выключатели,0.9952
SE,BLNRA010213,Розетки и выключатели,1.0
SE,BLNRA010215,Розетки и выключатели,1.0
SE,BLNRA010312,Розетки и выключатели,0.979
SE,BLNRA010313,Розетки и выключатели,0.9812
SE,BLNRA010314,Розетки и выключатели,0.9934
SE,BLNRA010315,Розетки и выключатели,0.998
SE,BLNRA110115,Розетки и выключатели,0.9971
SE,BLNVA101013,"Кабель, провод, СКС",0.286
SE,BLNVA101014,"Кабель, провод, СКС",0.3002
SE,BLNVA101015,"Кабель, провод, СКС",0.3236
SE,BLNVA105013,"Кабель, провод, СКС",0.3221
SE,BLNVA105014,"Кабель, провод, СКС",0.3165
SE,BLNVA105015,"Кабель, провод, СКС",0.3345
SE,BLNVA106012,"Контакторы, пускатели, управление",0.573
SE,BLNVA106013,"Контакторы, пускатели, управление",0.3612
SE,BLNVA106014,"Контакторы, пускатели, управление",0.4096
SE,GAL000584,Коробки установочные,0.6636
SE,GSL000185KK,Розетки и выключатели,0.9998
SE,KD-2-48,"Кабель, провод, СКС",0.3731
SE,KD-2-88,"Кабель, провод, СКС",0.4647
SE,KD-3-48,"Кабель, провод, СКС",0.4511
SE,KD-RS254-18,"Кабель, провод, СКС",0.3802
SE,LNVA105011,"Кабель, провод, СКС",0.4448
SE,RA10-164-BI,Розетки и выключатели,0.989
SE,RA16-213-BI,Розетки и выключатели,0.96
SE,RAT-1A3-B,Розетки и выключатели,0.9981
SE,RS16-212-S,Розетки и выключатели,0.9859
SE,RS6-253-18,Розетки и выключатели,0.964
SE,RSI-251KK5E-28,Розетки и выключатели,0.9937
SE,RT-4A3-B,Розетки и выключатели,0.9943
SE,S56-043-BI,Розетки и выключатели,0.5942
SE,VA1U-112-B,"Кабель, провод, СКС",0.5309
SE,VA510-228B-BI,Розетки и выключатели,0.5301
SE,VS116-153-1-86,Розетки и выключатели,0.8308
SE,VS116-154-1-86,Розетки и выключатели,0.8145
SE,VS516-252-18,Розетки и выключатели,0.4998
SE,WDE000151,"Кабель, провод, СКС",0.5666
SE,WDE000185,Розетки и выключатели,0.9981
SE,WDE000193,Розетки и выключатели,0.9814
SE,WDE000195,Розетки и выключатели,0.9788
SE,WDE000302,Щиты и боксы,0.4578
SE,WDE000303,Щиты и боксы,0.4912
SE,WDE000304,Щиты и боксы,0.4738
SE,WDE000311,"Кабель, провод, СКС",0.6617
SE,WDE000351,"Кабель, провод, СКС",0.6947
SE,WDE000381,Розетки и выключатели,0.9736
SE,WDE000391,Розетки и выключатели,0.9716
SE,WDE000403,Щиты и боксы,0.6048
SE,WDE000404,Щиты и боксы,0.6391
SE,WDE000411,"Кабель, провод, СКС",0.51
SE,WDE000413,Розетки и выключатели,0.5353
SE,WDE000431,"Кабель, провод, СКС",0.8761
SE,WDE000436,Измерения и инструмент,0.9825
SE,WDE000441,Розетки и выключатели,0.9818
SE,WDE000448,Розетки и выключатели,0.9778
SE,WDE000451,"Кабель, провод, СКС",0.5399
SE,WDE000461,"Кабель, провод, СКС",0.8336
SE,WDE000471,"Кабель, провод, СКС",0.5347
SE,WDE000481,Розетки и выключатели,0.9774
SE,WDE000493,Розетки и выключатели,1.0
SE,щщщ0116254,"Контакторы, пускатели, управление",0.3746
SE,яярп5490,"Шины, клеммы, изоляторы",0.3247
