supplier,sku,group,prob,source
IEK,0000352,"Контакторы, пускатели, управление",1.0,rules
IEK,010300001_,УЗО и дифавтоматы,1.0,rules
IEK,010300002_,УЗО и дифавтоматы,1.0,rules
IEK,010300003_,УЗО и дифавтоматы,1.0,rules
IEK,010300004_,УЗО и дифавтоматы,1.0,rules
IEK,010300005_,УЗО и дифавтоматы,1.0,rules
IEK,010300006_,УЗО и дифавтоматы,1.0,rules
IEK,010300007_,УЗО и дифавтоматы,1.0,rules
IEK,010300008_,УЗО и дифавтоматы,1.0,rules
IEK,010300009_,УЗО и дифавтоматы,1.0,rules
IEK,010300010_,УЗО и дифавтоматы,1.0,rules
IEK,010300011_,УЗО и дифавтоматы,1.0,rules
IEK,010300012_,УЗО и дифавтоматы,1.0,rules
IEK,010300013_,УЗО и дифавтоматы,1.0,rules
IEK,010300014_,УЗО и дифавтоматы,1.0,rules
IEK,010300015_,УЗО и дифавтоматы,1.0,rules
IEK,010300016_,УЗО и дифавтоматы,1.0,rules
IEK,010300017_,УЗО и дифавтоматы,1.0,rules
IEK,010300018_,УЗО и дифавтоматы,1.0,rules
IEK,010300019_,УЗО и дифавтоматы,1.0,rules
IEK,010300020_,УЗО и дифавтоматы,1.0,rules
IEK,010300021_,УЗО и дифавтоматы,1.0,rules
IEK,010300023_,УЗО и дифавтоматы,1.0,rules
IEK,010300024_,УЗО и дифавтоматы,1.0,rules
IEK,010300052_,УЗО и дифавтоматы,1.0,rules
IEK,010300053_,УЗО и дифавтоматы,1.0,rules
IEK,010300057_,УЗО и дифавтоматы,1.0,rules
IEK,010300068_,УЗО и дифавтоматы,1.0,rules
IEK,010300069_,УЗО и дифавтоматы,1.0,rules
IEK,010300074_,УЗО и дифавтоматы,1.0,rules
IEK,010300075_,УЗО и дифавтоматы,1.0,rules
IEK,010300094_,УЗО и дифавтоматы,1.0,rules
IEK,010300095_,УЗО и дифавтоматы,1.0,rules
IEK,010300096_,УЗО и дифавтоматы,1.0,rules
IEK,010300103_,УЗО и дифавтоматы,1.0,rules
IEK,010300108_,УЗО и дифавтоматы,1.0,rules
IEK,010300115_,УЗО и дифавтоматы,1.0,rules
IEK,010300121_,УЗО и дифавтоматы,1.0,rules
IEK,010300122_,УЗО и дифавтоматы,1.0,rules
IEK,010300123_,УЗО и дифавтоматы,1.0,rules
IEK,010300124_,УЗО и дифавтоматы,1.0,rules
IEK,010300125_,УЗО и дифавтоматы,1.0,rules
IEK,010300127_,УЗО и дифавтоматы,1.0,rules
IEK,010300130_,УЗО и дифавтоматы,1.0,rules
IEK,010300131_,УЗО и дифавтоматы,1.0,rules
IEK,010300142_,УЗО и дифавтоматы,1.0,rules
IEK,010300144_,УЗО и дифавтоматы,1.0,rules
IEK,010300150_,УЗО и дифавтоматы,1.0,rules
IEK,010300153_,УЗО и дифавтоматы,1.0,rules
IEK,010300156_,УЗО и дифавтоматы,1.0,rules
IEK,010300157_,УЗО и дифавтоматы,1.0,rules
IEK,010300159_,УЗО и дифавтоматы,1.0,rules
IEK,010300160_,УЗО и дифавтоматы,1.0,rules
IEK,010300161_,УЗО и дифавтоматы,1.0,rules
IEK,010300162_,УЗО и дифавтоматы,1.0,rules
IEK,010300163_,УЗО и дифавтоматы,1.0,rules
IEK,010300165_,УЗО и дифавтоматы,1.0,rules
IEK,010300166_,УЗО и дифавтоматы,1.0,rules
IEK,010300167_,УЗО и дифавтоматы,1.0,rules
IEK,010300168_,УЗО и дифавтоматы,1.0,rules
IEK,010300169_,УЗО и дифавтоматы,1.0,rules
IEK,010300171_,УЗО и дифавтоматы,1.0,rules
IEK,010300184_,УЗО и дифавтоматы,1.0,rules
IEK,010300185_,УЗО и дифавтоматы,1.0,rules
IEK,010300188_,УЗО и дифавтоматы,1.0,rules
IEK,010300189_,УЗО и дифавтоматы,1.0,rules
IEK,010300191_,УЗО и дифавтоматы,1.0,rules
IEK,010300200_,УЗО и дифавтоматы,1.0,rules
IEK,010300239_,Розетки и выключатели,1.0,rules
IEK,010300242_,Розетки и выключатели,1.0,rules
IEK,010300250_,Розетки и выключатели,1.0,rules
IEK,010300251_,Прочее,0.744,laya_low_confidence
IEK,010300252_,Прочее,0.787,laya_low_confidence
IEK,010400842_,"Контакторы, пускатели, управление",1.0,rules
IEK,010400849_,"Контакторы, пускатели, управление",1.0,rules
IEK,010400850_,"Контакторы, пускатели, управление",1.0,rules
IEK,010400854_,"Контакторы, пускатели, управление",1.0,rules
IEK,010400865_,"Контакторы, пускатели, управление",1.0,rules
IEK,010400867_,"Контакторы, пускатели, управление",1.0,rules
IEK,010400925_,"Контакторы, пускатели, управление",1.0,rules
IEK,010400926_,"Контакторы, пускатели, управление",1.0,rules
IEK,010400927_,"Контакторы, пускатели, управление",1.0,rules
IEK,010400928_,"Контакторы, пускатели, управление",1.0,rules
IEK,010400929_,"Контакторы, пускатели, управление",1.0,rules
IEK,010400930_,"Контакторы, пускатели, управление",1.0,rules
IEK,010400931_,"Контакторы, пускатели, управление",1.0,rules
IEK,010400932_,"Контакторы, пускатели, управление",1.0,rules
IEK,010400933_,"Контакторы, пускатели, управление",1.0,rules
IEK,010400934_,"Контакторы, пускатели, управление",1.0,rules
IEK,010400939_,Прочее,0.189,laya_low_confidence
IEK,010400940_,Розетки и выключатели,1.0,rules
IEK,010400941_,Розетки и выключатели,1.0,rules
IEK,010400942_,Розетки и выключатели,1.0,rules
IEK,010400943_,Прочее,0.482,laya_low_confidence
IEK,010400944_,Прочее,0.511,laya_low_confidence
IEK,010400945_,Розетки и выключатели,1.0,rules
IEK,010400946_,Розетки и выключатели,1.0,rules
IEK,010400947_,Прочее,0.469,laya_low_confidence
IEK,010400948_,Прочее,0.206,laya_low_confidence
IEK,010400949_,Розетки и выключатели,1.0,rules
IEK,010400950_,Прочее,0.699,laya_low_confidence
IEK,010400951_,Прочее,0.183,laya_low_confidence
IEK,010400952_,Розетки и выключатели,1.0,rules
IEK,010400953_,Розетки и выключатели,1.0,rules
IEK,010400954_,Розетки и выключатели,1.0,rules
IEK,010400955_,Прочее,0.201,laya_low_confidence
IEK,010400956_,Розетки и выключатели,1.0,rules
IEK,010400957_,Розетки и выключатели,1.0,rules
IEK,010400958_,Прочее,0.466,laya_low_confidence
IEK,010500001_,Автоматы и предохранители,1.0,rules
IEK,010500002_,Автоматы и предохранители,1.0,rules
IEK,010500003_,Автоматы и предохранители,1.0,rules
IEK,010500004_,Автоматы и предохранители,1.0,rules
IEK,010500005_,Автоматы и предохранители,1.0,rules
IEK,010500006_,Автоматы и предохранители,1.0,rules
IEK,010500007_,Автоматы и предохранители,1.0,rules
IEK,010500008_,Автоматы и предохранители,1.0,rules
IEK,010500009_,Автоматы и предохранители,1.0,rules
IEK,010500010_,Автоматы и предохранители,1.0,rules
IEK,010500011_,Автоматы и предохранители,1.0,rules
IEK,010500012_,Автоматы и предохранители,1.0,rules
IEK,010500017_,Розетки и выключатели,1.0,rules
IEK,010500018_,Автоматы и предохранители,1.0,rules
IEK,010500019_,Автоматы и предохранители,1.0,rules
IEK,010500020_,Автоматы и предохранители,1.0,rules
IEK,010500021_,Автоматы и предохранители,1.0,rules
IEK,010500022_,Автоматы и предохранители,1.0,rules
IEK,010500023_,Автоматы и предохранители,1.0,rules
IEK,010500024_,Автоматы и предохранители,1.0,rules
IEK,010500025_,Автоматы и предохранители,1.0,rules
IEK,010500029_,Розетки и выключатели,1.0,rules
IEK,010500030_,Розетки и выключатели,1.0,rules
IEK,010500031_,Розетки и выключатели,1.0,rules
IEK,010500032_,Автоматы и предохранители,1.0,rules
IEK,010500033_,Автоматы и предохранители,1.0,rules
IEK,010500034_,Автоматы и предохранители,1.0,rules
IEK,010500035_,Автоматы и предохранители,1.0,rules
IEK,010500036_,Автоматы и предохранители,1.0,rules
IEK,010500037_,Автоматы и предохранители,1.0,rules
IEK,010500038_,Автоматы и предохранители,1.0,rules
IEK,010500039_,Автоматы и предохранители,1.0,rules
IEK,010500040_,Розетки и выключатели,1.0,rules
IEK,010500041_,Розетки и выключатели,1.0,rules
IEK,010500042_,Розетки и выключатели,1.0,rules
IEK,010500044_,Автоматы и предохранители,1.0,rules
IEK,010500046_,Автоматы и предохранители,1.0,rules
IEK,010500047_,Автоматы и предохранители,1.0,rules
IEK,010500048_,Автоматы и предохранители,1.0,rules
IEK,010500050_,Автоматы и предохранители,1.0,rules
IEK,010500053_,Автоматы и предохранители,1.0,rules
IEK,010500054_,Автоматы и предохранители,1.0,rules
IEK,010500063_,Автоматы и предохранители,1.0,rules
IEK,010500068_,Автоматы и предохранители,1.0,rules
IEK,010500082_,Автоматы и предохранители,1.0,rules
IEK,010500090_,Автоматы и предохранители,1.0,rules
IEK,010500091_,Автоматы и предохранители,1.0,rules
IEK,010500092_,Автоматы и предохранители,1.0,rules
IEK,010500093_,Автоматы и предохранители,1.0,rules
IEK,010500094_,Автоматы и предохранители,1.0,rules
IEK,010500095_,Автоматы и предохранители,1.0,rules
IEK,010500101_,Розетки и выключатели,1.0,rules
IEK,010500102_,Розетки и выключатели,1.0,rules
IEK,010500103_,Автоматы и предохранители,1.0,rules
IEK,010500111_,Розетки и выключатели,1.0,rules
IEK,010500122_,Розетки и выключатели,1.0,rules
IEK,010500123_,Автоматы и предохранители,1.0,rules
IEK,010500124_,Розетки и выключатели,1.0,rules
IEK,010500129_,Автоматы и предохранители,1.0,rules
IEK,010500136_,Автоматы и предохранители,1.0,rules
IEK,010500137_,Автоматы и предохранители,1.0,rules
IEK,010500138_,Автоматы и предохранители,1.0,rules
IEK,010500139_,Автоматы и предохранители,1.0,rules
IEK,010500141_,Автоматы и предохранители,1.0,rules
IEK,010500143_,Автоматы и предохранители,1.0,rules
IEK,010500145_,Автоматы и предохранители,1.0,rules
IEK,010500147_,Автоматы и предохранители,1.0,rules
IEK,010500148_,Автоматы и предохранители,1.0,rules
IEK,010500149_,Автоматы и предохранители,1.0,rules
IEK,010500150_,Автоматы и предохранители,1.0,rules
IEK,010500151_,Автоматы и предохранители,1.0,rules
IEK,010500152_,Автоматы и предохранители,1.0,rules
IEK,010500153_,Автоматы и предохранители,1.0,rules
IEK,010500156_,Автоматы и предохранители,1.0,rules
IEK,010500157_,Автоматы и предохранители,1.0,rules
IEK,010500160_,Автоматы и предохранители,1.0,rules
IEK,010500162_,Автоматы и предохранители,1.0,rules
IEK,010500163_,Автоматы и предохранители,1.0,rules
IEK,010500187_,Автоматы и предохранители,1.0,rules
IEK,010500188_,Прочее,0.498,laya_low_confidence
IEK,010700001_,Прочее,0.429,laya_low_confidence
IEK,010700002_,Прочее,0.418,laya_low_confidence
IEK,010700003_,Прочее,0.38,laya_low_confidence
IEK,010700016_,Прочее,0.569,laya_low_confidence
IEK,010700021_,Прочее,0.487,laya_low_confidence
IEK,010700029_,Прочее,0.394,laya_low_confidence
IEK,010700030_,Прочее,0.355,laya_low_confidence
IEK,010700031_,Прочее,0.419,laya_low_confidence
IEK,010700032_,Прочее,0.408,laya_low_confidence
IEK,010700036_,Автоматы и предохранители,1.0,rules
IEK,010700037_,Автоматы и предохранители,1.0,rules
IEK,010700041_,Автоматы и предохранители,1.0,rules
IEK,010700042_,Автоматы и предохранители,1.0,rules
IEK,010700043_,Автоматы и предохранители,1.0,rules
IEK,010700044_,Автоматы и предохранители,1.0,rules
IEK,010700045_,Автоматы и предохранители,1.0,rules
IEK,010700046_,Автоматы и предохранители,1.0,rules
IEK,010700047_,Прочее,0.396,laya_low_confidence
IEK,010700048_,Прочее,0.526,laya_low_confidence
IEK,010700049_,Прочее,0.4,laya_low_confidence
IEK,010700055_,Автоматы и предохранители,1.0,rules
IEK,010700058_,Автоматы и предохранители,1.0,rules
IEK,010700059_,Автоматы и предохранители,1.0,rules
IEK,010700068_,Автоматы и предохранители,1.0,rules
IEK,010700071_,Автоматы и предохранители,1.0,rules
IEK,010700084_,Прочее,0.421,laya_low_confidence
IEK,010700102_,Прочее,0.424,laya_low_confidence
IEK,010700103_,Прочее,0.43,laya_low_confidence
IEK,010700118_,Прочее,0.37,laya_low_confidence
IEK,010700133_,Прочее,0.549,laya_low_confidence
IEK,010700134_,Прочее,0.606,laya_low_confidence
IEK,010700135_,Прочее,0.621,laya_low_confidence
IEK,010700136_,Прочее,0.588,laya_low_confidence
IEK,010700137_,Прочее,0.547,laya_low_confidence
IEK,010700138_,Прочее,0.602,laya_low_confidence
IEK,010700139_,Прочее,0.553,laya_low_confidence
IEK,010700140_,Прочее,0.556,laya_low_confidence
IEK,010700141_,Прочее,0.592,laya_low_confidence
IEK,010700142_,Прочее,0.489,laya_low_confidence
IEK,010700143_,Прочее,0.528,laya_low_confidence
IEK,010700144_,Прочее,0.536,laya_low_confidence
IEK,010700145_,Прочее,0.51,laya_low_confidence
IEK,010700146_,Прочее,0.476,laya_low_confidence
IEK,010700147_,Прочее,0.548,laya_low_confidence
IEK,010700148_,Прочее,0.502,laya_low_confidence
IEK,010700149_,Прочее,0.48,laya_low_confidence
IEK,010700150_,Прочее,0.533,laya_low_confidence
IEK,010700151_,Прочее,0.483,laya_low_confidence
IEK,010700152_,Прочее,0.545,laya_low_confidence
IEK,010700153_,Прочее,0.534,laya_low_confidence
IEK,010700154_,Прочее,0.525,laya_low_confidence
IEK,010700155_,Прочее,0.479,laya_low_confidence
IEK,010700156_,Прочее,0.556,laya_low_confidence
IEK,010700158_,Прочее,0.501,laya_low_confidence
IEK,010700159_,Прочее,0.481,laya_low_confidence
IEK,010700160_,Прочее,0.523,laya_low_confidence
IEK,010700161_,УЗО и дифавтоматы,1.0,rules
IEK,010700162_,УЗО и дифавтоматы,1.0,rules
IEK,010700163_,УЗО и дифавтоматы,1.0,rules
IEK,010700164_,УЗО и дифавтоматы,1.0,rules
IEK,010700165_,УЗО и дифавтоматы,1.0,rules
IEK,010700166_,УЗО и дифавтоматы,1.0,rules
IEK,010700167_,УЗО и дифавтоматы,1.0,rules
IEK,010700168_,УЗО и дифавтоматы,1.0,rules
IEK,010700169_,УЗО и дифавтоматы,1.0,rules
IEK,010700170_,УЗО и дифавтоматы,1.0,rules
IEK,010700171_,УЗО и дифавтоматы,1.0,rules
IEK,010700172_,УЗО и дифавтоматы,1.0,rules
IEK,010700175_,Прочее,0.366,laya_low_confidence
IEK,010800001_,Автоматы и предохранители,1.0,rules
IEK,010800002_,Автоматы и предохранители,1.0,rules
IEK,010800003_,Автоматы и предохранители,1.0,rules
IEK,010800004_,Автоматы и предохранители,1.0,rules
IEK,010800005_,Автоматы и предохранители,1.0,rules
IEK,010800006_,Автоматы и предохранители,1.0,rules
IEK,010800009_,Автоматы и предохранители,1.0,rules
IEK,010800010_,Автоматы и предохранители,1.0,rules
IEK,010800011_,Автоматы и предохранители,1.0,rules
IEK,010800012_,Автоматы и предохранители,1.0,rules
IEK,010800015_,Автоматы и предохранители,1.0,rules
IEK,010800016_,Автоматы и предохранители,1.0,rules
IEK,010800017_,Автоматы и предохранители,1.0,rules
IEK,010800018_,Автоматы и предохранители,1.0,rules
IEK,010800019_,Автоматы и предохранители,1.0,rules
IEK,010800020_,Автоматы и предохранители,1.0,rules
IEK,010800021_,Автоматы и предохранители,1.0,rules
IEK,010800022_,Автоматы и предохранители,1.0,rules
IEK,010800023_,Автоматы и предохранители,1.0,rules
IEK,010800025_,Автоматы и предохранители,1.0,rules
IEK,010800027_,Автоматы и предохранители,1.0,rules
IEK,010800028_,Автоматы и предохранители,1.0,rules
IEK,010800029_,Автоматы и предохранители,1.0,rules
IEK,010800030_,Автоматы и предохранители,1.0,rules
IEK,010800031_,Автоматы и предохранители,1.0,rules
IEK,010800033_,Автоматы и предохранители,1.0,rules
IEK,010800034_,Автоматы и предохранители,1.0,rules
IEK,010800035_,Автоматы и предохранители,1.0,rules
IEK,010800036_,Прочее,0.328,laya_low_confidence
IEK,010800037_,Прочее,0.552,laya_low_confidence
IEK,010800038_,Прочее,0.336,laya_low_confidence
IEK,010800039_,Прочее,0.344,laya_low_confidence
IEK,010800040_,Автоматы и предохранители,1.0,rules
IEK,010800041_,Автоматы и предохранители,1.0,rules
IEK,010800042_,Автоматы и предохранители,1.0,rules
IEK,010800044_,Автоматы и предохранители,1.0,rules
IEK,010800045_,Автоматы и предохранители,1.0,rules
IEK,010800046_,Автоматы и предохранители,1.0,rules
IEK,010800048_,"Контакторы, пускатели, управление",1.0,rules
IEK,010800049_,"Контакторы, пускатели, управление",1.0,rules
IEK,010800050_,"Контакторы, пускатели, управление",1.0,rules
IEK,010800051_,Прочее,0.4,laya_low_confidence
IEK,010800052_,Прочее,0.325,laya_low_confidence
IEK,010800053_,Прочее,0.429,laya_low_confidence
IEK,010800054_,"Контакторы, пускатели, управление",1.0,rules
IEK,010800055_,Автоматы и предохранители,1.0,rules
IEK,010800056_,"Контакторы, пускатели, управление",1.0,rules
IEK,010800057_,"Контакторы, пускатели, управление",1.0,rules
IEK,010800058_,"Контакторы, пускатели, управление",1.0,rules
IEK,010800060_,"Контакторы, пускатели, управление",1.0,rules
IEK,010800061_,"Контакторы, пускатели, управление",1.0,rules
IEK,010800062_,"Контакторы, пускатели, управление",1.0,rules
IEK,010800070_,Прочее,0.373,laya_low_confidence
IEK,010800106_,Автоматы и предохранители,1.0,rules
IEK,010800115_,Автоматы и предохранители,1.0,rules
IEK,010800139_,Автоматы и предохранители,1.0,rules
IEK,010800203_,Автоматы и предохранители,1.0,rules
IEK,010800209_,Автоматы и предохранители,1.0,rules
IEK,010800258_,Автоматы и предохранители,1.0,rules
IEK,011100062_,Прочее,0.453,laya_low_confidence
IEK,011100063_,Прочее,0.535,laya_low_confidence
IEK,011100064_,Прочее,0.487,laya_low_confidence
IEK,011100065_,Прочее,0.413,laya_low_confidence
IEK,011100066_,Прочее,0.38,laya_low_confidence
IEK,011100067_,Прочее,0.399,laya_low_confidence
IEK,011100068_,Прочее,0.488,laya_low_confidence
IEK,011100069_,Прочее,0.36,laya_low_confidence
IEK,011100071_,Прочее,0.378,laya_low_confidence
IEK,011100098_,Прочее,0.45,laya_low_confidence
IEK,011100121_,Прочее,0.245,laya_low_confidence
IEK,011100123_,"Контакторы, пускатели, управление",1.0,rules
IEK,011100124_,"Контакторы, пускатели, управление",1.0,rules
IEK,011100126_,"Контакторы, пускатели, управление",1.0,rules
IEK,011100210_,Прочее,0.292,laya_low_confidence
IEK,011100245_,"Контакторы, пускатели, управление",1.0,rules
IEK,011100249_,Прочее,0.523,laya_low_confidence
IEK,011100251_,Прочее,0.475,laya_low_confidence
IEK,011100253_,Прочее,0.527,laya_low_confidence
IEK,011100354_,Прочее,0.51,laya_low_confidence
IEK,020100001_,Прочее,0.387,laya_low_confidence
IEK,020100002_,Прочее,0.402,laya_low_confidence
IEK,020100003_,Прочее,0.292,laya_low_confidence
IEK,020100004_,Прочее,0.398,laya_low_confidence
IEK,020100005_,Прочее,0.412,laya_low_confidence
IEK,020100006_,Прочее,0.407,laya_low_confidence
IEK,020100007_,Прочее,0.281,laya_low_confidence
IEK,020100008_,Розетки и выключатели,1.0,rules
IEK,020100009_,Розетки и выключатели,1.0,rules
IEK,020100010_,Розетки и выключатели,1.0,rules
IEK,020100011_,Розетки и выключатели,1.0,rules
IEK,020100012_,Розетки и выключатели,1.0,rules
IEK,020100013_,Розетки и выключатели,1.0,rules
IEK,020100015_,Розетки и выключатели,1.0,rules
IEK,020100017_,Розетки и выключатели,1.0,rules
IEK,020100018_,Розетки и выключатели,1.0,rules
IEK,020100019_,Розетки и выключатели,1.0,rules
IEK,020100020_,Розетки и выключатели,1.0,rules
IEK,020100021_,Розетки и выключатели,1.0,rules
IEK,020100022_,Розетки и выключатели,1.0,rules
IEK,020100023_,Розетки и выключатели,1.0,rules
IEK,020100044_,Прочее,0.279,laya_low_confidence
IEK,020100045_,Розетки и выключатели,1.0,rules
IEK,020300080_,Прочее,0.638,laya_low_confidence
IEK,020300082_,Прочее,0.557,laya_low_confidence
IEK,020300088_,Прочее,0.64,laya_low_confidence
IEK,020300150_,Прочее,0.61,laya_low_confidence
IEK,030200406_,Розетки и выключатели,1.0,rules
IEK,030200407_,Розетки и выключатели,1.0,rules
IEK,030200408_,Розетки и выключатели,1.0,rules
IEK,030200409_,Розетки и выключатели,1.0,rules
IEK,030200410_,Розетки и выключатели,1.0,rules
IEK,030200411_,Розетки и выключатели,1.0,rules
IEK,030200412_,Розетки и выключатели,1.0,rules
IEK,030200413_,Розетки и выключатели,1.0,rules
IEK,030200414_,Розетки и выключатели,1.0,rules
IEK,030200415_,Розетки и выключатели,1.0,rules
IEK,030200416_,Розетки и выключатели,1.0,rules
IEK,030200417_,Розетки и выключатели,1.0,rules
IEK,030200418_,Розетки и выключатели,1.0,rules
IEK,030200419_,Розетки и выключатели,1.0,rules
IEK,030200420_,Розетки и выключатели,1.0,rules
IEK,030200421_,Розетки и выключатели,1.0,rules
IEK,030200422_,Розетки и выключатели,1.0,rules
IEK,030200423_,Розетки и выключатели,1.0,rules
IEK,030200424_,Розетки и выключатели,1.0,rules
IEK,030200425_,Розетки и выключатели,1.0,rules
IEK,030200426_,Розетки и выключатели,1.0,rules
IEK,030200427_,Розетки и выключатели,1.0,rules
IEK,030200428_,Розетки и выключатели,1.0,rules
IEK,030200429_,Розетки и выключатели,1.0,rules
IEK,030200430_,Розетки и выключатели,1.0,rules
IEK,030200431_,Розетки и выключатели,1.0,rules
IEK,030200432_,Розетки и выключатели,1.0,rules
IEK,030200433_,Розетки и выключатели,1.0,rules
IEK,030200434_,Розетки и выключатели,1.0,rules
IEK,030200435_,Розетки и выключатели,1.0,rules
IEK,030200436_,Розетки и выключатели,1.0,rules
IEK,030200437_,Розетки и выключатели,1.0,rules
IEK,030200438_,Розетки и выключатели,1.0,rules
IEK,030200439_,Розетки и выключатели,1.0,rules
IEK,030200440_,Розетки и выключатели,1.0,rules
IEK,030200441_,Розетки и выключатели,1.0,rules
IEK,030200442_,Розетки и выключатели,1.0,rules
IEK,030200443_,Розетки и выключатели,1.0,rules
IEK,030200444_,Розетки и выключатели,1.0,rules
IEK,030200445_,Розетки и выключатели,1.0,rules
IEK,030200446_,Розетки и выключатели,1.0,rules
IEK,030200447_,Розетки и выключатели,1.0,rules
IEK,030200448_,Розетки и выключатели,1.0,rules
IEK,030200449_,Розетки и выключатели,1.0,rules
IEK,030200450_,Розетки и выключатели,1.0,rules
IEK,030200451_,Розетки и выключатели,1.0,rules
IEK,030200452_,Розетки и выключатели,1.0,rules
IEK,030200453_,Розетки и выключатели,1.0,rules
IEK,030200454_,Розетки и выключатели,1.0,rules
IEK,030200455_,Розетки и выключатели,1.0,rules
IEK,030200456_,Розетки и выключатели,1.0,rules
IEK,030200457_,Розетки и выключатели,1.0,rules
IEK,030200458_,Розетки и выключатели,1.0,rules
IEK,030200459_,Розетки и выключатели,1.0,rules
IEK,030200460_,Розетки и выключатели,1.0,rules
IEK,030200461_,Розетки и выключатели,1.0,rules
IEK,030200462_,Розетки и выключатели,1.0,rules
IEK,030200463_,Розетки и выключатели,1.0,rules
IEK,030200464_,Розетки и выключатели,1.0,rules
IEK,030200465_,Розетки и выключатели,1.0,rules
IEK,030200466_,Розетки и выключатели,1.0,rules
IEK,030200467_,Розетки и выключатели,1.0,rules
IEK,030200468_,Розетки и выключатели,1.0,rules
IEK,030200469_,Розетки и выключатели,1.0,rules
IEK,030200470_,Розетки и выключатели,1.0,rules
IEK,030200471_,Розетки и выключатели,1.0,rules
IEK,030200472_,Розетки и выключатели,1.0,rules
IEK,030200473_,Розетки и выключатели,1.0,rules
IEK,030200474_,Розетки и выключатели,1.0,rules
IEK,030200475_,Розетки и выключатели,1.0,rules
IEK,030200476_,Розетки и выключатели,1.0,rules
IEK,030200477_,Розетки и выключатели,1.0,rules
IEK,030200478_,Розетки и выключатели,1.0,rules
IEK,030200479_,Розетки и выключатели,1.0,rules
IEK,030200480_,Розетки и выключатели,1.0,rules
IEK,030200481_,Розетки и выключатели,1.0,rules
IEK,030200482_,Розетки и выключатели,1.0,rules
IEK,030200483_,Розетки и выключатели,1.0,rules
IEK,030200484_,Розетки и выключатели,1.0,rules
IEK,030200485_,Розетки и выключатели,1.0,rules
IEK,030200486_,Розетки и выключатели,1.0,rules
IEK,030200487_,Розетки и выключатели,1.0,rules
IEK,030200488_,Розетки и выключатели,1.0,rules
IEK,030200489_,Розетки и выключатели,1.0,rules
IEK,030200490_,Розетки и выключатели,1.0,rules
IEK,030200491_,Розетки и выключатели,1.0,rules
IEK,030200492_,Розетки и выключатели,1.0,rules
IEK,030200493_,Розетки и выключатели,1.0,rules
IEK,030200494_,Розетки и выключатели,1.0,rules
IEK,030200495_,Розетки и выключатели,1.0,rules
IEK,030200496_,Розетки и выключатели,1.0,rules
IEK,030200497_,Розетки и выключатели,1.0,rules
IEK,030200498_,Розетки и выключатели,1.0,rules
IEK,030200499_,Розетки и выключатели,1.0,rules
IEK,030200500_,Розетки и выключатели,1.0,rules
IEK,030200501_,Розетки и выключатели,1.0,rules
IEK,030200502_,Розетки и выключатели,1.0,rules
IEK,030200503_,Розетки и выключатели,1.0,rules
IEK,030200504_,Розетки и выключатели,1.0,rules
IEK,030200505_,Розетки и выключатели,1.0,rules
IEK,030200506_,Розетки и выключатели,1.0,rules
IEK,030200507_,Розетки и выключатели,1.0,rules
IEK,030200508_,Розетки и выключатели,1.0,rules
IEK,030200509_,Розетки и выключатели,1.0,rules
IEK,030200510_,Розетки и выключатели,1.0,rules
IEK,030200511_,Розетки и выключатели,1.0,rules
IEK,030200512_,Розетки и выключатели,1.0,rules
IEK,030200513_,Розетки и выключатели,1.0,rules
IEK,030200514_,Розетки и выключатели,1.0,rules
IEK,030200515_,Розетки и выключатели,1.0,rules
IEK,030200516_,Розетки и выключатели,1.0,rules
IEK,030200517_,Розетки и выключатели,1.0,rules
IEK,030200518_,Розетки и выключатели,1.0,rules
IEK,030200519_,Розетки и выключатели,1.0,rules
IEK,030200520_,Розетки и выключатели,1.0,rules
IEK,030200521_,Розетки и выключатели,1.0,rules
IEK,030200522_,Розетки и выключатели,1.0,rules
IEK,030200523_,Розетки и выключатели,1.0,rules
IEK,030200524_,Розетки и выключатели,1.0,rules
IEK,030200525_,Розетки и выключатели,1.0,rules
IEK,030200527_,Розетки и выключатели,1.0,rules
IEK,030200528_,Розетки и выключатели,1.0,rules
IEK,030200529_,Розетки и выключатели,1.0,rules
IEK,030200530_,Розетки и выключатели,1.0,rules
IEK,030200531_,Розетки и выключатели,1.0,rules
IEK,030200532_,Розетки и выключатели,1.0,rules
IEK,030200533_,Розетки и выключатели,1.0,rules
IEK,030200534_,Розетки и выключатели,1.0,rules
IEK,030200535_,Розетки и выключатели,1.0,rules
IEK,030200536_,Розетки и выключатели,1.0,rules
IEK,030200538_,Розетки и выключатели,1.0,rules
IEK,030200539_,Розетки и выключатели,1.0,rules
IEK,030200540_,Розетки и выключатели,1.0,rules
IEK,030200541_,Розетки и выключатели,1.0,rules
IEK,030200542_,Розетки и выключатели,1.0,rules
IEK,030200543_,Розетки и выключатели,1.0,rules
IEK,030200550_,Розетки и выключатели,1.0,rules
IEK,030200551_,Розетки и выключатели,1.0,rules
IEK,030200552_,Розетки и выключатели,1.0,rules
IEK,030200553_,Розетки и выключатели,1.0,rules
IEK,030200554_,Розетки и выключатели,1.0,rules
IEK,030200555_,Розетки и выключатели,1.0,rules
IEK,030200556_,Розетки и выключатели,1.0,rules
IEK,030200557_,Розетки и выключатели,1.0,rules
IEK,030200558_,Розетки и выключатели,1.0,rules
IEK,030200559_,Розетки и выключатели,1.0,rules
IEK,030200560_,Розетки и выключатели,1.0,rules
IEK,030200561_,Розетки и выключатели,1.0,rules
IEK,030200562_,Розетки и выключатели,1.0,rules
IEK,030200563_,Розетки и выключатели,1.0,rules
IEK,030200564_,Розетки и выключатели,1.0,rules
IEK,030200565_,Розетки и выключатели,1.0,rules
IEK,030200566_,Розетки и выключатели,1.0,rules
IEK,030200567_,Розетки и выключатели,1.0,rules
IEK,030200568_,Розетки и выключатели,1.0,rules
IEK,030200739_,Розетки и выключатели,1.0,rules
IEK,030200740_,Розетки и выключатели,1.0,rules
IEK,030200741_,Розетки и выключатели,1.0,rules
IEK,030200742_,Розетки и выключатели,1.0,rules
IEK,030200743_,Розетки и выключатели,1.0,rules
IEK,030200744_,Розетки и выключатели,1.0,rules
IEK,030200745_,Розетки и выключатели,1.0,rules
IEK,030200746_,Розетки и выключатели,1.0,rules
IEK,030200747_,Розетки и выключатели,1.0,rules
IEK,030200748_,Розетки и выключатели,1.0,rules
IEK,030200751_,Розетки и выключатели,1.0,rules
IEK,030200752_,Розетки и выключатели,1.0,rules
IEK,030200753_,Розетки и выключатели,1.0,rules
IEK,030200754_,Розетки и выключатели,1.0,rules
IEK,030200755_,Розетки и выключатели,1.0,rules
IEK,030200756_,Розетки и выключатели,1.0,rules
IEK,030200757_,Розетки и выключатели,1.0,rules
IEK,030200758_,Розетки и выключатели,1.0,rules
IEK,030200759_,Розетки и выключатели,1.0,rules
IEK,030200761_,Розетки и выключатели,1.0,rules
IEK,030200764_,Розетки и выключатели,1.0,rules
IEK,030200765_,Розетки и выключатели,1.0,rules
IEK,030200766_,Розетки и выключатели,1.0,rules
IEK,030200767_,Розетки и выключатели,1.0,rules
IEK,030200768_,Розетки и выключатели,1.0,rules
IEK,030200769_,Розетки и выключатели,1.0,rules
IEK,030200770_,Розетки и выключатели,1.0,rules
IEK,030200771_,Розетки и выключатели,1.0,rules
IEK,030200772_,Розетки и выключатели,1.0,rules
IEK,030200773_,Прочее,0.326,laya_low_confidence
IEK,030200774_,Розетки и выключатели,1.0,rules
IEK,030200775_,Розетки и выключатели,1.0,rules
IEK,030200776_,Розетки и выключатели,1.0,rules
IEK,030200777_,Розетки и выключатели,1.0,rules
IEK,030200778_,Розетки и выключатели,1.0,rules
IEK,030200779_,Розетки и выключатели,1.0,rules
IEK,030200780_,Розетки и выключатели,1.0,rules
IEK,030200781_,Розетки и выключатели,1.0,rules
IEK,030200782_,Розетки и выключатели,1.0,rules
IEK,030200784_,Розетки и выключатели,1.0,rules
IEK,030200785_,Розетки и выключатели,1.0,rules
IEK,030200786_,Розетки и выключатели,1.0,rules
IEK,030200787_,Розетки и выключатели,1.0,rules
IEK,030200789_,Розетки и выключатели,1.0,rules
IEK,030200809_,Розетки и выключатели,1.0,rules
IEK,030200810_,Розетки и выключатели,1.0,rules
IEK,030200811_,Розетки и выключатели,1.0,rules
IEK,030200812_,Розетки и выключатели,1.0,rules
IEK,030200813_,Розетки и выключатели,1.0,rules
IEK,030200814_,Розетки и выключатели,1.0,rules
IEK,030200815_,Розетки и выключатели,1.0,rules
IEK,030200816_,Розетки и выключатели,1.0,rules
IEK,030200817_,Розетки и выключатели,1.0,rules
IEK,030200818_,Розетки и выключатели,1.0,rules
IEK,030200819_,Розетки и выключатели,1.0,rules
IEK,030200820_,Розетки и выключатели,1.0,rules
IEK,030200821_,Розетки и выключатели,1.0,rules
IEK,030200822_,Розетки и выключатели,1.0,rules
IEK,030200823_,Розетки и выключатели,1.0,rules
IEK,030200824_,Розетки и выключатели,1.0,rules
IEK,030200825_,Розетки и выключатели,1.0,rules
IEK,030200826_,Розетки и выключатели,1.0,rules
IEK,030200827_,Розетки и выключатели,1.0,rules
IEK,030200828_,Розетки и выключатели,1.0,rules
IEK,030200829_,Розетки и выключатели,1.0,rules
IEK,030200830_,Розетки и выключатели,1.0,rules
IEK,030200831_,Розетки и выключатели,1.0,rules
IEK,030200832_,Розетки и выключатели,1.0,rules
IEK,030200833_,Розетки и выключатели,1.0,rules
IEK,030200834_,Розетки и выключатели,1.0,rules
IEK,030200835_,Розетки и выключатели,1.0,rules
IEK,030200836_,Розетки и выключатели,1.0,rules
IEK,030200837_,Розетки и выключатели,1.0,rules
IEK,030200838_,Розетки и выключатели,1.0,rules
IEK,030200839_,Розетки и выключатели,1.0,rules
IEK,030200840_,Розетки и выключатели,1.0,rules
IEK,030200841_,Розетки и выключатели,1.0,rules
IEK,030200842_,Розетки и выключатели,1.0,rules
IEK,030200843_,Розетки и выключатели,1.0,rules
IEK,030200844_,Розетки и выключатели,1.0,rules
IEK,030200845_,Розетки и выключатели,1.0,rules
IEK,030200846_,Розетки и выключатели,1.0,rules
IEK,030200847_,Розетки и выключатели,1.0,rules
IEK,030200848_,Розетки и выключатели,1.0,rules
IEK,030200849_,Розетки и выключатели,1.0,rules
IEK,030200850_,Розетки и выключатели,1.0,rules
IEK,030200851_,Розетки и выключатели,1.0,rules
IEK,030200852_,Розетки и выключатели,1.0,rules
IEK,030200853_,Розетки и выключатели,1.0,rules
IEK,030200854_,Розетки и выключатели,1.0,rules
IEK,030200855_,Розетки и выключатели,1.0,rules
IEK,030200856_,Розетки и выключатели,1.0,rules
IEK,030200857_,Розетки и выключатели,1.0,rules
IEK,030200858_,Розетки и выключатели,1.0,rules
IEK,030200859_,Розетки и выключатели,1.0,rules
IEK,030200860_,Розетки и выключатели,1.0,rules
IEK,030200861_,Розетки и выключатели,1.0,rules
IEK,030200862_,Розетки и выключатели,1.0,rules
IEK,030200863_,Розетки и выключатели,1.0,rules
IEK,030200864_,Розетки и выключатели,1.0,rules
IEK,030200865_,Розетки и выключатели,1.0,rules
IEK,030200866_,Розетки и выключатели,1.0,rules
IEK,030200867_,Розетки и выключатели,1.0,rules
IEK,030200868_,Розетки и выключатели,1.0,rules
IEK,030200869_,Розетки и выключатели,1.0,rules
IEK,030200870_,Розетки и выключатели,1.0,rules
IEK,030200871_,Розетки и выключатели,1.0,rules
IEK,030200872_,Розетки и выключатели,1.0,rules
IEK,030200873_,Розетки и выключатели,1.0,rules
IEK,030200874_,Розетки и выключатели,1.0,rules
IEK,030200875_,Розетки и выключатели,1.0,rules
IEK,030200876_,Розетки и выключатели,1.0,rules
IEK,030200877_,Розетки и выключатели,1.0,rules
IEK,030200878_,Розетки и выключатели,1.0,rules
IEK,030200879_,Розетки и выключатели,1.0,rules
IEK,030200885_,Прочее,0.528,laya_low_confidence
IEK,030200886_,Прочее,0.592,laya_low_confidence
IEK,030200889_,Прочее,0.493,laya_low_confidence
IEK,030200890_,Прочее,0.522,laya_low_confidence
IEK,030200891_,Прочее,0.55,laya_low_confidence
IEK,030200892_,Прочее,0.553,laya_low_confidence
IEK,030200893_,Розетки и выключатели,1.0,rules
IEK,030200894_,Розетки и выключатели,1.0,rules
IEK,030200895_,Розетки и выключатели,1.0,rules
IEK,030200896_,Розетки и выключатели,1.0,rules
IEK,030200897_,Розетки и выключатели,1.0,rules
IEK,030200898_,Розетки и выключатели,1.0,rules
IEK,030200899_,Розетки и выключатели,1.0,rules
IEK,030200900_,Розетки и выключатели,1.0,rules
IEK,030200901_,Розетки и выключатели,1.0,rules
IEK,030200902_,Розетки и выключатели,1.0,rules
IEK,030200903_,Розетки и выключатели,1.0,rules
IEK,030200904_,Розетки и выключатели,1.0,rules
IEK,030200905_,"Кабель, провод, СКС",1.0,rules
IEK,030200908_,"Кабель, провод, СКС",1.0,rules
IEK,030200909_,"Кабель, провод, СКС",1.0,rules
IEK,030200910_,"Кабель, провод, СКС",1.0,rules
IEK,030200911_,"Кабель, провод, СКС",1.0,rules
IEK,030200912_,Розетки и выключатели,1.0,rules
IEK,030200915_,Розетки и выключатели,1.0,rules
IEK,030200916_,Розетки и выключатели,1.0,rules
IEK,030200917_,Розетки и выключатели,1.0,rules
IEK,030200918_,Розетки и выключатели,1.0,rules
IEK,030200920_,Розетки и выключатели,1.0,rules
IEK,030200923_,Розетки и выключатели,1.0,rules
IEK,030200924_,Розетки и выключатели,1.0,rules
IEK,030200925_,Розетки и выключатели,1.0,rules
IEK,030200926_,Розетки и выключатели,1.0,rules
IEK,030200931_,Розетки и выключатели,1.0,rules
IEK,030200933_,Розетки и выключатели,1.0,rules
IEK,030200935_,Розетки и выключатели,1.0,rules
IEK,030200938_,Розетки и выключатели,1.0,rules
IEK,030200939_,Розетки и выключатели,1.0,rules
IEK,030200940_,Розетки и выключатели,1.0,rules
IEK,030200941_,Розетки и выключатели,1.0,rules
IEK,030200943_,Розетки и выключатели,1.0,rules
IEK,030200944_,Розетки и выключатели,1.0,rules
IEK,030200945_,Розетки и выключатели,1.0,rules
IEK,030200946_,Розетки и выключатели,1.0,rules
IEK,030200947_,Розетки и выключатели,1.0,rules
IEK,030200948_,Розетки и выключатели,1.0,rules
IEK,030200949_,Розетки и выключатели,1.0,rules
IEK,030200950_,Розетки и выключатели,1.0,rules
IEK,030200951_,Светильники и лампы,1.0,rules
IEK,030200952_,Светильники и лампы,1.0,rules
IEK,030200953_,Светильники и лампы,1.0,rules
IEK,030200954_,Светильники и лампы,1.0,rules
IEK,030200955_,Светильники и лампы,1.0,rules
IEK,030200956_,"Контакторы, пускатели, управление",1.0,rules
IEK,030200957_,"Контакторы, пускатели, управление",1.0,rules
IEK,030200958_,"Контакторы, пускатели, управление",1.0,rules
IEK,030200959_,"Контакторы, пускатели, управление",1.0,rules
IEK,030200960_,"Контакторы, пускатели, управление",1.0,rules
IEK,030200961_,"Контакторы, пускатели, управление",1.0,rules
IEK,030200962_,"Контакторы, пускатели, управление",1.0,rules
IEK,030200963_,"Контакторы, пускатели, управление",1.0,rules
IEK,030200964_,"Контакторы, пускатели, управление",1.0,rules
IEK,030200965_,"Контакторы, пускатели, управление",1.0,rules
IEK,030200966_,Розетки и выключатели,1.0,rules
IEK,030200967_,Розетки и выключатели,1.0,rules
IEK,030200968_,Розетки и выключатели,1.0,rules
IEK,030200969_,Розетки и выключатели,1.0,rules
IEK,030200970_,Розетки и выключатели,1.0,rules
IEK,030200971_,Розетки и выключатели,1.0,rules
IEK,030200972_,Розетки и выключатели,1.0,rules
IEK,030200973_,Розетки и выключатели,1.0,rules
IEK,030200974_,Розетки и выключатели,1.0,rules
IEK,030200975_,Розетки и выключатели,1.0,rules
IEK,030200976_,Розетки и выключатели,1.0,rules
IEK,030200977_,Розетки и выключатели,1.0,rules
IEK,030200978_,Розетки и выключатели,1.0,rules
IEK,030200979_,Розетки и выключатели,1.0,rules
IEK,030200980_,Розетки и выключатели,1.0,rules
IEK,030200981_,Розетки и выключатели,1.0,rules
IEK,030200982_,Розетки и выключатели,1.0,rules
IEK,030200983_,Розетки и выключатели,1.0,rules
IEK,030200984_,Розетки и выключатели,1.0,rules
IEK,030200985_,Прочее,0.377,laya_low_confidence
IEK,030200986_,Прочее,0.283,laya_low_confidence
IEK,030200987_,Прочее,0.284,laya_low_confidence
IEK,030200988_,Розетки и выключатели,1.0,rules
IEK,030200989_,Розетки и выключатели,1.0,rules
IEK,030200990_,Розетки и выключатели,1.0,rules
IEK,030201012_,Розетки и выключатели,1.0,rules
IEK,030201017_,Розетки и выключатели,1.0,rules
IEK,030201018_,Розетки и выключатели,1.0,rules
IEK,030201019_,Розетки и выключатели,1.0,rules
IEK,030201020_,Розетки и выключатели,1.0,rules
IEK,030201021_,Розетки и выключатели,1.0,rules
IEK,030201022_,Розетки и выключатели,1.0,rules
IEK,030201024_,Розетки и выключатели,1.0,rules
IEK,030201031_,Розетки и выключатели,1.0,rules
IEK,030201032_,Розетки и выключатели,1.0,rules
IEK,030201034_,Розетки и выключатели,1.0,rules
IEK,030201035_,Розетки и выключатели,1.0,rules
IEK,030201036_,Розетки и выключатели,1.0,rules
IEK,030201037_,Розетки и выключатели,1.0,rules
IEK,030201040_,"Контакторы, пускатели, управление",1.0,rules
IEK,030201049_,Розетки и выключатели,1.0,rules
IEK,030201052_,Розетки и выключатели,1.0,rules
IEK,030201053_,Розетки и выключатели,1.0,rules
IEK,030201054_,Розетки и выключатели,1.0,rules
IEK,030201055_,Розетки и выключатели,1.0,rules
IEK,030201056_,Розетки и выключатели,1.0,rules
IEK,030201057_,Розетки и выключатели,1.0,rules
IEK,030201060_,Розетки и выключатели,1.0,rules
IEK,030201061_,Розетки и выключатели,1.0,rules
IEK,030201063_,Розетки и выключатели,1.0,rules
IEK,030201064_,Розетки и выключатели,1.0,rules
IEK,030201065_,Розетки и выключатели,1.0,rules
IEK,030201066_,Розетки и выключатели,1.0,rules
IEK,030201067_,Розетки и выключатели,1.0,rules
IEK,030201068_,Розетки и выключатели,1.0,rules
IEK,030201069_,Розетки и выключатели,1.0,rules
IEK,030201070_,Розетки и выключатели,1.0,rules
IEK,030201071_,Розетки и выключатели,1.0,rules
IEK,030201072_,Розетки и выключатели,1.0,rules
IEK,030201073_,Розетки и выключатели,1.0,rules
IEK,030201074_,Розетки и выключатели,1.0,rules
IEK,030201075_,Розетки и выключатели,1.0,rules
IEK,030201076_,Розетки и выключатели,1.0,rules
IEK,030201077_,Розетки и выключатели,1.0,rules
IEK,030201078_,Розетки и выключатели,1.0,rules
IEK,030201079_,Розетки и выключатели,1.0,rules
IEK,030201080_,Розетки и выключатели,1.0,rules
IEK,030201081_,Розетки и выключатели,1.0,rules
IEK,030201082_,Розетки и выключатели,1.0,rules
IEK,030201083_,Розетки и выключатели,1.0,rules
IEK,030201084_,Розетки и выключатели,1.0,rules
IEK,030201085_,Розетки и выключатели,1.0,rules
IEK,030201086_,Розетки и выключатели,1.0,rules
IEK,030201087_,Розетки и выключатели,1.0,rules
IEK,030201088_,Розетки и выключатели,1.0,rules
IEK,030201089_,Розетки и выключатели,1.0,rules
IEK,030201090_,Розетки и выключатели,1.0,rules
IEK,030201091_,Розетки и выключатели,1.0,rules
IEK,030201092_,Розетки и выключатели,1.0,rules
IEK,030201093_,Розетки и выключатели,1.0,rules
IEK,030201094_,Розетки и выключатели,1.0,rules
IEK,030201095_,Розетки и выключатели,1.0,rules
IEK,030201096_,Розетки и выключатели,1.0,rules
IEK,030201097_,Розетки и выключатели,1.0,rules
IEK,030201098_,Розетки и выключатели,1.0,rules
IEK,030201099_,Розетки и выключатели,1.0,rules
IEK,030201100_,Розетки и выключатели,1.0,rules
IEK,030201101_,Розетки и выключатели,1.0,rules
IEK,030201102_,Розетки и выключатели,1.0,rules
IEK,030201103_,Розетки и выключатели,1.0,rules
IEK,030201104_,Розетки и выключатели,1.0,rules
IEK,030201105_,Розетки и выключатели,1.0,rules
IEK,030201106_,Розетки и выключатели,1.0,rules
IEK,030201107_,Розетки и выключатели,1.0,rules
IEK,030201108_,Розетки и выключатели,1.0,rules
IEK,030201109_,Розетки и выключатели,1.0,rules
IEK,030201110_,Розетки и выключатели,1.0,rules
IEK,030201111_,Розетки и выключатели,1.0,rules
IEK,030201112_,Розетки и выключатели,1.0,rules
IEK,030201113_,Розетки и выключатели,1.0,rules
IEK,030201114_,Розетки и выключатели,1.0,rules
IEK,030201115_,Розетки и выключатели,1.0,rules
IEK,030201116_,Розетки и выключатели,1.0,rules
IEK,030201117_,Розетки и выключатели,1.0,rules
IEK,030201118_,Розетки и выключатели,1.0,rules
IEK,030201119_,Розетки и выключатели,1.0,rules
IEK,030201120_,Розетки и выключатели,1.0,rules
IEK,030201121_,Розетки и выключатели,1.0,rules
IEK,030201122_,Розетки и выключатели,1.0,rules
IEK,030201123_,Розетки и выключатели,1.0,rules
IEK,030201124_,Розетки и выключатели,1.0,rules
IEK,030201125_,Розетки и выключатели,1.0,rules
IEK,030201126_,Розетки и выключатели,1.0,rules
IEK,030201127_,Розетки и выключатели,1.0,rules
IEK,030201128_,Розетки и выключатели,1.0,rules
IEK,030201129_,Розетки и выключатели,1.0,rules
IEK,030201130_,Розетки и выключатели,1.0,rules
IEK,030201131_,Розетки и выключатели,1.0,rules
IEK,030201132_,Розетки и выключатели,1.0,rules
IEK,030201133_,Розетки и выключатели,1.0,rules
IEK,030201134_,Розетки и выключатели,1.0,rules
IEK,030201135_,Розетки и выключатели,1.0,rules
IEK,030201136_,Розетки и выключатели,1.0,rules
IEK,030201137_,Розетки и выключатели,1.0,rules
IEK,030201138_,Розетки и выключатели,1.0,rules
IEK,030201139_,Розетки и выключатели,1.0,rules
IEK,030201140_,Розетки и выключатели,1.0,rules
IEK,030201141_,Розетки и выключатели,1.0,rules
IEK,030201142_,Розетки и выключатели,1.0,rules
IEK,030201143_,Розетки и выключатели,1.0,rules
IEK,030201144_,Розетки и выключатели,1.0,rules
IEK,030201145_,Розетки и выключатели,1.0,rules
IEK,030201146_,Розетки и выключатели,1.0,rules
IEK,030201147_,Розетки и выключатели,1.0,rules
IEK,030201148_,Розетки и выключатели,1.0,rules
IEK,030201149_,Розетки и выключатели,1.0,rules
IEK,030201150_,Розетки и выключатели,1.0,rules
IEK,030201152_,Розетки и выключатели,1.0,rules
IEK,030201236_,Розетки и выключатели,1.0,rules
IEK,030201244_,Розетки и выключатели,1.0,rules
IEK,030201245_,Розетки и выключатели,1.0,rules
IEK,030201246_,Розетки и выключатели,1.0,rules
IEK,030201247_,Розетки и выключатели,1.0,rules
IEK,030201248_,Розетки и выключатели,1.0,rules
IEK,030201249_,Розетки и выключатели,1.0,rules
IEK,030201250_,Розетки и выключатели,1.0,rules
IEK,030201251_,Розетки и выключатели,1.0,rules
IEK,030201252_,Розетки и выключатели,1.0,rules
IEK,030201460_,Розетки и выключатели,1.0,rules
IEK,030201461_,Розетки и выключатели,1.0,rules
IEK,030201462_,Розетки и выключатели,1.0,rules
IEK,030201463_,Розетки и выключатели,1.0,rules
IEK,030201464_,Розетки и выключатели,1.0,rules
IEK,030201465_,Розетки и выключатели,1.0,rules
IEK,030201466_,Розетки и выключатели,1.0,rules
IEK,030201467_,Розетки и выключатели,1.0,rules
IEK,030201468_,Розетки и выключатели,1.0,rules
IEK,030201469_,Розетки и выключатели,1.0,rules
IEK,030201470_,Розетки и выключатели,1.0,rules
IEK,030201471_,Розетки и выключатели,1.0,rules
IEK,030201472_,Розетки и выключатели,1.0,rules
IEK,030201473_,Розетки и выключатели,1.0,rules
IEK,030201474_,Розетки и выключатели,1.0,rules
IEK,030201475_,Розетки и выключатели,1.0,rules
IEK,030201476_,Розетки и выключатели,1.0,rules
IEK,030201477_,Розетки и выключатели,1.0,rules
IEK,030201478_,Розетки и выключатели,1.0,rules
IEK,030201479_,Розетки и выключатели,1.0,rules
IEK,030201480_,Розетки и выключатели,1.0,rules
IEK,030201481_,Розетки и выключатели,1.0,rules
IEK,030201482_,Розетки и выключатели,1.0,rules
IEK,030201483_,Розетки и выключатели,1.0,rules
IEK,030201484_,Розетки и выключатели,1.0,rules
IEK,030201485_,Розетки и выключатели,1.0,rules
IEK,030201486_,Розетки и выключатели,1.0,rules
IEK,030300499_,"Шины, клеммы, изоляторы",1.0,rules
IEK,080800023_,"Контакторы, пускатели, управление",1.0,rules
IEK,080800024_,"Контакторы, пускатели, управление",1.0,rules
IEK,080800030_,Светильники и лампы,1.0,rules
IEK,080800031_,Светильники и лампы,1.0,rules
IEK,080800062_,Светильники и лампы,1.0,rules
IEK,080800063_,Светильники и лампы,1.0,rules
IEK,080800070_,"Контакторы, пускатели, управление",1.0,rules
IEK,080800071_,"Контакторы, пускатели, управление",1.0,rules
IEK,080800072_,"Контакторы, пускатели, управление",1.0,rules
IEK,080800128_,Розетки и выключатели,1.0,rules
IEK,080800129_,Светильники и лампы,1.0,rules
IEK,080800130_,Светильники и лампы,1.0,rules
IEK,080800131_,Розетки и выключатели,1.0,rules
IEK,080800132_,Розетки и выключатели,1.0,rules
IEK,080800133_,Розетки и выключатели,1.0,rules
IEK,080800134_,Светильники и лампы,1.0,rules
IEK,080800135_,Светильники и лампы,1.0,rules
IEK,080800136_,Светильники и лампы,1.0,rules
IEK,080800137_,Светильники и лампы,1.0,rules
IEK,080800138_,Светильники и лампы,1.0,rules
IEK,080800139_,Светильники и лампы,1.0,rules
IEK,080800140_,Светильники и лампы,1.0,rules
IEK,080800141_,Светильники и лампы,1.0,rules
IEK,081100277_,Светильники и лампы,1.0,rules
IEK,081100278_,Светильники и лампы,1.0,rules
IEK,081100289_,Светильники и лампы,1.0,rules
IEK,081100302_,Светильники и лампы,1.0,rules
IEK,081100308_,Светильники и лампы,1.0,rules
IEK,081100309_,Светильники и лампы,1.0,rules
IEK,081100340_,Светильники и лампы,1.0,rules
IEK,081100373_,Светильники и лампы,1.0,rules
IEK,081100374_,Светильники и лампы,1.0,rules
IEK,081100375_,Светильники и лампы,1.0,rules
IEK,081100391_,Светильники и лампы,1.0,rules
IEK,081100392_,Светильники и лампы,1.0,rules
IEK,081100393_,Светильники и лампы,1.0,rules
IEK,081100598_,Светильники и лампы,1.0,rules
IEK,081100604_,Светильники и лампы,1.0,rules
IEK,081100635_,Светильники и лампы,1.0,rules
IEK,081100641_,Светильники и лампы,1.0,rules
IEK,081100642_,Светильники и лампы,1.0,rules
IEK,081100643_,Светильники и лампы,1.0,rules
IEK,081100702_,Светильники и лампы,1.0,rules
IEK,081100703_,Светильники и лампы,1.0,rules
IEK,081100704_,Светильники и лампы,1.0,rules
IEK,081100705_,Светильники и лампы,1.0,rules
IEK,081100706_,Светильники и лампы,1.0,rules
IEK,081100707_,Светильники и лампы,1.0,rules
IEK,081100708_,Светильники и лампы,1.0,rules
IEK,081100709_,Светильники и лампы,1.0,rules
IEK,081100710_,Светильники и лампы,1.0,rules
IEK,081100711_,Светильники и лампы,1.0,rules
IEK,081100712_,Светильники и лампы,1.0,rules
IEK,081100713_,Светильники и лампы,1.0,rules
IEK,081100714_,Светильники и лампы,1.0,rules
IEK,081100715_,Светильники и лампы,1.0,rules
IEK,081100716_,Светильники и лампы,1.0,rules
IEK,081100717_,Светильники и лампы,1.0,rules
IEK,081100718_,Светильники и лампы,1.0,rules
IEK,081100719_,Светильники и лампы,1.0,rules
IEK,081100720_,Светильники и лампы,1.0,rules
IEK,081100721_,Светильники и лампы,1.0,rules
IEK,081100722_,Светильники и лампы,1.0,rules
IEK,081100723_,Светильники и лампы,1.0,rules
IEK,081100724_,Светильники и лампы,1.0,rules
IEK,081100743_,Светильники и лампы,1.0,rules
IEK,081100744_,Светильники и лампы,1.0,rules
IEK,081100745_,Светильники и лампы,1.0,rules
IEK,081100746_,Светильники и лампы,1.0,rules
IEK,081100747_,Светильники и лампы,1.0,rules
IEK,081100748_,Светильники и лампы,1.0,rules
IEK,081100749_,Светильники и лампы,1.0,rules
IEK,081100750_,Светильники и лампы,1.0,rules
IEK,081100751_,Светильники и лампы,1.0,rules
IEK,081100752_,Светильники и лампы,1.0,rules
IEK,081100753_,Светильники и лампы,1.0,rules
IEK,081100754_,Светильники и лампы,1.0,rules
IEK,081100755_,Светильники и лампы,1.0,rules
IEK,081100757_,Светильники и лампы,1.0,rules
IEK,081100758_,Светильники и лампы,1.0,rules
IEK,081100759_,Розетки и выключатели,1.0,rules
IEK,081100760_,"Контакторы, пускатели, управление",1.0,rules
IEK,081100761_,"Контакторы, пускатели, управление",1.0,rules
IEK,081100762_,Светильники и лампы,1.0,rules
IEK,081100766_,Светильники и лампы,1.0,rules
IEK,081100767_,Светильники и лампы,1.0,rules
IEK,081100768_,Светильники и лампы,1.0,rules
IEK,081100769_,Светильники и лампы,1.0,rules
IEK,081100771_,"Контакторы, пускатели, управление",1.0,rules
IEK,081100772_,"Контакторы, пускатели, управление",1.0,rules
IEK,081100774_,"Контакторы, пускатели, управление",1.0,rules
IEK,081100776_,"Контакторы, пускатели, управление",1.0,rules
IEK,081100777_,"Контакторы, пускатели, управление",1.0,rules
IEK,081100778_,"Контакторы, пускатели, управление",1.0,rules
IEK,081100779_,"Контакторы, пускатели, управление",1.0,rules
IEK,081100780_,"Контакторы, пускатели, управление",1.0,rules
IEK,081100781_,"Контакторы, пускатели, управление",1.0,rules
IEK,114001002_,Измерения и инструмент,1.0,rules
IEK,114001003_,Измерения и инструмент,1.0,rules
IEK,114001010_,Измерения и инструмент,1.0,rules
IEK,120100001_,"Контакторы, пускатели, управление",1.0,rules
IEK,120100002_,"Контакторы, пускатели, управление",1.0,rules
IEK,120100003_,"Контакторы, пускатели, управление",1.0,rules
IEK,120100004_,"Контакторы, пускатели, управление",1.0,rules
IEK,120100005_,"Контакторы, пускатели, управление",1.0,rules
IEK,120100006_,"Контакторы, пускатели, управление",1.0,rules
IEK,120100008_,"Контакторы, пускатели, управление",1.0,rules
IEK,120100010_,"Контакторы, пускатели, управление",1.0,rules
IEK,120100011_,"Контакторы, пускатели, управление",1.0,rules
IEK,120100012_,"Контакторы, пускатели, управление",1.0,rules
IEK,120100013_,"Контакторы, пускатели, управление",1.0,rules
IEK,120100016_,"Контакторы, пускатели, управление",1.0,rules
IEK,120100018_,"Контакторы, пускатели, управление",1.0,rules
IEK,120100030_,"Контакторы, пускатели, управление",1.0,rules
IEK,120100031_,"Контакторы, пускатели, управление",1.0,rules
IEK,120100032_,"Контакторы, пускатели, управление",1.0,rules
IEK,120100033_,"Контакторы, пускатели, управление",1.0,rules
IEK,120100034_,"Контакторы, пускатели, управление",1.0,rules
IEK,120100035_,"Контакторы, пускатели, управление",1.0,rules
IEK,120100036_,"Контакторы, пускатели, управление",1.0,rules
IEK,120100037_,"Контакторы, пускатели, управление",1.0,rules
IEK,120100038_,"Контакторы, пускатели, управление",1.0,rules
IEK,120100041_,"Контакторы, пускатели, управление",1.0,rules
IEK,120100042_,"Контакторы, пускатели, управление",1.0,rules
IEK,120100043_,"Контакторы, пускатели, управление",1.0,rules
IEK,120100044_,"Контакторы, пускатели, управление",1.0,rules
IEK,120100045_,"Контакторы, пускатели, управление",1.0,rules
IEK,120100046_,"Контакторы, пускатели, управление",1.0,rules
IEK,120100047_,"Контакторы, пускатели, управление",1.0,rules
IEK,120100050_,"Контакторы, пускатели, управление",1.0,rules
IEK,120100054_,"Контакторы, пускатели, управление",1.0,rules
IEK,120100055_,"Контакторы, пускатели, управление",1.0,rules
IEK,120100056_,"Контакторы, пускатели, управление",1.0,rules
IEK,120100057_,"Контакторы, пускатели, управление",1.0,rules
IEK,120100058_,"Контакторы, пускатели, управление",1.0,rules
IEK,120100059_,"Контакторы, пускатели, управление",1.0,rules
IEK,120100060_,"Контакторы, пускатели, управление",1.0,rules
IEK,120100066_,"Контакторы, пускатели, управление",1.0,rules
IEK,120100067_,"Контакторы, пускатели, управление",1.0,rules
IEK,120100068_,"Контакторы, пускатели, управление",1.0,rules
IEK,120100069_,"Контакторы, пускатели, управление",1.0,rules
IEK,120100070_,"Контакторы, пускатели, управление",1.0,rules
IEK,120100071_,"Контакторы, пускатели, управление",1.0,rules
IEK,120100072_,"Контакторы, пускатели, управление",1.0,rules
IEK,120100073_,"Контакторы, пускатели, управление",1.0,rules
IEK,120100079_,"Контакторы, пускатели, управление",1.0,rules
IEK,120100080_,"Контакторы, пускатели, управление",1.0,rules
IEK,120100081_,"Контакторы, пускатели, управление",1.0,rules
IEK,120100085_,"Контакторы, пускатели, управление",1.0,rules
IEK,120100086_,"Контакторы, пускатели, управление",1.0,rules
IEK,120100087_,"Контакторы, пускатели, управление",1.0,rules
IEK,120100088_,"Контакторы, пускатели, управление",1.0,rules
IEK,120100089_,"Контакторы, пускатели, управление",1.0,rules
IEK,120100118_,"Контакторы, пускатели, управление",1.0,rules
IEK,120100119_,"Контакторы, пускатели, управление",1.0,rules
IEK,120100122_,"Контакторы, пускатели, управление",1.0,rules
IEK,120100203_,"Контакторы, пускатели, управление",1.0,rules
IEK,120100216_,"Контакторы, пускатели, управление",1.0,rules
IEK,120100219_,"Контакторы, пускатели, управление",1.0,rules
IEK,120100220_,"Контакторы, пускатели, управление",1.0,rules
IEK,120100306_,"Контакторы, пускатели, управление",1.0,rules
IEK,120100307_,"Контакторы, пускатели, управление",1.0,rules
IEK,120100308_,"Контакторы, пускатели, управление",1.0,rules
IEK,120100309_,"Контакторы, пускатели, управление",1.0,rules
IEK,120100319_,"Контакторы, пускатели, управление",1.0,rules
IEK,120100320_,"Контакторы, пускатели, управление",1.0,rules
IEK,120100322_,"Контакторы, пускатели, управление",1.0,rules
IEK,120100325_,"Контакторы, пускатели, управление",1.0,rules
IEK,120300008_,"Контакторы, пускатели, управление",1.0,rules
IEK,120300023_,"Контакторы, пускатели, управление",1.0,rules
IEK,130200006_,"Шины, клеммы, изоляторы",1.0,rules
IEK,130200007_,"Шины, клеммы, изоляторы",1.0,rules
IEK,130200008_,"Шины, клеммы, изоляторы",1.0,rules
IEK,130200012_,"Шины, клеммы, изоляторы",1.0,rules
IEK,130200013_,"Шины, клеммы, изоляторы",1.0,rules
IEK,130200015_,"Шины, клеммы, изоляторы",1.0,rules
IEK,130200016_,Прочее,0.217,laya_low_confidence
IEK,130200019_,"Контакторы, пускатели, управление",1.0,rules
IEK,130200020_,Прочее,0.602,laya_low_confidence
IEK,130200021_,Прочее,0.441,laya_low_confidence
IEK,130200022_,Прочее,0.473,laya_low_confidence
IEK,130200023_,Прочее,0.489,laya_low_confidence
IEK,130200032_,Розетки и выключатели,1.0,rules
IEK,130200034_,Прочее,0.346,laya_low_confidence
IEK,130200035_,Прочее,0.452,laya_low_confidence
IEK,130200036_,Прочее,0.376,laya_low_confidence
IEK,130200063_,"Шины, клеммы, изоляторы",1.0,rules
IEK,130200073_,Прочее,0.346,laya_low_confidence
IEK,130200074_,"Шины, клеммы, изоляторы",1.0,rules
IEK,130200075_,"Шины, клеммы, изоляторы",1.0,rules
IEK,130200085_,"Контакторы, пускатели, управление",1.0,rules
IEK,130200089_,"Шины, клеммы, изоляторы",1.0,rules
IEK,130200120_,"Шины, клеммы, изоляторы",1.0,rules
IEK,130200121_,"Шины, клеммы, изоляторы",1.0,rules
IEK,130200122_,"Шины, клеммы, изоляторы",1.0,rules
IEK,130200123_,"Шины, клеммы, изоляторы",1.0,rules
IEK,130200124_,"Шины, клеммы, изоляторы",1.0,rules
IEK,130200125_,"Шины, клеммы, изоляторы",1.0,rules
IEK,130200126_,"Шины, клеммы, изоляторы",1.0,rules
IEK,130200127_,Щиты и боксы,1.0,rules
IEK,130200128_,"Контакторы, пускатели, управление",1.0,rules
IEK,130200131_,Прочее,0.336,laya_low_confidence
IEK,130200133_,Щиты и боксы,1.0,rules
IEK,130200134_,Щиты и боксы,1.0,rules
IEK,130200135_,Щиты и боксы,1.0,rules
IEK,130200136_,Щиты и боксы,1.0,rules
IEK,130200154_,"Шины, клеммы, изоляторы",1.0,rules
IEK,130200159_,Светильники и лампы,1.0,rules
IEK,130200183_,Измерения и инструмент,1.0,rules
IEK,130200184_,Измерения и инструмент,1.0,rules
IEK,130200185_,Измерения и инструмент,1.0,rules
IEK,130200285_,Измерения и инструмент,1.0,rules
IEK,130200298_,"Контакторы, пускатели, управление",1.0,rules
IEK,130200299_,"Контакторы, пускатели, управление",1.0,rules
IEK,130200300_,"Контакторы, пускатели, управление",1.0,rules
IEK,130200301_,"Контакторы, пускатели, управление",1.0,rules
IEK,130200302_,"Контакторы, пускатели, управление",1.0,rules
IEK,130200305_,Прочее,0.36,laya_low_confidence
IEK,130200313_,Прочее,0.25,laya_low_confidence
IEK,130200314_,Прочее,0.234,laya_low_confidence
IEK,130200339_,Измерения и инструмент,1.0,rules
IEK,130200340_,Измерения и инструмент,1.0,rules
IEK,130200341_,Измерения и инструмент,1.0,rules
IEK,130200342_,Измерения и инструмент,1.0,rules
IEK,130200343_,Прочее,0.684,laya_low_confidence
IEK,130200378_,Светильники и лампы,1.0,rules
IEK,130200381_,Светильники и лампы,1.0,rules
IEK,130200387_,Прочее,0.558,laya_low_confidence
IEK,130200409_,"Шины, клеммы, изоляторы",1.0,rules
IEK,130200413_,Прочее,0.397,laya_low_confidence
IEK,130200414_,Прочее,0.563,laya_low_confidence
IEK,130200415_,Прочее,0.53,laya_low_confidence
IEK,130200416_,Прочее,0.338,laya_low_confidence
IEK,130200417_,Прочее,0.471,laya_low_confidence
IEK,130200418_,Прочее,0.334,laya_low_confidence
IEK,130200419_,Прочее,0.722,laya_low_confidence
IEK,130200420_,Прочее,0.741,laya_low_confidence
IEK,130200421_,Прочее,0.68,laya_low_confidence
IEK,130200422_,Прочее,0.867,laya_low_confidence
IEK,130200423_,Прочее,0.852,laya_low_confidence
IEK,130200424_,Измерения и инструмент,1.0,rules
IEK,130200425_,Измерения и инструмент,1.0,rules
IEK,130200426_,Измерения и инструмент,1.0,rules
IEK,130200430_,"Контакторы, пускатели, управление",1.0,rules
IEK,130200431_,Измерения и инструмент,1.0,rules
IEK,130200432_,Измерения и инструмент,1.0,rules
IEK,130200433_,Измерения и инструмент,1.0,rules
IEK,130200434_,Измерения и инструмент,1.0,rules
IEK,130200435_,Измерения и инструмент,1.0,rules
IEK,130200436_,Измерения и инструмент,1.0,rules
IEK,130200437_,Измерения и инструмент,1.0,rules
IEK,130200438_,Измерения и инструмент,1.0,rules
IEK,130200439_,Измерения и инструмент,1.0,rules
IEK,130200440_,Измерения и инструмент,1.0,rules
IEK,130200441_,Прочее,0.552,laya_low_confidence
IEK,130200442_,Прочее,0.228,laya_low_confidence
IEK,130200443_,Прочее,0.225,laya_low_confidence
IEK,130200444_,Прочее,0.645,laya_low_confidence
IEK,130200445_,Прочее,0.703,laya_low_confidence
IEK,130200490_,Измерения и инструмент,1.0,rules
IEK,130200491_,Измерения и инструмент,1.0,rules
IEK,130200492_,Измерения и инструмент,1.0,rules
IEK,130200493_,Измерения и инструмент,1.0,rules
IEK,130200494_,Измерения и инструмент,1.0,rules
IEK,130300003_,Прочее,0.297,laya_low_confidence
IEK,130300004_,Прочее,0.331,laya_low_confidence
IEK,130300005_,Измерения и инструмент,1.0,rules
IEK,130300006_,Измерения и инструмент,1.0,rules
IEK,130300020_,Прочее,0.338,laya_low_confidence
IEK,130300021_,"Контакторы, пускатели, управление",1.0,rules
IEK,130300022_,"Контакторы, пускатели, управление",1.0,rules
IEK,130300032_,Измерения и инструмент,1.0,rules
IEK,130300033_,Измерения и инструмент,1.0,rules
IEK,130300035_,Прочее,0.204,laya_low_confidence
IEK,130300037_,Прочее,0.32,laya_low_confidence
IEK,130300038_,Прочее,0.387,laya_low_confidence
IEK,130300039_,"Шины, клеммы, изоляторы",1.0,rules
IEK,130300040_,"Шины, клеммы, изоляторы",1.0,rules
IEK,130300041_,"Шины, клеммы, изоляторы",1.0,rules
IEK,130300042_,"Шины, клеммы, изоляторы",1.0,rules
IEK,130300080_,"Контакторы, пускатели, управление",1.0,rules
IEK,130300084_,Прочее,0.528,laya_low_confidence
IEK,130300089_,"Шины, клеммы, изоляторы",1.0,rules
IEK,130300090_,"Шины, клеммы, изоляторы",1.0,rules
IEK,130300091_,"Шины, клеммы, изоляторы",1.0,rules
IEK,130300101_,Розетки и выключатели,1.0,rules
IEK,130300102_,"Контакторы, пускатели, управление",1.0,rules
IEK,130300103_,Прочее,0.184,laya_low_confidence
IEK,130300105_,Прочее,0.365,laya_low_confidence
IEK,130300107_,Прочее,0.319,laya_low_confidence
IEK,130300108_,Прочее,0.546,laya_low_confidence
IEK,130300142_,"Шины, клеммы, изоляторы",0.943,laya
IEK,130300143_,"Шины, клеммы, изоляторы",1.0,rules
IEK,130300147_,Измерения и инструмент,1.0,rules
IEK,130300152_,Прочее,0.177,laya_low_confidence
IEK,130300154_,"Контакторы, пускатели, управление",1.0,rules
IEK,130300166_,"Контакторы, пускатели, управление",1.0,rules
IEK,130300169_,"Шины, клеммы, изоляторы",1.0,rules
IEK,130300172_,Прочее,0.291,laya_low_confidence
IEK,130300178_,"Контакторы, пускатели, управление",1.0,rules
IEK,130300193_,"Шины, клеммы, изоляторы",1.0,rules
IEK,130300204_,Прочее,0.295,laya_low_confidence
IEK,130300207_,Прочее,0.663,laya_low_confidence
IEK,130300208_,"Контакторы, пускатели, управление",1.0,rules
IEK,130300209_,"Контакторы, пускатели, управление",1.0,rules
IEK,130300210_,"Контакторы, пускатели, управление",1.0,rules
IEK,130300213_,Прочее,0.287,laya_low_confidence
IEK,130300214_,Прочее,0.256,laya_low_confidence
IEK,130300220_,"Контакторы, пускатели, управление",1.0,rules
IEK,130300221_,"Контакторы, пускатели, управление",1.0,rules
IEK,130300223_,"Шины, клеммы, изоляторы",1.0,rules
IEK,130300226_,"Шины, клеммы, изоляторы",1.0,rules
IEK,130300227_,"Шины, клеммы, изоляторы",1.0,rules
IEK,130300231_,"Шины, клеммы, изоляторы",1.0,rules
IEK,130300233_,"Шины, клеммы, изоляторы",1.0,rules
IEK,130300247_,"Контакторы, пускатели, управление",1.0,rules
IEK,130300271_,"Шины, клеммы, изоляторы",1.0,rules
IEK,130300275_,"Шины, клеммы, изоляторы",1.0,rules
IEK,130300287_,"Контакторы, пускатели, управление",1.0,rules
IEK,130300288_,"Контакторы, пускатели, управление",1.0,rules
IEK,130300291_,"Кабель, провод, СКС",1.0,rules
IEK,130300292_,"Кабель, провод, СКС",1.0,rules
IEK,130300293_,Автоматы и предохранители,1.0,rules
IEK,130300302_,"Контакторы, пускатели, управление",1.0,rules
IEK,130300418_,"Шины, клеммы, изоляторы",1.0,rules
IEK,130300449_,Прочее,0.338,laya_low_confidence
IEK,130300471_,Прочее,0.258,laya_low_confidence
IEK,130300518_,"Шины, клеммы, изоляторы",1.0,rules
IEK,130300519_,"Шины, клеммы, изоляторы",1.0,rules
IEK,130300520_,"Шины, клеммы, изоляторы",1.0,rules
IEK,130300521_,"Шины, клеммы, изоляторы",1.0,rules
IEK,130300524_,"Шины, клеммы, изоляторы",1.0,rules
IEK,130300526_,Прочее,0.51,laya_low_confidence
IEK,130300527_,Прочее,0.487,laya_low_confidence
IEK,130300528_,Прочее,0.757,laya_low_confidence
IEK,130300529_,Прочее,0.732,laya_low_confidence
IEK,130300532_,"Шины, клеммы, изоляторы",1.0,rules
IEK,130300533_,"Шины, клеммы, изоляторы",1.0,rules
IEK,130300534_,"Шины, клеммы, изоляторы",1.0,rules
IEK,130300535_,Прочее,0.458,laya_low_confidence
IEK,130300536_,Прочее,0.41,laya_low_confidence
IEK,130300537_,"Шины, клеммы, изоляторы",1.0,rules
IEK,130300538_,"Шины, клеммы, изоляторы",1.0,rules
IEK,130300544_,Измерения и инструмент,1.0,rules
IEK,130300545_,Измерения и инструмент,1.0,rules
IEK,130300546_,Измерения и инструмент,1.0,rules
IEK,130300555_,"Контакторы, пускатели, управление",1.0,rules
IEK,130300596_,"Кабель, провод, СКС",1.0,rules
IEK,130300605_,Прочее,0.412,laya_low_confidence
IEK,130300606_,Прочее,0.272,laya_low_confidence
IEK,130300608_,Прочее,0.478,laya_low_confidence
IEK,130300742_,"Контакторы, пускатели, управление",1.0,rules
IEK,130300764_,"Контакторы, пускатели, управление",1.0,rules
IEK,130300765_,"Контакторы, пускатели, управление",1.0,rules
IEK,130300769=,Прочее,0.333,laya_low_confidence
IEK,130300769_,Прочее,0.224,laya_low_confidence
IEK,130300770_,Прочее,0.212,laya_low_confidence
IEK,130300771_,"Трубы, кабель-каналы, лотки",1.0,rules
IEK,130300772_,"Трубы, кабель-каналы, лотки",1.0,rules
IEK,130300773_,Розетки и выключатели,1.0,rules
IEK,130300774_,Розетки и выключатели,1.0,rules
IEK,130300775_,Прочее,0.543,laya_low_confidence
IEK,130300779_,"Трубы, кабель-каналы, лотки",1.0,rules
IEK,130300780_,"Трубы, кабель-каналы, лотки",1.0,rules
IEK,130300791_,"Трубы, кабель-каналы, лотки",1.0,rules
IEK,130300792_,"Трубы, кабель-каналы, лотки",1.0,rules
IEK,130300831_,Измерения и инструмент,1.0,rules
IEK,130300861_,Измерения и инструмент,1.0,rules
IEK,130300883_,Прочее,0.276,laya_low_confidence
IEK,130300962_,Измерения и инструмент,1.0,rules
IEK,130300963_,Измерения и инструмент,1.0,rules
IEK,130300982_,Измерения и инструмент,1.0,rules
IEK,130300985_,Измерения и инструмент,1.0,rules
IEK,130300986_,Измерения и инструмент,1.0,rules
IEK,130300988_,Измерения и инструмент,1.0,rules
IEK,130301000_,Измерения и инструмент,1.0,rules
IEK,130301016_,Измерения и инструмент,1.0,rules
IEK,130301073_,"Шины, клеммы, изоляторы",1.0,rules
IEK,130301079_,Прочее,0.573,laya_low_confidence
IEK,130301081_,Измерения и инструмент,1.0,rules
IEK,130301087_,"Контакторы, пускатели, управление",1.0,rules
IEK,130301096_,Прочее,0.343,laya_low_confidence
IEK,130301097_,Прочее,0.253,laya_low_confidence
IEK,130301098_,Прочее,0.418,laya_low_confidence
IEK,130301099_,"Кабель, провод, СКС",1.0,rules
IEK,130301100_,Прочее,0.62,laya_low_confidence
IEK,130301101_,Прочее,0.589,laya_low_confidence
IEK,130301120_,Прочее,0.425,laya_low_confidence
IEK,130301128_,"Шины, клеммы, изоляторы",1.0,rules
IEK,130301133_,"Контакторы, пускатели, управление",1.0,rules
IEK,130301232_,"Трубы, кабель-каналы, лотки",1.0,rules
IEK,130301257_,Автоматы и предохранители,1.0,rules
IEK,130301258_,Автоматы и предохранители,1.0,rules
IEK,130301261_,Прочее,0.231,laya_low_confidence
IEK,130301263_,Прочее,0.413,laya_low_confidence
IEK,130301597_,Прочее,0.429,laya_low_confidence
IEK,130301598_,Прочее,0.233,laya_low_confidence
IEK,130301608_,"Шины, клеммы, изоляторы",1.0,rules
IEK,130301609_,"Шины, клеммы, изоляторы",1.0,rules
IEK,130301610_,"Шины, клеммы, изоляторы",1.0,rules
IEK,130301611_,"Шины, клеммы, изоляторы",1.0,rules
IEK,130301612_,"Шины, клеммы, изоляторы",1.0,rules
IEK,130301613_,"Шины, клеммы, изоляторы",1.0,rules
IEK,130301614_,"Шины, клеммы, изоляторы",1.0,rules
IEK,130301615_,"Шины, клеммы, изоляторы",1.0,rules
IEK,130301616_,"Шины, клеммы, изоляторы",1.0,rules
IEK,130301617_,"Шины, клеммы, изоляторы",1.0,rules
IEK,130301618_,"Шины, клеммы, изоляторы",1.0,rules
IEK,130301619_,"Шины, клеммы, изоляторы",1.0,rules
IEK,130301620_,"Шины, клеммы, изоляторы",1.0,rules
IEK,130301621_,"Шины, клеммы, изоляторы",1.0,rules
IEK,130301622_,"Шины, клеммы, изоляторы",1.0,rules
IEK,130301623_,"Шины, клеммы, изоляторы",1.0,rules
IEK,130301624_,"Шины, клеммы, изоляторы",1.0,rules
IEK,130301625_,"Шины, клеммы, изоляторы",1.0,rules
IEK,130301626_,"Шины, клеммы, изоляторы",1.0,rules
IEK,130301627_,"Шины, клеммы, изоляторы",1.0,rules
IEK,130301628_,"Шины, клеммы, изоляторы",1.0,rules
IEK,130301629_,"Шины, клеммы, изоляторы",1.0,rules
IEK,130301630_,"Шины, клеммы, изоляторы",1.0,rules
IEK,130301631_,"Шины, клеммы, изоляторы",1.0,rules
IEK,130301632_,"Шины, клеммы, изоляторы",1.0,rules
IEK,130301633_,Автоматы и предохранители,1.0,rules
IEK,130301634_,"Шины, клеммы, изоляторы",1.0,rules
IEK,130301635_,"Шины, клеммы, изоляторы",1.0,rules
IEK,130301636_,"Шины, клеммы, изоляторы",1.0,rules
IEK,130301637_,"Шины, клеммы, изоляторы",1.0,rules
IEK,130301638_,"Шины, клеммы, изоляторы",1.0,rules
IEK,130301639_,"Шины, клеммы, изоляторы",1.0,rules
IEK,130301640_,"Шины, клеммы, изоляторы",1.0,rules
IEK,130301641_,"Шины, клеммы, изоляторы",1.0,rules
IEK,130301642_,"Шины, клеммы, изоляторы",1.0,rules
IEK,130301643_,"Шины, клеммы, изоляторы",1.0,rules
IEK,130301644_,Прочее,0.437,laya_low_confidence
IEK,130301645_,"Шины, клеммы, изоляторы",0.937,laya
IEK,130301646_,Прочее,0.38,laya_low_confidence
IEK,130301647_,Прочее,0.352,laya_low_confidence
IEK,130301648_,Прочее,0.278,laya_low_confidence
IEK,130301649_,Прочее,0.342,laya_low_confidence
IEK,130301650_,"Шины, клеммы, изоляторы",1.0,rules
IEK,130301651_,"Шины, клеммы, изоляторы",1.0,rules
IEK,130301652_,"Шины, клеммы, изоляторы",1.0,rules
IEK,130301653_,"Шины, клеммы, изоляторы",1.0,rules
IEK,130301654_,"Шины, клеммы, изоляторы",1.0,rules
IEK,130301655_,"Шины, клеммы, изоляторы",1.0,rules
IEK,130301656_,"Шины, клеммы, изоляторы",1.0,rules
IEK,130301657_,"Шины, клеммы, изоляторы",1.0,rules
IEK,130301658_,"Шины, клеммы, изоляторы",1.0,rules
IEK,130301659_,"Шины, клеммы, изоляторы",1.0,rules
IEK,130301660_,Прочее,0.345,laya_low_confidence
IEK,130301661_,Прочее,0.374,laya_low_confidence
IEK,130301662_,Прочее,0.428,laya_low_confidence
IEK,130301663_,Прочее,0.475,laya_low_confidence
IEK,130301664_,Прочее,0.349,laya_low_confidence
IEK,130301665_,"Шины, клеммы, изоляторы",1.0,rules
IEK,130301666_,"Шины, клеммы, изоляторы",1.0,rules
IEK,130301667_,"Шины, клеммы, изоляторы",1.0,rules
IEK,130301668_,"Шины, клеммы, изоляторы",1.0,rules
IEK,130301669_,"Шины, клеммы, изоляторы",1.0,rules
IEK,130301670_,"Шины, клеммы, изоляторы",1.0,rules
IEK,130301671_,"Шины, клеммы, изоляторы",1.0,rules
IEK,130301672_,"Шины, клеммы, изоляторы",1.0,rules
IEK,130301673_,"Шины, клеммы, изоляторы",1.0,rules
IEK,130301674_,"Шины, клеммы, изоляторы",1.0,rules
IEK,130301675_,"Шины, клеммы, изоляторы",1.0,rules
IEK,130301676_,"Шины, клеммы, изоляторы",1.0,rules
IEK,130301677_,"Шины, клеммы, изоляторы",1.0,rules
IEK,130301678_,"Шины, клеммы, изоляторы",1.0,rules
IEK,130301679_,"Шины, клеммы, изоляторы",1.0,rules
IEK,130301680_,"Шины, клеммы, изоляторы",1.0,rules
IEK,130301681_,"Шины, клеммы, изоляторы",1.0,rules
IEK,130301682_,"Шины, клеммы, изоляторы",1.0,rules
IEK,130301683_,"Шины, клеммы, изоляторы",1.0,rules
IEK,130301685_,"Шины, клеммы, изоляторы",1.0,rules
IEK,130301686_,"Шины, клеммы, изоляторы",1.0,rules
IEK,130301687_,"Шины, клеммы, изоляторы",1.0,rules
IEK,130301688_,"Шины, клеммы, изоляторы",1.0,rules
IEK,130301689_,"Шины, клеммы, изоляторы",1.0,rules
IEK,130301690_,"Шины, клеммы, изоляторы",1.0,rules
IEK,130301691_,"Шины, клеммы, изоляторы",1.0,rules
IEK,130301692_,"Шины, клеммы, изоляторы",1.0,rules
IEK,130301693_,"Шины, клеммы, изоляторы",1.0,rules
IEK,130301694_,"Шины, клеммы, изоляторы",1.0,rules
IEK,130301695_,"Шины, клеммы, изоляторы",1.0,rules
IEK,130301696_,"Шины, клеммы, изоляторы",1.0,rules
IEK,130301697_,"Шины, клеммы, изоляторы",1.0,rules
IEK,130301698_,"Шины, клеммы, изоляторы",1.0,rules
IEK,130301699_,"Шины, клеммы, изоляторы",1.0,rules
IEK,130301700_,"Шины, клеммы, изоляторы",1.0,rules
IEK,130301701_,"Шины, клеммы, изоляторы",1.0,rules
IEK,130301702_,"Шины, клеммы, изоляторы",1.0,rules
IEK,130301703_,"Шины, клеммы, изоляторы",1.0,rules
IEK,130301704_,"Шины, клеммы, изоляторы",1.0,rules
IEK,130301705_,"Шины, клеммы, изоляторы",1.0,rules
IEK,130301706_,"Шины, клеммы, изоляторы",0.938,laya
IEK,130301707_,Прочее,0.431,laya_low_confidence
IEK,130301708_,Прочее,0.362,laya_low_confidence
IEK,130301709_,Прочее,0.438,laya_low_confidence
IEK,130301710_,Прочее,0.46,laya_low_confidence
IEK,130301711_,Прочее,0.37,laya_low_confidence
IEK,130301712_,Прочее,0.314,laya_low_confidence
IEK,130301713_,Прочее,0.471,laya_low_confidence
IEK,130301714_,Прочее,0.468,laya_low_confidence
IEK,130301715_,Прочее,0.48,laya_low_confidence
IEK,130301716_,Прочее,0.483,laya_low_confidence
IEK,130301717_,Прочее,0.396,laya_low_confidence
IEK,130301718_,Прочее,0.413,laya_low_confidence
IEK,130301719_,Прочее,0.463,laya_low_confidence
IEK,130301720_,Прочее,0.422,laya_low_confidence
IEK,130301721_,Прочее,0.301,laya_low_confidence
IEK,130301722_,Прочее,0.247,laya_low_confidence
IEK,130301723_,Прочее,0.243,laya_low_confidence
IEK,130301724_,Прочее,0.335,laya_low_confidence
IEK,130301725_,"Шины, клеммы, изоляторы",1.0,rules
IEK,130301726_,Прочее,0.615,laya_low_confidence
IEK,130301727_,Прочее,0.486,laya_low_confidence
IEK,130301728_,Прочее,0.554,laya_low_confidence
IEK,130301729_,Прочее,0.527,laya_low_confidence
IEK,130301730_,Прочее,0.55,laya_low_confidence
IEK,130301731_,Прочее,0.319,laya_low_confidence
IEK,130301732_,Прочее,0.364,laya_low_confidence
IEK,130301733_,Прочее,0.447,laya_low_confidence
IEK,130301734_,Прочее,0.431,laya_low_confidence
IEK,130301735_,Прочее,0.404,laya_low_confidence
IEK,130301736_,Прочее,0.451,laya_low_confidence
IEK,130301737_,Прочее,0.39,laya_low_confidence
IEK,130301738_,Прочее,0.424,laya_low_confidence
IEK,130301739_,Прочее,0.212,laya_low_confidence
IEK,130301927_,"Трубы, кабель-каналы, лотки",1.0,rules
IEK,130400069_,"Шины, клеммы, изоляторы",1.0,rules
IEK,130400112_,"Шины, клеммы, изоляторы",1.0,rules
IEK,130400150_,"Шины, клеммы, изоляторы",1.0,rules
IEK,130400151_,"Шины, клеммы, изоляторы",1.0,rules
IEK,130400152_,"Шины, клеммы, изоляторы",1.0,rules
IEK,130400153_,"Шины, клеммы, изоляторы",1.0,rules
IEK,130400154_,"Шины, клеммы, изоляторы",1.0,rules
IEK,130400155_,"Шины, клеммы, изоляторы",1.0,rules
IEK,130400156_,"Шины, клеммы, изоляторы",1.0,rules
IEK,130500001_,"Шины, клеммы, изоляторы",1.0,rules
IEK,130500002_,"Шины, клеммы, изоляторы",1.0,rules
IEK,130500003_,"Шины, клеммы, изоляторы",1.0,rules
IEK,130500004_,"Шины, клеммы, изоляторы",1.0,rules
IEK,130500005_,"Шины, клеммы, изоляторы",1.0,rules
IEK,130500006_,Прочее,0.445,laya_low_confidence
IEK,130500007_,Прочее,0.522,laya_low_confidence
IEK,130500008_,Прочее,0.435,laya_low_confidence
IEK,130500009_,Прочее,0.335,laya_low_confidence
IEK,130500010_,Прочее,0.423,laya_low_confidence
IEK,130500011_,Прочее,0.41,laya_low_confidence
IEK,130500012_,Прочее,0.461,laya_low_confidence
IEK,130500013_,Прочее,0.431,laya_low_confidence
IEK,130500014_,Прочее,0.443,laya_low_confidence
IEK,130500015_,Прочее,0.48,laya_low_confidence
IEK,130500027_,"Шины, клеммы, изоляторы",1.0,rules
IEK,130500046_,Прочее,0.343,laya_low_confidence
IEK,130500080_,Прочее,0.651,laya_low_confidence
IEK,130500085_,Прочее,0.809,laya_low_confidence
IEK,130500088_,Прочее,0.668,laya_low_confidence
IEK,130500094_,Прочее,0.518,laya_low_confidence
IEK,130500098_,Прочее,0.53,laya_low_confidence
IEK,130500102_,Прочее,0.519,laya_low_confidence
IEK,130500136_,Прочее,0.653,laya_low_confidence
IEK,130500137_,Прочее,0.807,laya_low_confidence
IEK,130600007_,"Контакторы, пускатели, управление",1.0,rules
IEK,130600021_,"Контакторы, пускатели, управление",1.0,rules
IEK,130600022_,"Контакторы, пускатели, управление",1.0,rules
IEK,130600023_,"Контакторы, пускатели, управление",1.0,rules
IEK,130600024_,"Контакторы, пускатели, управление",1.0,rules
IEK,130600025_,"Контакторы, пускатели, управление",1.0,rules
IEK,130600027_,"Контакторы, пускатели, управление",1.0,rules
IEK,130600031_,"Контакторы, пускатели, управление",1.0,rules
IEK,130600032_,"Контакторы, пускатели, управление",1.0,rules
IEK,130600051_,"Контакторы, пускатели, управление",1.0,rules
IEK,130600052_,"Контакторы, пускатели, управление",1.0,rules
IEK,130600053_,"Контакторы, пускатели, управление",1.0,rules
IEK,130600057_,"Контакторы, пускатели, управление",1.0,rules
IEK,130600060_,Прочее,0.716,laya_low_confidence
IEK,130600061_,"Контакторы, пускатели, управление",1.0,rules
IEK,130600062_,Прочее,0.516,laya_low_confidence
IEK,130600063_,Прочее,0.374,laya_low_confidence
IEK,130600064_,"Контакторы, пускатели, управление",1.0,rules
IEK,130600066_,"Контакторы, пускатели, управление",1.0,rules
IEK,130600067_,"Контакторы, пускатели, управление",1.0,rules
IEK,130600068_,"Контакторы, пускатели, управление",1.0,rules
IEK,130600075_,"Контакторы, пускатели, управление",1.0,rules
IEK,130600076_,"Контакторы, пускатели, управление",1.0,rules
IEK,130600077_,"Контакторы, пускатели, управление",1.0,rules
IEK,130600078_,"Контакторы, пускатели, управление",1.0,rules
IEK,130600079_,"Контакторы, пускатели, управление",1.0,rules
IEK,130600080_,"Контакторы, пускатели, управление",1.0,rules
IEK,130600086_,"Контакторы, пускатели, управление",1.0,rules
IEK,130600098_,Прочее,0.483,laya_low_confidence
IEK,130600121_,"Контакторы, пускатели, управление",1.0,rules
IEK,130600122_,"Контакторы, пускатели, управление",1.0,rules
IEK,130600123_,"Контакторы, пускатели, управление",1.0,rules
IEK,130600124_,"Контакторы, пускатели, управление",1.0,rules
IEK,130600125_,"Контакторы, пускатели, управление",1.0,rules
IEK,130600126_,"Контакторы, пускатели, управление",1.0,rules
IEK,130600128_,"Контакторы, пускатели, управление",1.0,rules
IEK,130600129_,"Контакторы, пускатели, управление",1.0,rules
IEK,130600130_,"Контакторы, пускатели, управление",1.0,rules
IEK,130600131_,"Контакторы, пускатели, управление",1.0,rules
IEK,130600132_,"Контакторы, пускатели, управление",1.0,rules
IEK,130600135_,"Контакторы, пускатели, управление",1.0,rules
IEK,130600136_,"Контакторы, пускатели, управление",1.0,rules
IEK,130600137_,"Контакторы, пускатели, управление",1.0,rules
IEK,130600138_,"Контакторы, пускатели, управление",1.0,rules
IEK,130600140_,"Контакторы, пускатели, управление",1.0,rules
IEK,130600145_,"Контакторы, пускатели, управление",1.0,rules
IEK,130600147_,"Контакторы, пускатели, управление",1.0,rules
IEK,130600148_,"Контакторы, пускатели, управление",1.0,rules
IEK,130600149_,"Контакторы, пускатели, управление",1.0,rules
IEK,130600150_,"Контакторы, пускатели, управление",1.0,rules
IEK,130600154_,"Контакторы, пускатели, управление",1.0,rules
IEK,130600165_,"Контакторы, пускатели, управление",1.0,rules
IEK,130600166_,"Контакторы, пускатели, управление",1.0,rules
IEK,130600200_,"Контакторы, пускатели, управление",1.0,rules
IEK,130600201_,"Контакторы, пускатели, управление",1.0,rules
IEK,130600202_,"Контакторы, пускатели, управление",1.0,rules
IEK,130600203_,"Контакторы, пускатели, управление",1.0,rules
IEK,130600204_,"Контакторы, пускатели, управление",1.0,rules
IEK,130600205_,"Контакторы, пускатели, управление",1.0,rules
IEK,130600206_,"Контакторы, пускатели, управление",1.0,rules
IEK,130600207_,"Контакторы, пускатели, управление",1.0,rules
IEK,130600208_,"Контакторы, пускатели, управление",1.0,rules
IEK,130600209_,"Контакторы, пускатели, управление",1.0,rules
IEK,130600210_,"Контакторы, пускатели, управление",1.0,rules
IEK,130600211_,"Контакторы, пускатели, управление",1.0,rules
IEK,130600212_,"Контакторы, пускатели, управление",1.0,rules
IEK,130600213_,"Контакторы, пускатели, управление",1.0,rules
IEK,130600214_,"Контакторы, пускатели, управление",1.0,rules
IEK,130600215_,"Контакторы, пускатели, управление",1.0,rules
IEK,130600216_,"Контакторы, пускатели, управление",1.0,rules
IEK,130600217_,"Контакторы, пускатели, управление",1.0,rules
IEK,130600218_,"Контакторы, пускатели, управление",1.0,rules
IEK,130600219_,"Контакторы, пускатели, управление",1.0,rules
IEK,130600220_,"Контакторы, пускатели, управление",1.0,rules
IEK,130600222_,"Контакторы, пускатели, управление",1.0,rules
IEK,130600223_,"Контакторы, пускатели, управление",1.0,rules
IEK,130600224_,"Контакторы, пускатели, управление",1.0,rules
IEK,130600225_,"Контакторы, пускатели, управление",1.0,rules
IEK,130600226_,"Контакторы, пускатели, управление",1.0,rules
IEK,130600227_,"Контакторы, пускатели, управление",1.0,rules
IEK,130600228_,"Контакторы, пускатели, управление",1.0,rules
IEK,130600229_,"Контакторы, пускатели, управление",1.0,rules
IEK,130600230_,"Контакторы, пускатели, управление",1.0,rules
IEK,130600232_,"Контакторы, пускатели, управление",1.0,rules
IEK,130600234_,"Контакторы, пускатели, управление",1.0,rules
IEK,130600235_,Прочее,0.722,laya_low_confidence
IEK,130600236_,Прочее,0.826,laya_low_confidence
IEK,130600237_,Прочее,0.77,laya_low_confidence
IEK,130600238_,Прочее,0.763,laya_low_confidence
IEK,130600239_,Прочее,0.832,laya_low_confidence
IEK,130600240_,Прочее,0.66,laya_low_confidence
IEK,130600241_,Прочее,0.847,laya_low_confidence
IEK,130600242_,"Контакторы, пускатели, управление",1.0,rules
IEK,130600243_,"Контакторы, пускатели, управление",1.0,rules
IEK,130600244_,"Контакторы, пускатели, управление",1.0,rules
IEK,130600245_,"Контакторы, пускатели, управление",1.0,rules
IEK,130600246_,"Контакторы, пускатели, управление",1.0,rules
IEK,130600247_,"Контакторы, пускатели, управление",1.0,rules
IEK,130600248_,"Контакторы, пускатели, управление",1.0,rules
IEK,130600253_,Прочее,0.352,laya_low_confidence
IEK,130600254_,Прочее,0.363,laya_low_confidence
IEK,130600255_,Прочее,0.382,laya_low_confidence
IEK,130600256_,Прочее,0.448,laya_low_confidence
IEK,130600257_,Прочее,0.594,laya_low_confidence
IEK,130600258_,Прочее,0.352,laya_low_confidence
IEK,130600259_,Прочее,0.68,laya_low_confidence
IEK,130600260_,Прочее,0.404,laya_low_confidence
IEK,130600261_,Прочее,0.774,laya_low_confidence
IEK,130600262_,Прочее,0.483,laya_low_confidence
IEK,130600265_,Щиты и боксы,1.0,rules
IEK,130600266_,Щиты и боксы,1.0,rules
IEK,130600267_,Прочее,0.238,laya_low_confidence
IEK,130600268_,Щиты и боксы,1.0,rules
IEK,130600269_,Прочее,0.727,laya_low_confidence
IEK,130600270_,"Контакторы, пускатели, управление",1.0,rules
IEK,130600271_,"Контакторы, пускатели, управление",1.0,rules
IEK,130600272_,"Контакторы, пускатели, управление",1.0,rules
IEK,130600273_,"Контакторы, пускатели, управление",1.0,rules
IEK,130900001_,Прочее,0.396,laya_low_confidence
IEK,130900006_,Розетки и выключатели,1.0,rules
IEK,130900007_,Розетки и выключатели,1.0,rules
IEK,130900008_,"Контакторы, пускатели, управление",1.0,rules
IEK,130900009_,"Контакторы, пускатели, управление",1.0,rules
IEK,130900010_,Розетки и выключатели,1.0,rules
IEK,130900012_,Розетки и выключатели,1.0,rules
IEK,130900013_,Прочее,0.342,laya_low_confidence
IEK,130900014_,Прочее,0.326,laya_low_confidence
IEK,130900017_,"Контакторы, пускатели, управление",1.0,rules
IEK,130900019_,"Контакторы, пускатели, управление",1.0,rules
IEK,130900020_,"Контакторы, пускатели, управление",1.0,rules
IEK,130900030_,"Контакторы, пускатели, управление",1.0,rules
IEK,130900031_,"Контакторы, пускатели, управление",1.0,rules
IEK,130900065_,"Контакторы, пускатели, управление",1.0,rules
IEK,150100494_,Светильники и лампы,1.0,rules
IEK,150100666_,Прочее,0.194,laya_low_confidence
IEK,150100667_,Прочее,0.276,laya_low_confidence
IEK,150100720_,Прочее,0.247,laya_low_confidence
IEK,150100723_,Прочее,0.213,laya_low_confidence
IEK,150100853_,Прочее,0.208,laya_low_confidence
IEK,150100854_,Прочее,0.242,laya_low_confidence
IEK,150100855_,Прочее,0.276,laya_low_confidence
IEK,150100863_,Прочее,0.282,laya_low_confidence
IEK,150100864_,Прочее,0.253,laya_low_confidence
IEK,150100953_,Прочее,0.465,laya_low_confidence
IEK,150100954_,Прочее,0.405,laya_low_confidence
IEK,150100955_,Прочее,0.208,laya_low_confidence
IEK,150100957_,Прочее,0.342,laya_low_confidence
IEK,150100959_,Прочее,0.221,laya_low_confidence
IEK,150100961_,Прочее,0.28,laya_low_confidence
IEK,150100996_,Прочее,0.184,laya_low_confidence
IEK,150100997_,Прочее,0.214,laya_low_confidence
IEK,150101000_,Прочее,0.251,laya_low_confidence
IEK,150101008_,Прочее,0.386,laya_low_confidence
IEK,150101010_,Прочее,0.397,laya_low_confidence
IEK,150101103_,Прочее,0.188,laya_low_confidence
IEK,150101104_,Прочее,0.293,laya_low_confidence
IEK,150101140_,Щиты и боксы,1.0,rules
IEK,150101155_,Светильники и лампы,1.0,rules
IEK,150101158_,Светильники и лампы,1.0,rules
IEK,150101175_,Светильники и лампы,1.0,rules
IEK,150101176_,Светильники и лампы,1.0,rules
IEK,150101177_,Светильники и лампы,1.0,rules
IEK,150101178_,Светильники и лампы,1.0,rules
IEK,150101179_,Светильники и лампы,1.0,rules
IEK,150101180_,Светильники и лампы,1.0,rules
IEK,150101181_,Светильники и лампы,1.0,rules
IEK,150101182_,Светильники и лампы,1.0,rules
IEK,150101183_,Светильники и лампы,1.0,rules
IEK,150101188_,Светильники и лампы,1.0,rules
IEK,150101189_,Светильники и лампы,1.0,rules
IEK,150101190_,Светильники и лампы,1.0,rules
IEK,150101191_,Светильники и лампы,1.0,rules
IEK,150101192_,Светильники и лампы,1.0,rules
IEK,150101193_,Светильники и лампы,1.0,rules
IEK,150101194_,Светильники и лампы,1.0,rules
IEK,150101195_,Светильники и лампы,1.0,rules
IEK,150101196_,Светильники и лампы,1.0,rules
IEK,150101197_,Светильники и лампы,1.0,rules
IEK,150101198_,Светильники и лампы,1.0,rules
IEK,150101199_,Светильники и лампы,1.0,rules
IEK,150101200_,Светильники и лампы,1.0,rules
IEK,150101201_,Светильники и лампы,1.0,rules
IEK,150101202_,Светильники и лампы,1.0,rules
IEK,150101203_,Светильники и лампы,1.0,rules
IEK,150101204_,Светильники и лампы,1.0,rules
IEK,150101205_,Светильники и лампы,1.0,rules
IEK,150101206_,Светильники и лампы,1.0,rules
IEK,150101207_,Светильники и лампы,1.0,rules
IEK,150101208_,Светильники и лампы,1.0,rules
IEK,150101209_,Светильники и лампы,1.0,rules
IEK,150101210_,Светильники и лампы,1.0,rules
IEK,150101211_,Светильники и лампы,1.0,rules
IEK,150101212_,Светильники и лампы,1.0,rules
IEK,150101213_,Светильники и лампы,1.0,rules
IEK,151000059_,Прочее,0.648,laya_low_confidence
IEK,151000061_,"Шины, клеммы, изоляторы",0.91,laya
IEK,151000070_,Прочее,0.366,laya_low_confidence
IEK,151000071_,Прочее,0.253,laya_low_confidence
IEK,151000082_,Прочее,0.326,laya_low_confidence
IEK,151000083_,Прочее,0.394,laya_low_confidence
IEK,151000084_,Прочее,0.409,laya_low_confidence
IEK,151000137_,Прочее,0.253,laya_low_confidence
IEK,151000175_,Прочее,0.161,laya_low_confidence
IEK,151000369_,"Контакторы, пускатели, управление",1.0,rules
IEK,151000553_,Измерения и инструмент,1.0,rules
IEK,151000555_,Измерения и инструмент,1.0,rules
IEK,151000556_,Измерения и инструмент,1.0,rules
IEK,151000558_,Прочее,0.522,laya_low_confidence
IEK,151000601_,Измерения и инструмент,1.0,rules
IEK,151000606_,Измерения и инструмент,1.0,rules
IEK,151000691_,"Контакторы, пускатели, управление",1.0,rules
IEK,151000692_,"Контакторы, пускатели, управление",1.0,rules
IEK,151000693_,"Контакторы, пускатели, управление",1.0,rules
IEK,151000698_,Прочее,0.437,laya_low_confidence
IEK,151000732_,Измерения и инструмент,1.0,rules
IEK,151000733_,Измерения и инструмент,1.0,rules
IEK,151000734_,Измерения и инструмент,1.0,rules
IEK,151000774_,Измерения и инструмент,1.0,rules
IEK,151000783_,Измерения и инструмент,0.955,laya
IEK,151300040_,Светильники и лампы,1.0,rules
IEK,151300041_,Светильники и лампы,1.0,rules
IEK,151300042_,Светильники и лампы,1.0,rules
IEK,200400001_,Розетки и выключатели,1.0,rules
IEK,200400002_,Розетки и выключатели,1.0,rules
IEK,200400003_,Розетки и выключатели,1.0,rules
IEK,200400004_,Розетки и выключатели,1.0,rules
IEK,200400007_,Розетки и выключатели,1.0,rules
IEK,200400009_,Розетки и выключатели,1.0,rules
IEK,200400010_,Розетки и выключатели,1.0,rules
IEK,200400011_,Розетки и выключатели,1.0,rules
IEK,200400014_,Розетки и выключатели,1.0,rules
IEK,200400015_,Розетки и выключатели,1.0,rules
IEK,200400016_,Розетки и выключатели,1.0,rules
IEK,200400017_,Розетки и выключатели,1.0,rules
IEK,200400018_,Розетки и выключатели,1.0,rules
IEK,200400019_,Розетки и выключатели,1.0,rules
IEK,200400020_,Розетки и выключатели,1.0,rules
IEK,200400021_,Розетки и выключатели,1.0,rules
IEK,200400022_,Розетки и выключатели,1.0,rules
IEK,200400023_,Розетки и выключатели,1.0,rules
IEK,200400024_,Розетки и выключатели,1.0,rules
IEK,200400025_,Розетки и выключатели,1.0,rules
IEK,200400026_,Розетки и выключатели,1.0,rules
IEK,200400027_,Розетки и выключатели,1.0,rules
IEK,200400028_,Розетки и выключатели,1.0,rules
IEK,200400029_,Розетки и выключатели,1.0,rules
IEK,200400030_,Розетки и выключатели,1.0,rules
IEK,200400032_,Прочее,0.234,laya_low_confidence
IEK,200400034_,Измерения и инструмент,1.0,rules
IEK,200400048_,"Кабель, провод, СКС",1.0,rules
IEK,200400050_,"Контакторы, пускатели, управление",1.0,rules
IEK,200400085_,"Кабель, провод, СКС",1.0,rules
IEK,200400101_,Розетки и выключатели,1.0,rules
IEK,200400104_,"Кабель, провод, СКС",1.0,rules
IEK,200400166_,"Кабель, провод, СКС",1.0,rules
IEK,200400249_,Розетки и выключатели,1.0,rules
IEK,200400250_,"Кабель, провод, СКС",1.0,rules
IEK,200400259_,"Кабель, провод, СКС",1.0,rules
IEK,200400264_,"Кабель, провод, СКС",1.0,rules
IEK,200400329_,"Кабель, провод, СКС",1.0,rules
IEK,200400330_,"Кабель, провод, СКС",1.0,rules
IEK,201000015_,Прочее,0.388,laya_low_confidence
IEK,201000017_,Прочее,0.367,laya_low_confidence
IEK,201000018_,Прочее,0.428,laya_low_confidence
IEK,201000019_,Прочее,0.442,laya_low_confidence
IEK,201000020_,Прочее,0.409,laya_low_confidence
IEK,201000021_,Прочее,0.407,laya_low_confidence
IEK,201000022_,Прочее,0.409,laya_low_confidence
IEK,220400107_,Прочее,0.562,laya_low_confidence
IEK,240100002_,"Шины, клеммы, изоляторы",1.0,rules
IEK,240100003_,"Шины, клеммы, изоляторы",1.0,rules
IEK,240100004_,"Шины, клеммы, изоляторы",1.0,rules
IEK,240100005_,"Шины, клеммы, изоляторы",1.0,rules
IEK,240100006_,"Шины, клеммы, изоляторы",1.0,rules
IEK,240100007_,"Шины, клеммы, изоляторы",1.0,rules
IEK,240100011_,"Шины, клеммы, изоляторы",1.0,rules
IEK,240100012_,"Шины, клеммы, изоляторы",1.0,rules
IEK,240100013_,"Шины, клеммы, изоляторы",1.0,rules
IEK,240100016_,Прочее,0.629,laya_low_confidence
IEK,240100020_,Прочее,0.395,laya_low_confidence
IEK,240100025_,Прочее,0.498,laya_low_confidence
IEK,240100026_,"Шины, клеммы, изоляторы",1.0,rules
IEK,240100027_,"Шины, клеммы, изоляторы",1.0,rules
IEK,240100028_,"Шины, клеммы, изоляторы",1.0,rules
IEK,240100029_,"Шины, клеммы, изоляторы",1.0,rules
IEK,240100052_,"Шины, клеммы, изоляторы",1.0,rules
IEK,240100053_,"Шины, клеммы, изоляторы",1.0,rules
IEK,240100054_,"Шины, клеммы, изоляторы",1.0,rules
IEK,240100090_,"Шины, клеммы, изоляторы",1.0,rules
IEK,240100091_,"Шины, клеммы, изоляторы",1.0,rules
IEK,240100092_,"Шины, клеммы, изоляторы",1.0,rules
IEK,240100093_,"Шины, клеммы, изоляторы",1.0,rules
IEK,240100094_,"Шины, клеммы, изоляторы",1.0,rules
IEK,240100095_,Прочее,0.294,laya_low_confidence
IEK,240100096_,Прочее,0.32,laya_low_confidence
IEK,240100097_,Прочее,0.338,laya_low_confidence
IEK,240100106_,"Шины, клеммы, изоляторы",1.0,rules
IEK,240100107_,"Шины, клеммы, изоляторы",1.0,rules
IEK,240100109_,"Шины, клеммы, изоляторы",1.0,rules
IEK,240100110_,"Шины, клеммы, изоляторы",1.0,rules
IEK,240100111_,"Шины, клеммы, изоляторы",1.0,rules
IEK,240100112_,"Шины, клеммы, изоляторы",1.0,rules
IEK,240100185_,"Шины, клеммы, изоляторы",1.0,rules
IEK,240100208_,"Шины, клеммы, изоляторы",1.0,rules
IEK,240100209_,Прочее,0.369,laya_low_confidence
IEK,240200003_,Прочее,0.416,laya_low_confidence
IEK,240200007_,Прочее,0.388,laya_low_confidence
IEK,240200011_,Прочее,0.392,laya_low_confidence
IEK,240200012_,Прочее,0.294,laya_low_confidence
IEK,240200014_,Прочее,0.367,laya_low_confidence
IEK,240200017_,Прочее,0.358,laya_low_confidence
IEK,240200029_,Прочее,0.281,laya_low_confidence
IEK,240200031_,Прочее,0.318,laya_low_confidence
IEK,240200032_,Прочее,0.328,laya_low_confidence
IEK,240300013_,Прочее,0.276,laya_low_confidence
IEK,240300014_,Прочее,0.284,laya_low_confidence
IEK,240300015_,Прочее,0.283,laya_low_confidence
IEK,240300016_,Прочее,0.266,laya_low_confidence
IEK,240300017_,Прочее,0.26,laya_low_confidence
IEK,240300018_,Прочее,0.268,laya_low_confidence
IEK,240300019_,Прочее,0.251,laya_low_confidence
IEK,240300020_,Прочее,0.247,laya_low_confidence
IEK,240300027_,Прочее,0.273,laya_low_confidence
IEK,240300033_,Прочее,0.276,laya_low_confidence
IEK,240300034_,Прочее,0.282,laya_low_confidence
IEK,240300035_,Прочее,0.291,laya_low_confidence
IEK,240300050_,Прочее,0.286,laya_low_confidence
IEK,240300051_,Прочее,0.289,laya_low_confidence
IEK,240300052_,Прочее,0.284,laya_low_confidence
IEK,240300053_,Прочее,0.28,laya_low_confidence
IEK,240300054_,Прочее,0.279,laya_low_confidence
IEK,240300055_,Прочее,0.288,laya_low_confidence
IEK,240300056_,Прочее,0.292,laya_low_confidence
IEK,240300057_,Прочее,0.28,laya_low_confidence
IEK,240300058_,Прочее,0.29,laya_low_confidence
IEK,240300059_,Прочее,0.295,laya_low_confidence
IEK,250200001_,Щиты и боксы,1.0,rules
IEK,250200002_,Щиты и боксы,1.0,rules
IEK,250200003_,Щиты и боксы,1.0,rules
IEK,250200004_,Щиты и боксы,1.0,rules
IEK,250200005_,Прочее,0.662,laya_low_confidence
IEK,250200006_,Щиты и боксы,1.0,rules
IEK,250200007_,Щиты и боксы,1.0,rules
IEK,250200008_,Щиты и боксы,1.0,rules
IEK,250200009_,Щиты и боксы,1.0,rules
IEK,250200010_,Щиты и боксы,1.0,rules
IEK,250200011_,Щиты и боксы,1.0,rules
IEK,250200012_,Щиты и боксы,1.0,rules
IEK,250200014_,Щиты и боксы,1.0,rules
IEK,250200015_,Щиты и боксы,1.0,rules
IEK,250200016_,Щиты и боксы,1.0,rules
IEK,250200017_,Щиты и боксы,1.0,rules
IEK,250200018_,Щиты и боксы,1.0,rules
IEK,250200019_,Щиты и боксы,1.0,rules
IEK,250200020_,Щиты и боксы,1.0,rules
IEK,250200023_,Прочее,0.611,laya_low_confidence
IEK,250200025_,Прочее,0.852,laya_low_confidence
IEK,250200026_,Прочее,0.644,laya_low_confidence
IEK,250200027_,Прочее,0.394,laya_low_confidence
IEK,250200028_,Прочее,0.358,laya_low_confidence
IEK,250200029_,Прочее,0.592,laya_low_confidence
IEK,250200031_,Прочее,0.259,laya_low_confidence
IEK,250200032_,Щиты и боксы,1.0,rules
IEK,250200037_,Щиты и боксы,1.0,rules
IEK,250200041_,Щиты и боксы,1.0,rules
IEK,250200042_,Щиты и боксы,1.0,rules
IEK,250200044_,Щиты и боксы,1.0,rules
IEK,250200047_,Щиты и боксы,1.0,rules
IEK,250200050_,Щиты и боксы,1.0,rules
IEK,250200051_,Щиты и боксы,1.0,rules
IEK,250200052_,Щиты и боксы,1.0,rules
IEK,250200054_,Щиты и боксы,1.0,rules
IEK,250200060_,Прочее,0.259,laya_low_confidence
IEK,250200061_,Прочее,0.324,laya_low_confidence
IEK,250200077_,Щиты и боксы,1.0,rules
IEK,250200078_,Прочее,0.664,laya_low_confidence
IEK,250200106_,Прочее,0.462,laya_low_confidence
IEK,250600001_,Щиты и боксы,1.0,rules
IEK,250600002_,Щиты и боксы,1.0,rules
IEK,250600003_,Щиты и боксы,1.0,rules
IEK,250600004_,Щиты и боксы,1.0,rules
IEK,250600005_,Щиты и боксы,1.0,rules
IEK,250600006_,Щиты и боксы,1.0,rules
IEK,250600007,Щиты и боксы,1.0,rules
IEK,250600007_,Щиты и боксы,1.0,rules
IEK,250600008_,Щиты и боксы,1.0,rules
IEK,250600009_,Щиты и боксы,1.0,rules
IEK,250600010_,Щиты и боксы,1.0,rules
IEK,250600011_,Щиты и боксы,1.0,rules
IEK,250600012_,Щиты и боксы,1.0,rules
IEK,250600013_,Щиты и боксы,1.0,rules
IEK,250600014_,Щиты и боксы,1.0,rules
IEK,250600015_,Щиты и боксы,1.0,rules
IEK,250600020_,Щиты и боксы,1.0,rules
IEK,250600021_,Щиты и боксы,1.0,rules
IEK,250600030_,Щиты и боксы,1.0,rules
IEK,250600034_,Щиты и боксы,1.0,rules
IEK,250600039_,Прочее,0.374,laya_low_confidence
IEK,250600041_,Прочее,0.504,laya_low_confidence
IEK,250600050_,Прочее,0.447,laya_low_confidence
IEK,250600051_,Розетки и выключатели,1.0,rules
IEK,250600053_,Щиты и боксы,1.0,rules
IEK,250600054_,Щиты и боксы,1.0,rules
IEK,250600055_,Щиты и боксы,1.0,rules
IEK,250600056_,Щиты и боксы,1.0,rules
IEK,250600057_,Щиты и боксы,1.0,rules
IEK,250600058_,Щиты и боксы,1.0,rules
IEK,250600059_,Щиты и боксы,1.0,rules
IEK,250600063_,Щиты и боксы,1.0,rules
IEK,250600087_,Розетки и выключатели,1.0,rules
IEK,250600115_,Щиты и боксы,1.0,rules
IEK,250600116_,Щиты и боксы,1.0,rules
IEK,250600117_,Щиты и боксы,1.0,rules
IEK,250600129_,Щиты и боксы,1.0,rules
IEK,250600130_,Щиты и боксы,1.0,rules
IEK,250600131_,Щиты и боксы,1.0,rules
IEK,250600132_,Щиты и боксы,1.0,rules
IEK,250600150_,Прочее,0.731,laya_low_confidence
IEK,250600152_,Прочее,0.479,laya_low_confidence
IEK,250600173_,Щиты и боксы,1.0,rules
IEK,250600174_,Щиты и боксы,1.0,rules
IEK,250600175_,Щиты и боксы,1.0,rules
IEK,250600176_,Щиты и боксы,1.0,rules
IEK,250600177_,Щиты и боксы,1.0,rules
IEK,250600178_,Щиты и боксы,1.0,rules
IEK,250600179_,Щиты и боксы,1.0,rules
IEK,250600180_,Щиты и боксы,1.0,rules
IEK,250600181_,Щиты и боксы,1.0,rules
IEK,250600182_,Щиты и боксы,1.0,rules
IEK,250600183_,Щиты и боксы,1.0,rules
IEK,250600184_,Щиты и боксы,1.0,rules
IEK,250600185_,Щиты и боксы,1.0,rules
IEK,250600186_,Щиты и боксы,1.0,rules
IEK,250600187_,Щиты и боксы,1.0,rules
IEK,250600244_,Щиты и боксы,1.0,rules
IEK,250600250_,Щиты и боксы,1.0,rules
IEK,250600252_,Щиты и боксы,1.0,rules
IEK,250600271_,Щиты и боксы,1.0,rules
IEK,250600275_,Щиты и боксы,1.0,rules
IEK,250600276_,Щиты и боксы,1.0,rules
IEK,250600277_,Щиты и боксы,1.0,rules
IEK,250600278_,Щиты и боксы,1.0,rules
IEK,250600279_,Щиты и боксы,1.0,rules
IEK,250600287_,Щиты и боксы,1.0,rules
IEK,250600289_,Щиты и боксы,1.0,rules
IEK,250600290_,Щиты и боксы,1.0,rules
IEK,250600291_,Щиты и боксы,1.0,rules
IEK,250600292_,Щиты и боксы,1.0,rules
IEK,250600293_,Щиты и боксы,1.0,rules
IEK,250600294_,Щиты и боксы,1.0,rules
IEK,250600309_,Щиты и боксы,1.0,rules
IEK,250600310_,Щиты и боксы,1.0,rules
IEK,250600311_,Щиты и боксы,1.0,rules
IEK,250600312_,Щиты и боксы,1.0,rules
IEK,250600313_,Щиты и боксы,1.0,rules
IEK,250600314_,Щиты и боксы,1.0,rules
IEK,250600315_,Щиты и боксы,1.0,rules
IEK,250600316_,Щиты и боксы,1.0,rules
IEK,250600317_,Щиты и боксы,1.0,rules
IEK,250600318_,Щиты и боксы,1.0,rules
IEK,251000053_,Щиты и боксы,1.0,rules
IEK,251400017_,Щиты и боксы,1.0,rules
IEK,251400019_,Щиты и боксы,1.0,rules
IEK,251400020_,Щиты и боксы,1.0,rules
IEK,251400021_,Прочее,0.282,laya_low_confidence
IEK,251400022_,Прочее,0.265,laya_low_confidence
IEK,251400023_,Прочее,0.285,laya_low_confidence
IEK,251400024_,Прочее,0.29,laya_low_confidence
IEK,251400025_,Прочее,0.301,laya_low_confidence
IEK,251400026_,Прочее,0.269,laya_low_confidence
IEK,251400027_,Прочее,0.316,laya_low_confidence
IEK,251400028_,Щиты и боксы,1.0,rules
IEK,251400029_,Щиты и боксы,1.0,rules
IEK,251400030_,Щиты и боксы,1.0,rules
IEK,251400031_,Щиты и боксы,1.0,rules
IEK,251400032_,Щиты и боксы,1.0,rules
IEK,251400033_,Щиты и боксы,1.0,rules
IEK,251400034_,Щиты и боксы,1.0,rules
IEK,251400035_,Щиты и боксы,1.0,rules
IEK,251400036_,Щиты и боксы,1.0,rules
IEK,251400037_,Щиты и боксы,1.0,rules
IEK,251400038_,Щиты и боксы,1.0,rules
IEK,251400039_,Щиты и боксы,1.0,rules
IEK,251400040_,Щиты и боксы,1.0,rules
IEK,251400041_,Щиты и боксы,1.0,rules
IEK,251400042_,Щиты и боксы,1.0,rules
IEK,251400043_,Щиты и боксы,1.0,rules
IEK,251400044_,Щиты и боксы,1.0,rules
IEK,251400045_,Прочее,0.77,laya_low_confidence
IEK,251400046_,Прочее,0.737,laya_low_confidence
IEK,251400047_,Прочее,0.711,laya_low_confidence
IEK,251400048_,Щиты и боксы,1.0,rules
IEK,251400049_,Щиты и боксы,1.0,rules
IEK,251400050_,Щиты и боксы,1.0,rules
IEK,251400051_,Щиты и боксы,1.0,rules
IEK,251400052_,Щиты и боксы,1.0,rules
IEK,251400053_,Щиты и боксы,1.0,rules
IEK,251400054_,Щиты и боксы,1.0,rules
IEK,251400055_,Щиты и боксы,1.0,rules
IEK,251400056_,Щиты и боксы,1.0,rules
IEK,251400057_,Щиты и боксы,1.0,rules
IEK,251400058_,Щиты и боксы,1.0,rules
IEK,251400059_,Щиты и боксы,1.0,rules
IEK,251400060_,Щиты и боксы,1.0,rules
IEK,251400061_,Щиты и боксы,1.0,rules
IEK,251400062_,Щиты и боксы,1.0,rules
IEK,251400063_,Щиты и боксы,1.0,rules
IEK,251400064_,Щиты и боксы,1.0,rules
IEK,251400065_,Щиты и боксы,1.0,rules
IEK,251400066_,Щиты и боксы,1.0,rules
IEK,251400067_,Щиты и боксы,1.0,rules
IEK,251400068_,Щиты и боксы,1.0,rules
IEK,251400069_,Щиты и боксы,1.0,rules
IEK,251400070_,Щиты и боксы,1.0,rules
IEK,251400071_,Щиты и боксы,1.0,rules
IEK,251400072_,Щиты и боксы,1.0,rules
IEK,251400073_,Щиты и боксы,1.0,rules
IEK,251400074_,Щиты и боксы,1.0,rules
IEK,251400075_,Щиты и боксы,1.0,rules
IEK,251400076_,Щиты и боксы,1.0,rules
IEK,251400077_,Щиты и боксы,1.0,rules
IEK,251400078_,Щиты и боксы,1.0,rules
IEK,251400079_,Щиты и боксы,1.0,rules
IEK,251400080_,Щиты и боксы,1.0,rules
IEK,251400081_,Щиты и боксы,1.0,rules
IEK,251400082_,Щиты и боксы,1.0,rules
IEK,251400083_,Щиты и боксы,1.0,rules
IEK,251400084_,Щиты и боксы,1.0,rules
IEK,251400085_,Щиты и боксы,1.0,rules
IEK,251400086_,Щиты и боксы,1.0,rules
IEK,251400087_,Щиты и боксы,1.0,rules
IEK,251400088_,Щиты и боксы,1.0,rules
IEK,251400089_,Щиты и боксы,1.0,rules
IEK,251400090_,Щиты и боксы,1.0,rules
IEK,251400091_,Щиты и боксы,1.0,rules
IEK,251400092_,Щиты и боксы,1.0,rules
IEK,251400093_,Щиты и боксы,1.0,rules
IEK,251400094_,Щиты и боксы,1.0,rules
IEK,251400095_,Щиты и боксы,1.0,rules
IEK,251400096_,Щиты и боксы,1.0,rules
IEK,251400097_,Щиты и боксы,1.0,rules
IEK,251400098_,Щиты и боксы,1.0,rules
IEK,251400099_,Щиты и боксы,1.0,rules
IEK,251400100_,Щиты и боксы,1.0,rules
IEK,251400101_,Щиты и боксы,1.0,rules
IEK,251400102_,Щиты и боксы,1.0,rules
IEK,251400103_,Щиты и боксы,1.0,rules
IEK,251400104_,Щиты и боксы,1.0,rules
IEK,251400105_,Щиты и боксы,1.0,rules
IEK,251400106_,Щиты и боксы,1.0,rules
IEK,251400107_,Щиты и боксы,1.0,rules
IEK,251400108_,Щиты и боксы,1.0,rules
IEK,251400109_,Щиты и боксы,1.0,rules
IEK,251400110_,Щиты и боксы,1.0,rules
IEK,251400111_,Щиты и боксы,1.0,rules
IEK,251400112_,Щиты и боксы,1.0,rules
IEK,251400113_,Щиты и боксы,1.0,rules
IEK,251400114_,Щиты и боксы,1.0,rules
IEK,251400115_,Щиты и боксы,1.0,rules
IEK,251400116_,Щиты и боксы,1.0,rules
IEK,251400117_,Щиты и боксы,1.0,rules
IEK,251400118_,Щиты и боксы,1.0,rules
IEK,251400119_,Щиты и боксы,1.0,rules
IEK,251400120_,Щиты и боксы,1.0,rules
IEK,251400121_,Щиты и боксы,1.0,rules
IEK,251400122_,Щиты и боксы,1.0,rules
IEK,251400123_,Щиты и боксы,1.0,rules
IEK,251400124_,Щиты и боксы,1.0,rules
IEK,251400125_,Щиты и боксы,1.0,rules
IEK,251400126_,Щиты и боксы,1.0,rules
IEK,251400127_,Щиты и боксы,1.0,rules
IEK,251400128_,Щиты и боксы,1.0,rules
IEK,251400129_,Щиты и боксы,1.0,rules
IEK,251400130_,Щиты и боксы,1.0,rules
IEK,251400131_,Щиты и боксы,1.0,rules
IEK,251400132_,Щиты и боксы,1.0,rules
IEK,251400133_,Щиты и боксы,1.0,rules
IEK,251400134_,Щиты и боксы,1.0,rules
IEK,251400135_,Щиты и боксы,1.0,rules
IEK,251400136_,Щиты и боксы,1.0,rules
IEK,251400137_,Щиты и боксы,1.0,rules
IEK,251400138_,Щиты и боксы,1.0,rules
IEK,251400139_,Щиты и боксы,1.0,rules
IEK,251400140_,Щиты и боксы,1.0,rules
IEK,251400141_,Щиты и боксы,1.0,rules
IEK,251400142_,Щиты и боксы,1.0,rules
IEK,251400143_,Щиты и боксы,1.0,rules
IEK,251400144_,Щиты и боксы,1.0,rules
IEK,251400145_,Щиты и боксы,1.0,rules
IEK,251400146_,Щиты и боксы,1.0,rules
IEK,251400147_,Щиты и боксы,1.0,rules
IEK,251400148_,Щиты и боксы,1.0,rules
IEK,260100138_,"Шины, клеммы, изоляторы",1.0,rules
IEK,260100140_,"Шины, клеммы, изоляторы",1.0,rules
IEK,260100153_,"Шины, клеммы, изоляторы",1.0,rules
IEK,260100154_,"Шины, клеммы, изоляторы",1.0,rules
IEK,260100155_,"Шины, клеммы, изоляторы",1.0,rules
IEK,260100157_,"Шины, клеммы, изоляторы",1.0,rules
IEK,260100158_,"Шины, клеммы, изоляторы",1.0,rules
IEK,260100165_,"Шины, клеммы, изоляторы",1.0,rules
IEK,260100167_,"Шины, клеммы, изоляторы",1.0,rules
IEK,260100168_,"Шины, клеммы, изоляторы",1.0,rules
IEK,260100169_,"Шины, клеммы, изоляторы",1.0,rules
IEK,260100172_,"Шины, клеммы, изоляторы",1.0,rules
IEK,270100211_,Автоматы и предохранители,1.0,rules
IEK,270100212_,Автоматы и предохранители,1.0,rules
IEK,270100213_,Автоматы и предохранители,1.0,rules
IEK,270100214_,Автоматы и предохранители,1.0,rules
IEK,270100215_,Автоматы и предохранители,1.0,rules
IEK,270100217_,Автоматы и предохранители,1.0,rules
IEK,270100218_,Автоматы и предохранители,1.0,rules
IEK,270100219_,Автоматы и предохранители,1.0,rules
IEK,270100221_,Автоматы и предохранители,1.0,rules
IEK,270100223_,Автоматы и предохранители,1.0,rules
IEK,270200027_,Автоматы и предохранители,1.0,rules
IEK,270200048_,Автоматы и предохранители,1.0,rules
IEK,270200056_,Автоматы и предохранители,1.0,rules
IEK,270200057_,Автоматы и предохранители,1.0,rules
IEK,270200058_,Автоматы и предохранители,1.0,rules
IEK,270200059_,Автоматы и предохранители,1.0,rules
IEK,270200063_,Автоматы и предохранители,1.0,rules
IEK,270200075_,Автоматы и предохранители,1.0,rules
IEK,270200099_,Автоматы и предохранители,1.0,rules
IEK,270200100_,Автоматы и предохранители,1.0,rules
IEK,270200101_,Автоматы и предохранители,1.0,rules
IEK,270200102_,Автоматы и предохранители,1.0,rules
IEK,270200114_,Автоматы и предохранители,1.0,rules
IEK,270200120_,Автоматы и предохранители,1.0,rules
IEK,270200129_,Автоматы и предохранители,1.0,rules
IEK,270200130_,Автоматы и предохранители,1.0,rules
IEK,270200131_,Автоматы и предохранители,1.0,rules
IEK,270200132_,Автоматы и предохранители,1.0,rules
IEK,270200142_,Автоматы и предохранители,1.0,rules
IEK,270200143_,Автоматы и предохранители,1.0,rules
IEK,270300001_,Щиты и боксы,1.0,rules
IEK,270300002_,Щиты и боксы,1.0,rules
IEK,270300003_,Щиты и боксы,1.0,rules
IEK,270300004_,Щиты и боксы,1.0,rules
IEK,270300007_,Щиты и боксы,1.0,rules
IEK,270300021_,Измерения и инструмент,1.0,rules
IEK,270300025_,Измерения и инструмент,1.0,rules
IEK,270300030_,Измерения и инструмент,1.0,rules
IEK,270300035_,Измерения и инструмент,1.0,rules
IEK,270300078_,"Трубы, кабель-каналы, лотки",1.0,rules
IEK,270300079_,"Трубы, кабель-каналы, лотки",1.0,rules
IEK,270300098_,Измерения и инструмент,1.0,rules
IEK,270300099_,Измерения и инструмент,1.0,rules
IEK,270300100_,Измерения и инструмент,1.0,rules
IEK,270300101_,Измерения и инструмент,1.0,rules
IEK,270300105_,"Трубы, кабель-каналы, лотки",1.0,rules
IEK,270300106_,Измерения и инструмент,1.0,rules
IEK,270300112_,Измерения и инструмент,1.0,rules
IEK,270300113_,Измерения и инструмент,1.0,rules
IEK,270300130_,Измерения и инструмент,1.0,rules
IEK,270300132_,Измерения и инструмент,1.0,rules
IEK,270300133_,Прочее,0.805,laya_low_confidence
IEK,270300134_,Розетки и выключатели,1.0,rules
IEK,270300150_,"Трубы, кабель-каналы, лотки",1.0,rules
IEK,270300151_,"Трубы, кабель-каналы, лотки",1.0,rules
IEK,270300153_,"Трубы, кабель-каналы, лотки",1.0,rules
IEK,270300184_,Измерения и инструмент,1.0,rules
IEK,270300200_,"Трубы, кабель-каналы, лотки",1.0,rules
IEK,270300212_,Прочее,0.369,laya_low_confidence
IEK,270300217_,Измерения и инструмент,1.0,rules
IEK,270300221_,Прочее,0.311,laya_low_confidence
IEK,270300222_,Щиты и боксы,1.0,rules
IEK,270300224_,Прочее,0.353,laya_low_confidence
IEK,270300231_,Прочее,0.379,laya_low_confidence
IEK,270300234_,Измерения и инструмент,1.0,rules
IEK,270300244_,Прочее,0.359,laya_low_confidence
IEK,270300251_,Щиты и боксы,1.0,rules
IEK,270300253_,Щиты и боксы,1.0,rules
IEK,270300254_,Щиты и боксы,1.0,rules
IEK,270300259_,Прочее,0.315,laya_low_confidence
IEK,270300260_,Прочее,0.556,laya_low_confidence
IEK,270300261_,Прочее,0.356,laya_low_confidence
IEK,270300262_,Прочее,0.371,laya_low_confidence
IEK,270300263_,Прочее,0.355,laya_low_confidence
IEK,270300264_,Прочее,0.355,laya_low_confidence
IEK,270300265_,Щиты и боксы,1.0,rules
IEK,270300266_,Щиты и боксы,1.0,rules
IEK,270300267_,Прочее,0.483,laya_low_confidence
IEK,270300268_,Прочее,0.486,laya_low_confidence
IEK,270300269_,Прочее,0.488,laya_low_confidence
IEK,270300270_,Прочее,0.603,laya_low_confidence
IEK,270300271_,Прочее,0.598,laya_low_confidence
IEK,270300272_,Прочее,0.586,laya_low_confidence
IEK,270300273_,Прочее,0.55,laya_low_confidence
IEK,270300274_,Щиты и боксы,1.0,rules
IEK,270300275_,Щиты и боксы,1.0,rules
IEK,270300276_,Щиты и боксы,1.0,rules
IEK,270300277_,Прочее,0.446,laya_low_confidence
IEK,270300278_,Прочее,0.465,laya_low_confidence
IEK,270300279_,Прочее,0.467,laya_low_confidence
IEK,270300281_,Щиты и боксы,1.0,rules
IEK,270300282_,Щиты и боксы,1.0,rules
IEK,270300283_,Щиты и боксы,1.0,rules
IEK,270300284_,Прочее,0.371,laya_low_confidence
IEK,270300285_,Прочее,0.435,laya_low_confidence
IEK,270300286_,Прочее,0.383,laya_low_confidence
IEK,270300287_,Прочее,0.381,laya_low_confidence
IEK,270300288_,Прочее,0.368,laya_low_confidence
IEK,270300289_,Прочее,0.407,laya_low_confidence
IEK,270300290_,Прочее,0.495,laya_low_confidence
IEK,270300291_,Прочее,0.41,laya_low_confidence
IEK,270300292_,Прочее,0.454,laya_low_confidence
IEK,270300293_,Прочее,0.477,laya_low_confidence
IEK,270300295_,Прочее,0.416,laya_low_confidence
IEK,270300296_,Прочее,0.401,laya_low_confidence
IEK,270300297_,Прочее,0.387,laya_low_confidence
IEK,270300298_,Прочее,0.415,laya_low_confidence
IEK,270300299_,"Контакторы, пускатели, управление",1.0,rules
IEK,270300300_,"Контакторы, пускатели, управление",1.0,rules
IEK,270300301_,Прочее,0.272,laya_low_confidence
IEK,270300302_,Прочее,0.399,laya_low_confidence
IEK,270300303_,Прочее,0.255,laya_low_confidence
IEK,270300304_,"Контакторы, пускатели, управление",1.0,rules
IEK,270300305_,Прочее,0.344,laya_low_confidence
IEK,270300307_,Прочее,0.298,laya_low_confidence
IEK,270400021_,Автоматы и предохранители,1.0,rules
IEK,270400022_,Автоматы и предохранители,1.0,rules
IEK,270400035_,Автоматы и предохранители,1.0,rules
IEK,270400043_,Автоматы и предохранители,1.0,rules
IEK,270400046_,Автоматы и предохранители,1.0,rules
IEK,270400047_,Автоматы и предохранители,1.0,rules
IEK,280100001_,"Трубы, кабель-каналы, лотки",1.0,rules
IEK,280100002_,"Трубы, кабель-каналы, лотки",1.0,rules
IEK,280100003_,"Трубы, кабель-каналы, лотки",1.0,rules
IEK,280100004_,"Трубы, кабель-каналы, лотки",1.0,rules
IEK,280100005_,"Трубы, кабель-каналы, лотки",1.0,rules
IEK,280100006_,"Трубы, кабель-каналы, лотки",1.0,rules
IEK,280100007_,"Трубы, кабель-каналы, лотки",1.0,rules
IEK,280100009_,"Трубы, кабель-каналы, лотки",1.0,rules
IEK,280100010_,"Трубы, кабель-каналы, лотки",1.0,rules
IEK,280100011_,"Трубы, кабель-каналы, лотки",1.0,rules
IEK,280100012_,"Трубы, кабель-каналы, лотки",1.0,rules
IEK,280100013_,"Трубы, кабель-каналы, лотки",1.0,rules
IEK,280100014_,"Трубы, кабель-каналы, лотки",1.0,rules
IEK,280100015_,"Трубы, кабель-каналы, лотки",1.0,rules
IEK,280100016_,"Трубы, кабель-каналы, лотки",1.0,rules
IEK,280100020_,"Трубы, кабель-каналы, лотки",1.0,rules
IEK,280100103_,"Трубы, кабель-каналы, лотки",1.0,rules
IEK,280100116_,"Трубы, кабель-каналы, лотки",1.0,rules
IEK,280100117_,"Трубы, кабель-каналы, лотки",1.0,rules
IEK,280100118_,Прочее,0.666,laya_low_confidence
IEK,280100119_,Розетки и выключатели,1.0,rules
IEK,280100120_,Розетки и выключатели,1.0,rules
IEK,280100121_,Прочее,0.478,laya_low_confidence
IEK,280100122_,"Трубы, кабель-каналы, лотки",1.0,rules
IEK,280100123_,"Трубы, кабель-каналы, лотки",1.0,rules
IEK,280100124_,"Трубы, кабель-каналы, лотки",1.0,rules
IEK,280100125_,"Трубы, кабель-каналы, лотки",1.0,rules
IEK,280100126_,Розетки и выключатели,1.0,rules
IEK,280100127_,Розетки и выключатели,1.0,rules
IEK,280100128_,Розетки и выключатели,1.0,rules
IEK,280100129_,Розетки и выключатели,1.0,rules
IEK,280100130_,Розетки и выключатели,1.0,rules
IEK,280100131_,Розетки и выключатели,1.0,rules
IEK,280100132_,Розетки и выключатели,1.0,rules
IEK,280100133_,Розетки и выключатели,1.0,rules
IEK,280100134_,"Трубы, кабель-каналы, лотки",1.0,rules
IEK,280100135_,"Трубы, кабель-каналы, лотки",1.0,rules
IEK,280100136_,"Трубы, кабель-каналы, лотки",1.0,rules
IEK,280100137_,Прочее,0.198,laya_low_confidence
IEK,280100138_,Прочее,0.21,laya_low_confidence
IEK,280100139_,Розетки и выключатели,1.0,rules
IEK,280100140_,Розетки и выключатели,1.0,rules
IEK,280100141_,Щиты и боксы,0.932,laya
IEK,280100162_,"Трубы, кабель-каналы, лотки",1.0,rules
IEK,280100240_,"Трубы, кабель-каналы, лотки",1.0,rules
IEK,280100293_,"Трубы, кабель-каналы, лотки",1.0,rules
IEK,280100294_,"Трубы, кабель-каналы, лотки",1.0,rules
IEK,280100295_,"Трубы, кабель-каналы, лотки",1.0,rules
IEK,280100296_,"Трубы, кабель-каналы, лотки",1.0,rules
IEK,280100297_,"Трубы, кабель-каналы, лотки",1.0,rules
IEK,280100298_,"Трубы, кабель-каналы, лотки",1.0,rules
IEK,280100299_,"Трубы, кабель-каналы, лотки",1.0,rules
IEK,280100300_,"Трубы, кабель-каналы, лотки",1.0,rules
IEK,280100301_,"Трубы, кабель-каналы, лотки",1.0,rules
IEK,280100302_,"Трубы, кабель-каналы, лотки",1.0,rules
IEK,280100303_,"Трубы, кабель-каналы, лотки",1.0,rules
IEK,280100304_,"Трубы, кабель-каналы, лотки",1.0,rules
IEK,280100305_,"Трубы, кабель-каналы, лотки",1.0,rules
IEK,280100306_,"Трубы, кабель-каналы, лотки",1.0,rules
IEK,280100307_,"Трубы, кабель-каналы, лотки",1.0,rules
IEK,280100308_,"Трубы, кабель-каналы, лотки",1.0,rules
IEK,280100309_,Прочее,0.61,laya_low_confidence
IEK,280100310_,Прочее,0.675,laya_low_confidence
IEK,280100311_,"Трубы, кабель-каналы, лотки",1.0,rules
IEK,280100312_,Прочее,0.494,laya_low_confidence
IEK,280100313_,"Трубы, кабель-каналы, лотки",1.0,rules
IEK,280100314_,"Трубы, кабель-каналы, лотки",1.0,rules
IEK,280100336_,"Трубы, кабель-каналы, лотки",1.0,rules
IEK,280100337_,"Трубы, кабель-каналы, лотки",1.0,rules
IEK,280100338_,"Трубы, кабель-каналы, лотки",1.0,rules
IEK,280100339_,"Трубы, кабель-каналы, лотки",1.0,rules
IEK,280100340_,"Трубы, кабель-каналы, лотки",1.0,rules
IEK,280100341_,"Трубы, кабель-каналы, лотки",1.0,rules
IEK,280100342_,"Трубы, кабель-каналы, лотки",1.0,rules
IEK,280100343_,"Трубы, кабель-каналы, лотки",1.0,rules
IEK,280100344_,"Трубы, кабель-каналы, лотки",1.0,rules
IEK,280100345_,"Трубы, кабель-каналы, лотки",1.0,rules
IEK,280100346_,"Трубы, кабель-каналы, лотки",1.0,rules
IEK,280100347_,"Трубы, кабель-каналы, лотки",1.0,rules
IEK,280100348_,"Трубы, кабель-каналы, лотки",1.0,rules
IEK,280100349_,"Трубы, кабель-каналы, лотки",1.0,rules
IEK,280100350_,"Трубы, кабель-каналы, лотки",1.0,rules
IEK,280100351_,"Трубы, кабель-каналы, лотки",1.0,rules
IEK,280100352_,"Трубы, кабель-каналы, лотки",1.0,rules
IEK,280100353_,Прочее,0.661,laya_low_confidence
IEK,280100354_,Прочее,0.711,laya_low_confidence
IEK,280100355_,Прочее,0.701,laya_low_confidence
IEK,280100356_,Прочее,0.697,laya_low_confidence
IEK,280100357_,"Трубы, кабель-каналы, лотки",1.0,rules
IEK,280100358_,"Трубы, кабель-каналы, лотки",1.0,rules
IEK,280100359_,"Трубы, кабель-каналы, лотки",1.0,rules
IEK,280100360_,"Трубы, кабель-каналы, лотки",1.0,rules
IEK,280100361_,"Трубы, кабель-каналы, лотки",1.0,rules
IEK,280100362_,"Трубы, кабель-каналы, лотки",1.0,rules
IEK,280100363_,"Трубы, кабель-каналы, лотки",1.0,rules
IEK,280100364_,"Трубы, кабель-каналы, лотки",1.0,rules
IEK,280100365_,"Трубы, кабель-каналы, лотки",1.0,rules
IEK,280100366_,"Трубы, кабель-каналы, лотки",1.0,rules
IEK,280100367_,"Трубы, кабель-каналы, лотки",1.0,rules
IEK,280100368_,"Трубы, кабель-каналы, лотки",1.0,rules
IEK,280100369_,"Трубы, кабель-каналы, лотки",1.0,rules
IEK,280100370_,"Трубы, кабель-каналы, лотки",1.0,rules
IEK,280100371_,"Трубы, кабель-каналы, лотки",1.0,rules
IEK,280100372_,"Трубы, кабель-каналы, лотки",1.0,rules
IEK,280100373_,"Трубы, кабель-каналы, лотки",1.0,rules
IEK,280100374_,"Трубы, кабель-каналы, лотки",1.0,rules
IEK,280100375_,"Трубы, кабель-каналы, лотки",1.0,rules
IEK,280100376_,"Трубы, кабель-каналы, лотки",1.0,rules
IEK,280100377_,"Трубы, кабель-каналы, лотки",1.0,rules
IEK,280100378_,"Трубы, кабель-каналы, лотки",1.0,rules
IEK,280100379_,"Трубы, кабель-каналы, лотки",1.0,rules
IEK,280100380_,"Трубы, кабель-каналы, лотки",1.0,rules
IEK,280100381_,"Трубы, кабель-каналы, лотки",1.0,rules
IEK,280100382_,"Трубы, кабель-каналы, лотки",1.0,rules
IEK,280100383_,"Трубы, кабель-каналы, лотки",1.0,rules
IEK,280100384_,"Трубы, кабель-каналы, лотки",1.0,rules
IEK,280100385_,"Трубы, кабель-каналы, лотки",1.0,rules
IEK,280100386_,"Трубы, кабель-каналы, лотки",1.0,rules
IEK,280100387_,"Трубы, кабель-каналы, лотки",1.0,rules
IEK,280100388_,Прочее,0.389,laya_low_confidence
IEK,280100389_,Прочее,0.525,laya_low_confidence
IEK,280100390_,Прочее,0.56,laya_low_confidence
IEK,280100391_,Прочее,0.58,laya_low_confidence
IEK,280100392_,Прочее,0.572,laya_low_confidence
IEK,280100393_,"Трубы, кабель-каналы, лотки",1.0,rules
IEK,280100394_,"Трубы, кабель-каналы, лотки",1.0,rules
IEK,280100395_,"Трубы, кабель-каналы, лотки",1.0,rules
IEK,280100396_,"Трубы, кабель-каналы, лотки",1.0,rules
IEK,280100397_,"Трубы, кабель-каналы, лотки",1.0,rules
IEK,280100398_,"Трубы, кабель-каналы, лотки",1.0,rules
IEK,280100399_,"Трубы, кабель-каналы, лотки",1.0,rules
IEK,280100400_,"Трубы, кабель-каналы, лотки",1.0,rules
IEK,280100401_,"Трубы, кабель-каналы, лотки",1.0,rules
IEK,280100402_,"Трубы, кабель-каналы, лотки",1.0,rules
IEK,280100403_,"Трубы, кабель-каналы, лотки",1.0,rules
IEK,280100404_,"Трубы, кабель-каналы, лотки",1.0,rules
IEK,280100405_,"Трубы, кабель-каналы, лотки",1.0,rules
IEK,280100406_,"Трубы, кабель-каналы, лотки",1.0,rules
IEK,280100407_,"Трубы, кабель-каналы, лотки",1.0,rules
IEK,280100408_,"Трубы, кабель-каналы, лотки",1.0,rules
IEK,280100409_,"Трубы, кабель-каналы, лотки",1.0,rules
IEK,280100410_,"Трубы, кабель-каналы, лотки",1.0,rules
IEK,280100411_,"Трубы, кабель-каналы, лотки",1.0,rules
IEK,280100412_,"Трубы, кабель-каналы, лотки",1.0,rules
IEK,280100413_,"Трубы, кабель-каналы, лотки",1.0,rules
IEK,280100414_,"Трубы, кабель-каналы, лотки",1.0,rules
IEK,280100415_,"Трубы, кабель-каналы, лотки",1.0,rules
IEK,280100416_,"Трубы, кабель-каналы, лотки",1.0,rules
IEK,280100417_,"Трубы, кабель-каналы, лотки",1.0,rules
IEK,280100418_,"Трубы, кабель-каналы, лотки",1.0,rules
IEK,280100419_,"Трубы, кабель-каналы, лотки",1.0,rules
IEK,280100420_,"Трубы, кабель-каналы, лотки",1.0,rules
IEK,280100421_,"Трубы, кабель-каналы, лотки",1.0,rules
IEK,280100422_,"Трубы, кабель-каналы, лотки",1.0,rules
IEK,280100423_,"Трубы, кабель-каналы, лотки",1.0,rules
IEK,280100424_,"Трубы, кабель-каналы, лотки",1.0,rules
IEK,280100425_,"Трубы, кабель-каналы, лотки",1.0,rules
IEK,280100426_,"Трубы, кабель-каналы, лотки",1.0,rules
IEK,280100428_,"Трубы, кабель-каналы, лотки",1.0,rules
IEK,280100429_,"Трубы, кабель-каналы, лотки",1.0,rules
IEK,280100430_,"Трубы, кабель-каналы, лотки",1.0,rules
IEK,280100431_,"Трубы, кабель-каналы, лотки",1.0,rules
IEK,280100432_,"Трубы, кабель-каналы, лотки",1.0,rules
IEK,280100433_,"Трубы, кабель-каналы, лотки",1.0,rules
IEK,280100434_,Прочее,0.496,laya_low_confidence
IEK,280100435_,Прочее,0.59,laya_low_confidence
IEK,280100437_,Прочее,0.628,laya_low_confidence
IEK,280100438_,Прочее,0.624,laya_low_confidence
IEK,280100439_,Прочее,0.583,laya_low_confidence
IEK,280100440_,Прочее,0.674,laya_low_confidence
IEK,280100441_,"Трубы, кабель-каналы, лотки",1.0,rules
IEK,280100442_,"Трубы, кабель-каналы, лотки",1.0,rules
IEK,280100443_,"Трубы, кабель-каналы, лотки",1.0,rules
IEK,280100444_,"Трубы, кабель-каналы, лотки",1.0,rules
IEK,280100445_,"Трубы, кабель-каналы, лотки",1.0,rules
IEK,280100446_,"Трубы, кабель-каналы, лотки",1.0,rules
IEK,280100447_,"Трубы, кабель-каналы, лотки",1.0,rules
IEK,280100448_,"Трубы, кабель-каналы, лотки",1.0,rules
IEK,280100449_,"Трубы, кабель-каналы, лотки",1.0,rules
IEK,280100450_,"Трубы, кабель-каналы, лотки",1.0,rules
IEK,280100451_,"Трубы, кабель-каналы, лотки",1.0,rules
IEK,280100452_,"Трубы, кабель-каналы, лотки",1.0,rules
IEK,280100453_,"Трубы, кабель-каналы, лотки",1.0,rules
IEK,280100454_,"Трубы, кабель-каналы, лотки",1.0,rules
IEK,280100455_,"Трубы, кабель-каналы, лотки",1.0,rules
IEK,280100456_,"Трубы, кабель-каналы, лотки",1.0,rules
IEK,280100457_,"Трубы, кабель-каналы, лотки",1.0,rules
IEK,280100458_,"Трубы, кабель-каналы, лотки",1.0,rules
IEK,280100459_,"Трубы, кабель-каналы, лотки",1.0,rules
IEK,280100460_,"Трубы, кабель-каналы, лотки",1.0,rules
IEK,280100461_,"Трубы, кабель-каналы, лотки",1.0,rules
IEK,280200031_,"Трубы, кабель-каналы, лотки",1.0,rules
IEK,280200032_,"Трубы, кабель-каналы, лотки",1.0,rules
IEK,280200033_,"Трубы, кабель-каналы, лотки",1.0,rules
IEK,280200034_,"Трубы, кабель-каналы, лотки",1.0,rules
IEK,280200035_,"Трубы, кабель-каналы, лотки",1.0,rules
IEK,280200036_,"Трубы, кабель-каналы, лотки",1.0,rules
IEK,280200037_,"Трубы, кабель-каналы, лотки",1.0,rules
IEK,280200038_,"Трубы, кабель-каналы, лотки",1.0,rules
IEK,280200039_,"Трубы, кабель-каналы, лотки",1.0,rules
IEK,280200040_,"Трубы, кабель-каналы, лотки",1.0,rules
IEK,280200041_,"Трубы, кабель-каналы, лотки",1.0,rules
IEK,280200042_,"Трубы, кабель-каналы, лотки",1.0,rules
IEK,280200043_,Прочее,0.817,laya_low_confidence
IEK,280200044_,Прочее,0.841,laya_low_confidence
IEK,280200045_,Прочее,0.807,laya_low_confidence
IEK,280200046_,Прочее,0.797,laya_low_confidence
IEK,280200047_,Прочее,0.826,laya_low_confidence
IEK,280200048_,Прочее,0.822,laya_low_confidence
IEK,280200049_,Прочее,0.813,laya_low_confidence
IEK,280200050_,"Трубы, кабель-каналы, лотки",1.0,rules
IEK,280200051_,"Трубы, кабель-каналы, лотки",1.0,rules
IEK,280200052_,"Трубы, кабель-каналы, лотки",1.0,rules
IEK,280200053_,"Трубы, кабель-каналы, лотки",1.0,rules
IEK,280200054_,"Трубы, кабель-каналы, лотки",1.0,rules
IEK,280200055_,"Трубы, кабель-каналы, лотки",1.0,rules
IEK,280200056_,"Трубы, кабель-каналы, лотки",1.0,rules
IEK,280200057_,"Трубы, кабель-каналы, лотки",1.0,rules
IEK,280200058_,"Трубы, кабель-каналы, лотки",1.0,rules
IEK,280200059_,"Трубы, кабель-каналы, лотки",1.0,rules
IEK,280200060_,"Трубы, кабель-каналы, лотки",1.0,rules
IEK,280200061_,"Трубы, кабель-каналы, лотки",1.0,rules
IEK,280200062_,"Трубы, кабель-каналы, лотки",1.0,rules
IEK,280200063_,"Трубы, кабель-каналы, лотки",1.0,rules
IEK,280200064_,"Трубы, кабель-каналы, лотки",1.0,rules
IEK,280200065_,"Трубы, кабель-каналы, лотки",1.0,rules
IEK,280200066_,"Трубы, кабель-каналы, лотки",1.0,rules
IEK,280200067_,"Трубы, кабель-каналы, лотки",1.0,rules
IEK,280200068_,"Трубы, кабель-каналы, лотки",1.0,rules
IEK,280200069_,"Трубы, кабель-каналы, лотки",1.0,rules
IEK,280200070_,"Трубы, кабель-каналы, лотки",1.0,rules
IEK,280200071_,"Трубы, кабель-каналы, лотки",1.0,rules
IEK,280200072_,"Трубы, кабель-каналы, лотки",1.0,rules
IEK,280200073_,"Трубы, кабель-каналы, лотки",1.0,rules
IEK,280200080_,Прочее,0.853,laya_low_confidence
IEK,280200081_,Прочее,0.828,laya_low_confidence
IEK,280200082_,"Трубы, кабель-каналы, лотки",1.0,rules
IEK,280200083_,"Трубы, кабель-каналы, лотки",1.0,rules
IEK,280200084_,"Трубы, кабель-каналы, лотки",1.0,rules
IEK,280200085_,"Трубы, кабель-каналы, лотки",1.0,rules
IEK,280200086_,"Трубы, кабель-каналы, лотки",1.0,rules
IEK,280200087_,"Трубы, кабель-каналы, лотки",1.0,rules
IEK,280200088_,"Трубы, кабель-каналы, лотки",1.0,rules
IEK,280200108_,"Трубы, кабель-каналы, лотки",1.0,rules
IEK,280200109_,"Трубы, кабель-каналы, лотки",1.0,rules
IEK,280200166_,"Трубы, кабель-каналы, лотки",1.0,rules
IEK,280200167_,"Трубы, кабель-каналы, лотки",1.0,rules
IEK,280200252_,"Кабель, провод, СКС",1.0,rules
IEK,280200257_,"Трубы, кабель-каналы, лотки",1.0,rules
IEK,280300003_,Прочее,0.375,laya_low_confidence
IEK,280300004_,Прочее,0.377,laya_low_confidence
IEK,280300005_,"Трубы, кабель-каналы, лотки",1.0,rules
IEK,280300007_,"Трубы, кабель-каналы, лотки",1.0,rules
IEK,280300009_,"Трубы, кабель-каналы, лотки",1.0,rules
IEK,280300011_,"Трубы, кабель-каналы, лотки",1.0,rules
IEK,280300012_,"Трубы, кабель-каналы, лотки",1.0,rules
IEK,280300013_,"Трубы, кабель-каналы, лотки",1.0,rules
IEK,280300017_,Прочее,0.234,laya_low_confidence
IEK,280300020_,"Трубы, кабель-каналы, лотки",1.0,rules
IEK,280300021_,"Трубы, кабель-каналы, лотки",1.0,rules
IEK,280300022_,"Трубы, кабель-каналы, лотки",1.0,rules
IEK,280300024_,Прочее,0.523,laya_low_confidence
IEK,280300028_,"Трубы, кабель-каналы, лотки",1.0,rules
IEK,280300030_,"Трубы, кабель-каналы, лотки",1.0,rules
IEK,280300031_,"Трубы, кабель-каналы, лотки",1.0,rules
IEK,280300034_,"Трубы, кабель-каналы, лотки",1.0,rules
IEK,280300035_,"Трубы, кабель-каналы, лотки",1.0,rules
IEK,280300036_,"Трубы, кабель-каналы, лотки",1.0,rules
IEK,280300037_,"Трубы, кабель-каналы, лотки",1.0,rules
IEK,280300038_,"Трубы, кабель-каналы, лотки",1.0,rules
IEK,280300039_,"Трубы, кабель-каналы, лотки",1.0,rules
IEK,280300040_,"Трубы, кабель-каналы, лотки",1.0,rules
IEK,280300048_,Прочее,0.257,laya_low_confidence
IEK,280300049_,"Трубы, кабель-каналы, лотки",1.0,rules
IEK,280300054_,"Трубы, кабель-каналы, лотки",1.0,rules
IEK,280300055_,"Трубы, кабель-каналы, лотки",1.0,rules
IEK,280300056_,"Трубы, кабель-каналы, лотки",1.0,rules
IEK,280300057_,"Трубы, кабель-каналы, лотки",1.0,rules
IEK,280300058_,"Трубы, кабель-каналы, лотки",1.0,rules
IEK,280300071_,"Трубы, кабель-каналы, лотки",1.0,rules
IEK,280300072_,"Трубы, кабель-каналы, лотки",1.0,rules
IEK,280300073_,"Трубы, кабель-каналы, лотки",1.0,rules
IEK,280300074_,"Трубы, кабель-каналы, лотки",1.0,rules
IEK,280300078_,"Трубы, кабель-каналы, лотки",1.0,rules
IEK,280300080_,"Трубы, кабель-каналы, лотки",1.0,rules
IEK,280300081_,"Трубы, кабель-каналы, лотки",1.0,rules
IEK,280300082_,Прочее,0.383,laya_low_confidence
IEK,280300083_,"Трубы, кабель-каналы, лотки",1.0,rules
IEK,280300084_,"Трубы, кабель-каналы, лотки",1.0,rules
IEK,280300085_,"Трубы, кабель-каналы, лотки",1.0,rules
IEK,280300086_,"Трубы, кабель-каналы, лотки",1.0,rules
IEK,280300088_,"Трубы, кабель-каналы, лотки",1.0,rules
IEK,280300092_,Прочее,0.256,laya_low_confidence
IEK,280300103_,"Трубы, кабель-каналы, лотки",1.0,rules
IEK,280300104_,Прочее,0.43,laya_low_confidence
IEK,280300122_,Прочее,0.378,laya_low_confidence
IEK,280300128_,"Трубы, кабель-каналы, лотки",1.0,rules
IEK,280300131_,Прочее,0.35,laya_low_confidence
IEK,280300145_,Розетки и выключатели,1.0,rules
IEK,280300146_,Розетки и выключатели,1.0,rules
IEK,280300147_,Розетки и выключатели,1.0,rules
IEK,280300179_,Коробки установочные,1.0,rules
IEK,280300180_,Коробки установочные,1.0,rules
IEK,280300181_,Коробки установочные,1.0,rules
IEK,280300182_,Коробки установочные,1.0,rules
IEK,280300229_,Розетки и выключатели,1.0,rules
IEK,280300231_,Розетки и выключатели,1.0,rules
IEK,280300232_,Розетки и выключатели,1.0,rules
IEK,280300235_,Розетки и выключатели,1.0,rules
IEK,280300236_,Розетки и выключатели,1.0,rules
IEK,280300237_,Розетки и выключатели,1.0,rules
IEK,280300250_,Прочее,0.852,laya_low_confidence
IEK,280300260_,Прочее,0.372,laya_low_confidence
IEK,280300269_,Прочее,0.881,laya_low_confidence
IEK,280300273_,Прочее,0.358,laya_low_confidence
IEK,280300274_,Прочее,0.361,laya_low_confidence
IEK,280300279_,"Трубы, кабель-каналы, лотки",1.0,rules
IEK,280300280_,"Трубы, кабель-каналы, лотки",1.0,rules
IEK,280300289_,"Трубы, кабель-каналы, лотки",1.0,rules
IEK,280300295_,Розетки и выключатели,1.0,rules
IEK,280300354_,Измерения и инструмент,0.996,laya
IEK,280300356_,Прочее,0.776,laya_low_confidence
IEK,280300396_,Коробки установочные,1.0,rules
IEK,280300397_,Коробки установочные,1.0,rules
IEK,280300399_,Коробки установочные,1.0,rules
IEK,280300400_,Коробки установочные,1.0,rules
IEK,280300401_,Коробки установочные,1.0,rules
IEK,280300402_,Коробки установочные,1.0,rules
IEK,280300403_,Коробки установочные,1.0,rules
IEK,280300404_,Коробки установочные,1.0,rules
IEK,280300589_,Щиты и боксы,1.0,rules
IEK,280300590_,Щиты и боксы,1.0,rules
IEK,280300591_,Щиты и боксы,1.0,rules
IEK,280300592_,Щиты и боксы,1.0,rules
IEK,280300626_,Прочее,0.646,laya_low_confidence
IEK,280300644_,Розетки и выключатели,1.0,rules
IEK,280300645_,Розетки и выключатели,1.0,rules
IEK,280300673_,Прочее,0.219,laya_low_confidence
IEK,280300678_,"Трубы, кабель-каналы, лотки",1.0,rules
IEK,280300685_,Коробки установочные,1.0,rules
IEK,280300696_,Розетки и выключатели,1.0,rules
IEK,280300733_,Прочее,0.484,laya_low_confidence
IEK,280300734_,Прочее,0.434,laya_low_confidence
IEK,280300735_,Прочее,0.444,laya_low_confidence
IEK,280300736_,Прочее,0.432,laya_low_confidence
IEK,280300737_,Прочее,0.453,laya_low_confidence
IEK,280300738_,Прочее,0.483,laya_low_confidence
IEK,280300739_,Прочее,0.511,laya_low_confidence
IEK,280300740_,Прочее,0.524,laya_low_confidence
IEK,280300741_,Прочее,0.585,laya_low_confidence
IEK,280300742_,Прочее,0.7,laya_low_confidence
IEK,280300743_,Прочее,0.699,laya_low_confidence
IEK,280300744_,Прочее,0.741,laya_low_confidence
IEK,280300745_,Прочее,0.764,laya_low_confidence
IEK,280300746_,Прочее,0.278,laya_low_confidence
IEK,280300747_,Прочее,0.264,laya_low_confidence
IEK,280300748_,Прочее,0.262,laya_low_confidence
IEK,280300950_,Розетки и выключатели,1.0,rules
IEK,280300951_,Розетки и выключатели,1.0,rules
IEK,280301023_,Прочее,0.227,laya_low_confidence
IEK,280301024_,Прочее,0.215,laya_low_confidence
IEK,290100002_,Прочее,0.451,laya_low_confidence
IEK,290100003_,Розетки и выключатели,1.0,rules
IEK,290100004_,Прочее,0.42,laya_low_confidence
IEK,290100005_,Прочее,0.268,laya_low_confidence
IEK,290100009_,Прочее,0.294,laya_low_confidence
IEK,290100010_,Розетки и выключатели,1.0,rules
IEK,290100011_,Прочее,0.278,laya_low_confidence
IEK,290100013_,Розетки и выключатели,1.0,rules
IEK,290100014_,Розетки и выключатели,1.0,rules
IEK,290100015_,Прочее,0.226,laya_low_confidence
IEK,290100016_,Прочее,0.275,laya_low_confidence
IEK,290100017_,Розетки и выключатели,1.0,rules
IEK,290100029_,Розетки и выключатели,1.0,rules
IEK,290100031_,Прочее,0.3,laya_low_confidence
IEK,290100032_,Прочее,0.25,laya_low_confidence
IEK,290100033_,Прочее,0.308,laya_low_confidence
IEK,290100034_,Прочее,0.27,laya_low_confidence
IEK,290100035_,Автоматы и предохранители,1.0,rules
IEK,290100036_,Автоматы и предохранители,1.0,rules
IEK,290100101_,Розетки и выключатели,1.0,rules
IEK,290100110_,Прочее,0.645,laya_low_confidence
IEK,290100122_,Прочее,0.407,laya_low_confidence
IEK,290100132_,Прочее,0.8,laya_low_confidence
IEK,290100133_,Прочее,0.844,laya_low_confidence
IEK,290100134_,Прочее,0.547,laya_low_confidence
IEK,290100135_,Прочее,0.878,laya_low_confidence
IEK,290100136_,Прочее,0.505,laya_low_confidence
IEK,290100137_,Прочее,0.572,laya_low_confidence
IEK,290100138_,Прочее,0.351,laya_low_confidence
IEK,290100139_,Прочее,0.621,laya_low_confidence
IEK,290100140_,Прочее,0.837,laya_low_confidence
IEK,290100141_,Прочее,0.846,laya_low_confidence
IEK,290100142_,Прочее,0.501,laya_low_confidence
IEK,290100143_,Прочее,0.724,laya_low_confidence
IEK,290100144_,Прочее,0.676,laya_low_confidence
IEK,290100145_,Прочее,0.836,laya_low_confidence
IEK,290100146_,Прочее,0.363,laya_low_confidence
IEK,290100147_,Прочее,0.416,laya_low_confidence
IEK,290100148_,Прочее,0.402,laya_low_confidence
IEK,290200005_,Прочее,0.471,laya_low_confidence
IEK,290200006_,Прочее,0.434,laya_low_confidence
IEK,290200008_,Прочее,0.438,laya_low_confidence
IEK,290200009_,Прочее,0.426,laya_low_confidence
IEK,290200030_,Прочее,0.318,laya_low_confidence
IEK,290200068_,Прочее,0.483,laya_low_confidence
IEK,290200126_,Прочее,0.779,laya_low_confidence
IEK,290200127_,Прочее,0.726,laya_low_confidence
IEK,290200128_,Прочее,0.6,laya_low_confidence
IEK,290200129_,Прочее,0.28,laya_low_confidence
IEK,290200130_,Прочее,0.291,laya_low_confidence
IEK,290200131_,Прочее,0.546,laya_low_confidence
IEK,311101034_,"Шины, клеммы, изоляторы",1.0,rules
IEK,311101217_,Прочее,0.363,laya_low_confidence
IEK,311101218_,Прочее,0.354,laya_low_confidence
IEK,311101219_,Прочее,0.363,laya_low_confidence
IEK,311101221_,Прочее,0.357,laya_low_confidence
IEK,311101222_,Щиты и боксы,1.0,rules
IEK,311101224_,Прочее,0.253,laya_low_confidence
IEK,311101225_,Щиты и боксы,1.0,rules
IEK,311101227_,Прочее,0.337,laya_low_confidence
IEK,311101228_,Прочее,0.447,laya_low_confidence
IEK,311101232_,Прочее,0.416,laya_low_confidence
IEK,311101233_,"Кабель, провод, СКС",1.0,rules
IEK,311101234_,"Кабель, провод, СКС",1.0,rules
IEK,311101235_,Прочее,0.275,laya_low_confidence
IEK,311101236_,Прочее,0.421,laya_low_confidence
IEK,311101237_,Прочее,0.309,laya_low_confidence
IEK,311101238_,Прочее,0.229,laya_low_confidence
IEK,5250600034_,Щиты и боксы,1.0,rules
IEK,A650-33E055TM,Прочее,0.546,laya_low_confidence
IEK,AR-KMR10-040-20-230,"Контакторы, пускатели, управление",1.0,rules
IEK,AR-KMR10-040-40-230,"Контакторы, пускатели, управление",1.0,rules
IEK,AR-KMR10-063-22-230,"Контакторы, пускатели, управление",1.0,rules
IEK,AR-KMR10-063-40-230,"Контакторы, пускатели, управление",1.0,rules
IEK,AR-M06N-4-C025,Прочее,0.466,laya_low_confidence
IEK,AR-M06N-4-C032,Автоматы и предохранители,1.0,rules
IEK,BBD10-APBB-K51_,"Контакторы, пускатели, управление",1.0,rules
IEK,BR-AK20-1-K35,Розетки и выключатели,1.0,rules
IEK,BR-AK20-1-K35_,Розетки и выключатели,1.0,rules
IEK,BR-AK20-1-K53,Розетки и выключатели,1.0,rules
IEK,BR-D20-0600-K37,"Трубы, кабель-каналы, лотки",1.0,rules
IEK,BR-H10-K37,Розетки и выключатели,1.0,rules
IEK,BR-H10-K46,Розетки и выключатели,1.0,rules
IEK,BR-K20-1-K35,Розетки и выключатели,1.0,rules
IEK,BR-K20-1-K36,Розетки и выключатели,1.0,rules
IEK,BR-K20-1-K45,Розетки и выключатели,1.0,rules
IEK,BR-KT20-O-1-K10,Розетки и выключатели,1.0,rules
IEK,BR-KT20-O-1-K45,Розетки и выключатели,1.0,rules
IEK,BR-M12-G-31-K96,Розетки и выключатели,1.0,rules
IEK,BR-M12-G-41-K06,Розетки и выключатели,1.0,rules
IEK,BR-M22-G-31-K96,Розетки и выключатели,1.0,rules
IEK,BR-MS10-N-150-05-K37,"Контакторы, пускатели, управление",1.0,rules
IEK,BR-R16-16-44-K02_,Розетки и выключатели,1.0,rules
IEK,BR-R16-16-44-K37,Розетки и выключатели,1.0,rules
IEK,BR-R16-16-44-K45,Розетки и выключатели,1.0,rules
IEK,BR-R16-16-44-K46,Розетки и выключатели,1.0,rules
IEK,BR-R16-16-K10,Розетки и выключатели,1.0,rules
IEK,BR-R16-16-K37,Розетки и выключатели,1.0,rules
IEK,BR-R26-16-44-K02-F,Розетки и выключатели,1.0,rules
IEK,BR-R26-16-44-K37-F,Розетки и выключатели,1.0,rules
IEK,BR-R26-16-44-K45-F,Розетки и выключатели,1.0,rules
IEK,BR-R26-16-44-K46-F,Розетки и выключатели,1.0,rules
IEK,BR-RT11-K10,"Контакторы, пускатели, управление",1.0,rules
IEK,BR-U21-D31-K35,Розетки и выключатели,1.0,rules
IEK,BR-U21-D31-K37,Розетки и выключатели,1.0,rules
IEK,BR-U21-D31-K46,Розетки и выключатели,1.0,rules
IEK,BR-VK10-0-K10,"Кабель, провод, СКС",1.0,rules
IEK,BR-VK10-0-K36,"Кабель, провод, СКС",1.0,rules
IEK,BR-VK10-0-K37,"Кабель, провод, СКС",1.0,rules
IEK,BR-VK10-0-K45,"Кабель, провод, СКС",1.0,rules
IEK,CKK10-025-016-1-K01-,"Трубы, кабель-каналы, лотки",1.0,rules
IEK,CKK10-025-016-1-K24_,"Трубы, кабель-каналы, лотки",1.0,rules
IEK,CKK10-025-016-1-K28_,"Трубы, кабель-каналы, лотки",1.0,rules
IEK,CKK10-025-016-1-K34_,"Трубы, кабель-каналы, лотки",1.0,rules
IEK,CKK10-025-025-1-K01-,"Трубы, кабель-каналы, лотки",1.0,rules
IEK,CKK10-040-025-1-K01-,"Трубы, кабель-каналы, лотки",1.0,rules
IEK,CKK10-040-025-1-K24_,"Трубы, кабель-каналы, лотки",1.0,rules
IEK,CKK10-040-025-1-K28_,"Трубы, кабель-каналы, лотки",1.0,rules
IEK,CKK10-040-025-1-K34_,"Трубы, кабель-каналы, лотки",1.0,rules
IEK,CKK10-060-040-1-K01-,"Трубы, кабель-каналы, лотки",1.0,rules
IEK,CKK10-100-060-1-K01,"Трубы, кабель-каналы, лотки",1.0,rules
IEK,CLM50D-PPP-030-15,Прочее,0.808,laya_low_confidence
IEK,CLM50D-PPP-050-15,Прочее,0.389,laya_low_confidence
IEK,CLM50D-PPP-060-25,Прочее,0.822,laya_low_confidence
IEK,CLM50D-PPP-300-25,Прочее,0.716,laya_low_confidence
IEK,CLM50D-RP-080-30,Прочее,0.275,laya_low_confidence
IEK,CLP10-080-150-3,"Трубы, кабель-каналы, лотки",1.0,rules
IEK,CLP1CL-300-1,Прочее,0.366,laya_low_confidence
IEK,CLP1M-SHU-6,Прочее,0.614,laya_low_confidence
IEK,CLP1SH-050,Прочее,0.382,laya_low_confidence
IEK,CLP1V-100-200,"Трубы, кабель-каналы, лотки",1.0,rules
IEK,CLP1Z-050-200,Прочее,0.461,laya_low_confidence
IEK,CLW10-TM-06-1-R,Прочее,0.555,laya_low_confidence
IEK,CLW10-TM-08-1-R,Прочее,0.586,laya_low_confidence
IEK,CLW10-TM-08-2-R,Прочее,0.592,laya_low_confidence
IEK,CLW10-VR-100,Прочее,0.361,laya_low_confidence
IEK,CMZ11-VT-06-030,Прочее,0.364,laya_low_confidence
IEK,CNT-A310D33V93-110TE,Прочее,0.713,laya_low_confidence
IEK,CO05-07542-R,"Кабель, провод, СКС",1.0,rules
IEK,CS3-1C6AF-Q,"Кабель, провод, СКС",1.0,rules
IEK,CTA10D-CF16-K41-100,Прочее,0.262,laya_low_confidence
IEK,CTA10D-CF20-K41-100,Прочее,0.213,laya_low_confidence
IEK,EL-KK10-025-016-1-K0,"Трубы, кабель-каналы, лотки",1.0,rules
IEK,EL-KK10-025-025-1-K0,"Трубы, кабель-каналы, лотки",1.0,rules
IEK,EL-KK10-040-025-1-K0,"Трубы, кабель-каналы, лотки",1.0,rules
IEK,EL-KK10-060-040-1-K0,"Трубы, кабель-каналы, лотки",1.0,rules
IEK,EL-KK10-100-060-1-K0,"Трубы, кабель-каналы, лотки",1.0,rules
IEK,EPK10-04-02-K01,Светильники и лампы,1.0,rules
IEK,EPK20-04-02-K01,Светильники и лампы,1.0,rules
IEK,EPP14-04-01-K01,Светильники и лампы,1.0,rules
IEK,EPP14-04-01-K02,Светильники и лампы,1.0,rules
IEK,ERO14-K01-16-DC,Розетки и выключатели,1.0,rules
IEK,FP-K10-2-K03,Розетки и выключатели,1.0,rules
IEK,FP-K10-2-K10,Розетки и выключатели,1.0,rules
IEK,FP-R14-16-1-K03,Розетки и выключатели,1.0,rules
IEK,FP-R14-16-1-K10,Розетки и выключатели,1.0,rules
IEK,FP-V10-0-10-1-K03,Розетки и выключатели,1.0,rules
IEK,FP-V10-0-10-1-K10,Розетки и выключатели,1.0,rules
IEK,FP-V12-0-10-1-K03,Розетки и выключатели,1.0,rules
IEK,FP-V12-0-10-1-K10,Розетки и выключатели,1.0,rules
IEK,FP-V13-0-10-1-K03,Розетки и выключатели,1.0,rules
IEK,FP-V13-0-10-1-K10,Розетки и выключатели,1.0,rules
IEK,FP-V20-0-10-1-K03,Розетки и выключатели,1.0,rules
IEK,FP-V20-0-10-1-K10,Розетки и выключатели,1.0,rules
IEK,IPA10-6-0030-E,Измерения и инструмент,1.0,rules
IEK,IPA10-6-0075-E,Измерения и инструмент,1.0,rules
IEK,KKM11-012-024-10,"Контакторы, пускатели, управление",1.0,rules
IEK,KKM21-025-110-01,"Контакторы, пускатели, управление",1.0,rules
IEK,LBAL001,Прочее,0.853,laya_low_confidence
IEK,LDBO0-4013-18-6500-K,Светильники и лампы,1.0,rules
IEK,LLE-A60-12-24-48-40-,Светильники и лампы,1.0,rules
IEK,LLE-T80-12-230-40-GX,Светильники и лампы,1.0,rules
IEK,LLE-T80-12-230-65-GX,Светильники и лампы,1.0,rules
IEK,MAD10-4-016-C-100,УЗО и дифавтоматы,1.0,rules
IEK,MDV11-2-025-030,УЗО и дифавтоматы,1.0,rules
IEK,MKK11-20-22,"Контакторы, пускатели, управление",1.0,rules
IEK,MKK11-40-11,"Контакторы, пускатели, управление",1.0,rules
IEK,MKK11-63-20,"Контакторы, пускатели, управление",1.0,rules
IEK,MKK12-20-20,"Контакторы, пускатели, управление",1.0,rules
IEK,MKM42-02-31-WW-L,Прочее,0.374,laya_low_confidence
IEK,MKP73-N-12-66,Щиты и боксы,1.0,rules
IEK,MNV10-1-040,Автоматы и предохранители,1.0,rules
IEK,MNV10-3-125,Розетки и выключатели,1.0,rules
IEK,MPR10-1-050,Автоматы и предохранители,1.0,rules
IEK,MPR10-4-050,Автоматы и предохранители,1.0,rules
IEK,MVA20-1-D05-C,Автоматы и предохранители,1.0,rules
IEK,MVA20-3-013-C,Автоматы и предохранители,1.0,rules
IEK,MVA31-1-006-B,Прочее,0.377,laya_low_confidence
IEK,MVA31-1-006-C,Прочее,0.352,laya_low_confidence
IEK,MVA31-2-050-C,Прочее,0.341,laya_low_confidence
IEK,MVA31-3-025-B,Прочее,0.453,laya_low_confidence
IEK,MVA31-3-025-C,Автоматы и предохранители,1.0,rules
IEK,MVA31-3-063-B,Прочее,0.415,laya_low_confidence
IEK,MVA50-3-100-D,Автоматы и предохранители,1.0,rules
IEK,OPS-DC24-060B,Щиты и боксы,0.928,laya
IEK,ORI-01-05,"Контакторы, пускатели, управление",1.0,rules
IEK,ORI-01-5,"Контакторы, пускатели, управление",1.0,rules
IEK,ORL-02-ACDC24-240V,"Контакторы, пускатели, управление",1.0,rules
IEK,ORT-ST-ACDC12-240V,"Контакторы, пускатели, управление",1.0,rules
IEK,PLR-S-CPU-1410,"Контакторы, пускатели, управление",1.0,rules
IEK,PLR-S-CPU-1410R-AC-B,"Контакторы, пускатели, управление",1.0,rules
IEK,PSN12-032-5,Розетки и выключатели,1.0,rules
IEK,RRP10-4-10-220A-LED,"Контакторы, пускатели, управление",1.0,rules
IEK,SFB-33-75-A-00,"Контакторы, пускатели, управление",1.0,rules
IEK,SRP-10-3-160,Автоматы и предохранители,1.0,rules
IEK,SVA10D-ADK-1,"Контакторы, пускатели, управление",1.0,rules
IEK,SVA30D-ADK-1,"Контакторы, пускатели, управление",1.0,rules
IEK,SVA50D-ADK-1,"Контакторы, пускатели, управление",1.0,rules
IEK,UKO10-240-195-090-K4,"Кабель, провод, СКС",1.0,rules
IEK,UKO10-240-195-165-K4,"Кабель, провод, СКС",1.0,rules
IEK,UNL10-D25-4-4,"Шины, клеммы, изоляторы",1.0,rules
IEK,UNL20-006-6-5,"Шины, клеммы, изоляторы",1.0,rules
IEK,UZA-25-D16,"Шины, клеммы, изоляторы",1.0,rules
IEK,WUP20-02-K02,Розетки и выключатели,1.0,rules
IEK,WYP53-16-05-03-ZK,Прочее,0.33,laya_low_confidence
IEK,YIS40-3-370,"Шины, клеммы, изоляторы",1.0,rules
IEK,YIS42-3-200,"Шины, клеммы, изоляторы",1.0,rules
IEK,YKM40-PN-530,Прочее,0.252,laya_low_confidence
IEK,YKV10-UV-1750,Прочее,0.279,laya_low_confidence
IEK,YZN20-004-K52,"Шины, клеммы, изоляторы",1.0,rules
IEK,YZN30-002-K03,"Шины, клеммы, изоляторы",1.0,rules
IEK,Р654654528,"Контакторы, пускатели, управление",1.0,rules
IEK,ЩУРн-3/18,Щиты и боксы,1.0,rules
IEK,нов03200_,Автоматы и предохранители,1.0,rules
IEK,нов1932,Щиты и боксы,1.0,rules
IEK,нов26740,Автоматы и предохранители,1.0,rules
IEK,нов3227,"Контакторы, пускатели, управление",1.0,rules
IEK,нов3368,УЗО и дифавтоматы,1.0,rules
IEK,нов3370_,Прочее,0.328,laya_low_confidence
IEK,нов3392,"Контакторы, пускатели, управление",1.0,rules
IEK,нов3393,"Контакторы, пускатели, управление",1.0,rules
IEK,нов3394,"Контакторы, пускатели, управление",1.0,rules
IEK,нов3396,Прочее,0.285,laya_low_confidence
IEK,нов99190,"Контакторы, пускатели, управление",1.0,rules
IEK,ст-99272_80,"Трубы, кабель-каналы, лотки",1.0,rules
IEK,ст-9948468,Прочее,0.73,laya_low_confidence
IEK,ст-9949019,Измерения и инструмент,1.0,rules
IEK,ст-9949056,Измерения и инструмент,1.0,rules
IEK,ст-9949156,Автоматы и предохранители,1.0,rules
IEK,ст-9949157,Автоматы и предохранители,1.0,rules
IEK,ст-9949234,УЗО и дифавтоматы,1.0,rules
IEK,ст-9949327,"Шины, клеммы, изоляторы",1.0,rules
IEK,ст-9949953,Прочее,0.172,laya_low_confidence
IEK,ст-9950070,"Шины, клеммы, изоляторы",1.0,rules
IEK,ст-9950184,Прочее,0.496,laya_low_confidence
IEK,ст-9950300,Автоматы и предохранители,1.0,rules
IEK,ст-9950470,"Шины, клеммы, изоляторы",1.0,rules
IEK,ст-9950702,Измерения и инструмент,1.0,rules
IEK,ст-9950706,Измерения и инструмент,1.0,rules
IEK,ст-9950851,"Трубы, кабель-каналы, лотки",1.0,rules
IEK,ст-9951101,"Трубы, кабель-каналы, лотки",1.0,rules
IEK,ст-9951102,Прочее,0.772,laya_low_confidence
IEK,ст-9951103,"Трубы, кабель-каналы, лотки",1.0,rules
IEK,ст-9951104,"Трубы, кабель-каналы, лотки",1.0,rules
IEK,ст-9951105,"Трубы, кабель-каналы, лотки",1.0,rules
IEK,ст-9951106,"Трубы, кабель-каналы, лотки",1.0,rules
IEK,ст-9951285,Автоматы и предохранители,1.0,rules
IEK,ст-9951311,Измерения и инструмент,1.0,rules
IEK,ст-9951312,Измерения и инструмент,1.0,rules
IEK,ст-9951313,Измерения и инструмент,1.0,rules
IEK,ст-9951436,Измерения и инструмент,1.0,rules
IEK,ст-9951446,Автоматы и предохранители,1.0,rules
IEK,ст-9951480,"Контакторы, пускатели, управление",1.0,rules
IEK,ст-9951729,Измерения и инструмент,1.0,rules
IEK,ст-9951887,Автоматы и предохранители,1.0,rules
IEK,ст-9951895,Прочее,0.322,laya_low_confidence
IEK,ст-9951984,Прочее,0.253,laya_low_confidence
IEK,ст-9951998,Автоматы и предохранители,1.0,rules
IEK,ст-9952041,Прочее,0.687,laya_low_confidence
IEK,ст-9952106,Автоматы и предохранители,1.0,rules
IEK,ст-9952210,Прочее,0.237,laya_low_confidence
IEK,ст-9952368,Розетки и выключатели,1.0,rules
IEK,ст-9952399,Прочее,0.358,laya_low_confidence
IEK,ст-9952430,Светильники и лампы,1.0,rules
IEK,ст-9952431,Светильники и лампы,1.0,rules
IEK,ст-9952440,Измерения и инструмент,1.0,rules
IEK,ст-9952441,Измерения и инструмент,1.0,rules
IEK,ст-9952475,"Трубы, кабель-каналы, лотки",1.0,rules
IEK,ст-9952496,"Шины, клеммы, изоляторы",1.0,rules
IEK,ст-9952497,"Шины, клеммы, изоляторы",1.0,rules
IEK,ст-9952498,"Шины, клеммы, изоляторы",1.0,rules
IEK,ст-9952644,Прочее,0.275,laya_low_confidence
IEK,ст-9952711,Автоматы и предохранители,1.0,rules
IEK,ст-9953087,Щиты и боксы,1.0,rules
IEK,ст-9953090,"Шины, клеммы, изоляторы",1.0,rules
IEK,ст-9953158,Автоматы и предохранители,1.0,rules
IEK,ст-9953168,УЗО и дифавтоматы,1.0,rules
IEK,ст-9953235,Розетки и выключатели,1.0,rules
IEK,ст-9953236,"Контакторы, пускатели, управление",1.0,rules
IEK,ст-9953237,Розетки и выключатели,1.0,rules
IEK,ст-9953247,"Контакторы, пускатели, управление",1.0,rules
IEK,ст-9953304,"Контакторы, пускатели, управление",1.0,rules
IEK,ст-9953354,УЗО и дифавтоматы,1.0,rules
IEK,ст-9953405,"Контакторы, пускатели, управление",1.0,rules
IEK,ст-9953508,Прочее,0.342,laya_low_confidence
IEK,щт-0000139,"Контакторы, пускатели, управление",1.0,rules
IEK,щт-0000194,УЗО и дифавтоматы,1.0,rules
IEK,щт-0000212,"Трубы, кабель-каналы, лотки",1.0,rules
IEK,щт-0000350,Прочее,0.581,laya_low_confidence
IEK,щт-0000417,"Кабель, провод, СКС",1.0,rules
IEK,щт-0000418,"Кабель, провод, СКС",1.0,rules
IEK,щт-0000861,Прочее,0.308,laya_low_confidence
IEK,щт-0001014,Прочее,0.308,laya_low_confidence
IEK,щт-0001133,Прочее,0.316,laya_low_confidence
IEK,щт-0001187,"Контакторы, пускатели, управление",1.0,rules
IEK,щт-0001387,"Контакторы, пускатели, управление",1.0,rules
IEK,щт-0001406,Прочее,0.214,laya_low_confidence
IEK,щт-0001421,"Контакторы, пускатели, управление",1.0,rules
IEK,щт-0001636,Щиты и боксы,1.0,rules
IEK,щт-0001645,Прочее,0.24,laya_low_confidence
IEK,щт-0001651,Коробки установочные,0.918,laya
IEK,щт-0001653,Прочее,0.337,laya_low_confidence
IEK,щт-0001654,Прочее,0.554,laya_low_confidence
IEK,щт-0001786,Измерения и инструмент,1.0,rules
IEK,щт-0001802,Светильники и лампы,1.0,rules
IEK,щт-0001952,Щиты и боксы,1.0,rules
IEK,щт-0002132,Прочее,0.752,laya_low_confidence
IEK,щт-0002147,Прочее,0.24,laya_low_confidence
IEK,щт-0002159,Прочее,0.168,laya_low_confidence
IEK,щт-0002161,Прочее,0.286,laya_low_confidence
IEK,щт-0002162,Прочее,0.202,laya_low_confidence
IEK,щт-0022248,Автоматы и предохранители,1.0,rules
IEK,щт00222756,Автоматы и предохранители,1.0,rules
IEK,щт00222819,Автоматы и предохранители,1.0,rules
IEK,щт00222922,Прочее,0.412,laya_low_confidence
IEK,щт00222923,Прочее,0.475,laya_low_confidence
IEK,щт00222924,Прочее,0.458,laya_low_confidence
IEK,щт02229866,"Контакторы, пускатели, управление",1.0,rules
IEK,щт02229878,"Контакторы, пускатели, управление",1.0,rules
IEK,щт02230193,Автоматы и предохранители,1.0,rules
IEK,щт02230447,Щиты и боксы,1.0,rules
IEK,щт23054819,"Контакторы, пускатели, управление",1.0,rules
IEK,щт23054820,"Контакторы, пускатели, управление",1.0,rules
IEK,щт23055078,Измерения и инструмент,1.0,rules
IEK,щт23055283,Щиты и боксы,1.0,rules
IEK,щщ0001047,Автоматы и предохранители,1.0,rules
IEK,щщ0001050,"Шины, клеммы, изоляторы",1.0,rules
IEK,щщ11503042,Автоматы и предохранители,1.0,rules
IEK,щщщ0115411,Розетки и выключатели,1.0,rules
IEK,щщщ0115439,Измерения и инструмент,1.0,rules
IEK,щщщ0115997,"Шины, клеммы, изоляторы",1.0,rules
IEK,щщщ0116026,Измерения и инструмент,1.0,rules
IEK,щщщ0116027,УЗО и дифавтоматы,1.0,rules
IEK,щщщ0116033,"Контакторы, пускатели, управление",1.0,rules
IEK,щщщ0116039,Измерения и инструмент,1.0,rules
IEK,щщщ0116157,Щиты и боксы,1.0,rules
IEK,щщщ0116826,Прочее,0.396,laya_low_confidence
IEK,ярп40100,Прочее,0.372,laya_low_confidence
IEK,ярп40110,"Шины, клеммы, изоляторы",1.0,rules
IEK,ярп40129,Автоматы и предохранители,1.0,rules
IEK,ярп40132,Светильники и лампы,1.0,rules
IEK,ярп40134,Светильники и лампы,1.0,rules
IEK,ярп40135,Светильники и лампы,1.0,rules
IEK,ярп40167,Светильники и лампы,1.0,rules
IEK,ярп40219,Автоматы и предохранители,1.0,rules
IEK,ярп40221,Автоматы и предохранители,1.0,rules
IEK,ярп40222,Автоматы и предохранители,1.0,rules
IEK,ярп40223,Автоматы и предохранители,1.0,rules
IEK,ярп40225,Автоматы и предохранители,1.0,rules
IEK,ярп40227,Автоматы и предохранители,1.0,rules
IEK,ярп40239,Щиты и боксы,1.0,rules
IEK,ярп40240,Щиты и боксы,1.0,rules
IEK,ярп40241,Щиты и боксы,1.0,rules
IEK,ярп40242,Щиты и боксы,1.0,rules
IEK,ярп40244,Щиты и боксы,1.0,rules
IEK,ярп40245,Щиты и боксы,1.0,rules
IEK,ярп40246,Щиты и боксы,1.0,rules
IEK,ярп40255,Розетки и выключатели,1.0,rules
IEK,ярп40256,Розетки и выключатели,1.0,rules
IEK,ярп40257,Розетки и выключатели,1.0,rules
IEK,ярп40260,Розетки и выключатели,1.0,rules
IEK,ярп40266,Светильники и лампы,1.0,rules
IEK,ярп40267,Светильники и лампы,1.0,rules
IEK,ярп40269,Светильники и лампы,1.0,rules
IEK,ярп40271,Светильники и лампы,1.0,rules
IEK,ярп40277,"Шины, клеммы, изоляторы",1.0,rules
IEK,ярп40281,Светильники и лампы,1.0,rules
IEK,ярп40309,Измерения и инструмент,1.0,rules
IEK,ярп40395,УЗО и дифавтоматы,1.0,rules
IEK,ярп40510,Автоматы и предохранители,1.0,rules
IEK,ярп4200,УЗО и дифавтоматы,1.0,rules
IEK,ярп4211,УЗО и дифавтоматы,1.0,rules
IEK,ярп4252,Автоматы и предохранители,1.0,rules
IEK,ярп4303,"Шины, клеммы, изоляторы",1.0,rules
IEK,ярп4385,Измерения и инструмент,1.0,rules
IEK,ярп4522,"Контакторы, пускатели, управление",1.0,rules
IEK,ярп4546,Прочее,0.223,laya_low_confidence
IEK,ярп4571,Розетки и выключатели,1.0,rules
IEK,ярп4665,Автоматы и предохранители,1.0,rules
IEK,ярп4673,Прочее,0.339,laya_low_confidence
IEK,ярп4795,"Контакторы, пускатели, управление",1.0,rules
IEK,ярп4890,"Шины, клеммы, изоляторы",1.0,rules
IEK,ярп5549,"Шины, клеммы, изоляторы",1.0,rules
IEK,ярп5602,Автоматы и предохранители,1.0,rules
IEK,ярп5605,"Шины, клеммы, изоляторы",1.0,rules
IEK,ярп5628,Автоматы и предохранители,1.0,rules
IEK,ярп5852,Розетки и выключатели,1.0,rules
IEK,ярп5867,"Кабель, провод, СКС",1.0,rules
IEK,ярп5962,Прочее,0.434,laya_low_confidence
IEK,ярп6058,Прочее,0.36,laya_low_confidence
IEK,ярп6059,Прочее,0.37,laya_low_confidence
IEK,ярп6060,"Контакторы, пускатели, управление",1.0,rules
IEK,ярп6181,Прочее,0.375,laya_low_confidence
IEK,ярп6182,Прочее,0.336,laya_low_confidence
IEK,ярп6188,Прочее,0.334,laya_low_confidence
IEK,яярп4532,Прочее,0.34,laya_low_confidence
IEK,яярп4533,Прочее,0.363,laya_low_confidence
IEK,яярп4610,Щиты и боксы,1.0,rules
IEK,яярп4772,Прочее,0.492,laya_low_confidence
IEK,яярп4773,Прочее,0.466,laya_low_confidence
IEK,яярп4792,Прочее,0.328,laya_low_confidence
IEK,яярп4811,Светильники и лампы,1.0,rules
IEK,яярп4814,Прочее,0.332,laya_low_confidence
IEK,яярп4829,Прочее,0.375,laya_low_confidence
IEK,яярп4849,Измерения и инструмент,1.0,rules
IEK,яярп4855,Автоматы и предохранители,1.0,rules
IEK,яярп6001,УЗО и дифавтоматы,1.0,rules
IEK,яяярп5300,Светильники и лампы,1.0,rules
IEK,яяярп5540,Прочее,0.438,laya_low_confidence
IEK,яяярп5542,УЗО и дифавтоматы,1.0,rules
IEK,яяяярп5518,"Контакторы, пускатели, управление",1.0,rules
SE,010400432_,Щиты и боксы,1.0,rules
SE,010400433_,Щиты и боксы,1.0,rules
SE,010400436_,Щиты и боксы,1.0,rules
SE,010400437_,Щиты и боксы,1.0,rules
SE,010400440_,Щиты и боксы,1.0,rules
SE,010400441_,Щиты и боксы,1.0,rules
SE,010400444_,Щиты и боксы,1.0,rules
SE,010400445_,Щиты и боксы,1.0,rules
SE,010400447_,Щиты и боксы,1.0,rules
SE,010400448_,Щиты и боксы,1.0,rules
SE,020100158_,Розетки и выключатели,1.0,rules
SE,020100159_,Розетки и выключатели,1.0,rules
SE,020100160_,Розетки и выключатели,1.0,rules
SE,020100161_,Розетки и выключатели,1.0,rules
SE,020100162_,Розетки и выключатели,1.0,rules
SE,020100163_,Розетки и выключатели,1.0,rules
SE,030200002_,Автоматы и предохранители,1.0,rules
SE,030200003_,Автоматы и предохранители,1.0,rules
SE,030200005_,Розетки и выключатели,1.0,rules
SE,030200006_,Розетки и выключатели,1.0,rules
SE,030200007_,Розетки и выключатели,1.0,rules
SE,030200008_,Розетки и выключатели,1.0,rules
SE,030200009_,Розетки и выключатели,1.0,rules
SE,030200010_,Розетки и выключатели,1.0,rules
SE,030200011_,Розетки и выключатели,1.0,rules
SE,030200012_,Розетки и выключатели,1.0,rules
SE,030200013_,Розетки и выключатели,1.0,rules
SE,030200015_,Розетки и выключатели,1.0,rules
SE,030200016_,Розетки и выключатели,1.0,rules
SE,030200025_,Автоматы и предохранители,1.0,rules
SE,030200026_,Автоматы и предохранители,1.0,rules
SE,030200027_,Розетки и выключатели,1.0,rules
SE,030200028_,Автоматы и предохранители,1.0,rules
SE,030200029_,Автоматы и предохранители,1.0,rules
SE,030200030_,Розетки и выключатели,1.0,rules
SE,030200031_,Розетки и выключатели,1.0,rules
SE,030200032_,Розетки и выключатели,1.0,rules
SE,030200034_,Розетки и выключатели,1.0,rules
SE,030200036_,Розетки и выключатели,1.0,rules
SE,030200037_,Розетки и выключатели,1.0,rules
SE,030200038_,Розетки и выключатели,1.0,rules
SE,030200039_,Розетки и выключатели,1.0,rules
SE,030200042_,Розетки и выключатели,1.0,rules
SE,030200045_,Розетки и выключатели,1.0,rules
SE,030200047_,Розетки и выключатели,1.0,rules
SE,030200052_,Розетки и выключатели,1.0,rules
SE,030200053_,Розетки и выключатели,1.0,rules
SE,030200054_,Розетки и выключатели,1.0,rules
SE,030200060_,Розетки и выключатели,1.0,rules
SE,030200062_,Розетки и выключатели,1.0,rules
SE,030200063_,"Трубы, кабель-каналы, лотки",1.0,rules
SE,030200069_,Розетки и выключатели,1.0,rules
SE,030200072_,Розетки и выключатели,1.0,rules
SE,030200073_,Прочее,0.477,laya_low_confidence
SE,030200075_,Розетки и выключатели,1.0,rules
SE,030200076_,"Контакторы, пускатели, управление",1.0,rules
SE,030200090_,Розетки и выключатели,1.0,rules
SE,030200092_,Розетки и выключатели,1.0,rules
SE,030200093_,Розетки и выключатели,1.0,rules
SE,030200094_,Розетки и выключатели,1.0,rules
SE,030200095_,Розетки и выключатели,1.0,rules
SE,030200096_,Розетки и выключатели,1.0,rules
SE,030200097_,Розетки и выключатели,1.0,rules
SE,030200105_,Розетки и выключатели,1.0,rules
SE,030200125_,Розетки и выключатели,1.0,rules
SE,030200126_,Розетки и выключатели,1.0,rules
SE,030200127_,Розетки и выключатели,1.0,rules
SE,030200128_,Розетки и выключатели,1.0,rules
SE,030200129_,Розетки и выключатели,1.0,rules
SE,030200134_,Розетки и выключатели,1.0,rules
SE,030200135_,Розетки и выключатели,1.0,rules
SE,030200136_,Розетки и выключатели,1.0,rules
SE,030200140_,Прочее,0.54,laya_low_confidence
SE,030200141_,Розетки и выключатели,1.0,rules
SE,030200142_,Розетки и выключатели,1.0,rules
SE,030200143_,Розетки и выключатели,1.0,rules
SE,030200174_,Автоматы и предохранители,1.0,rules
SE,030200175_,Автоматы и предохранители,1.0,rules
SE,030200176_,Розетки и выключатели,1.0,rules
SE,030200179_,Автоматы и предохранители,1.0,rules
SE,030200183_,Розетки и выключатели,1.0,rules
SE,030200184_,Розетки и выключатели,1.0,rules
SE,030200191_,Розетки и выключатели,1.0,rules
SE,030200192_,Коробки установочные,1.0,rules
SE,030200193_,Коробки установочные,1.0,rules
SE,030200194_,Автоматы и предохранители,1.0,rules
SE,030200198_,Розетки и выключатели,1.0,rules
SE,030200200_,Розетки и выключатели,1.0,rules
SE,030200201_,Коробки установочные,1.0,rules
SE,030200203_,Прочее,0.625,laya_low_confidence
SE,030200219_,Коробки установочные,1.0,rules
SE,030200220_,Коробки установочные,1.0,rules
SE,030200221_,Коробки установочные,1.0,rules
SE,030200222_,Коробки установочные,1.0,rules
SE,030200223_,Коробки установочные,1.0,rules
SE,030200224_,Коробки установочные,1.0,rules
SE,030200225_,Коробки установочные,1.0,rules
SE,030200226_,Коробки установочные,1.0,rules
SE,030200227_,Коробки установочные,1.0,rules
SE,030200239_,Розетки и выключатели,1.0,rules
SE,030200240_,Розетки и выключатели,1.0,rules
SE,030200243_,Розетки и выключатели,1.0,rules
SE,030200244_,Розетки и выключатели,1.0,rules
SE,030200245_,Розетки и выключатели,1.0,rules
SE,030200246_,Розетки и выключатели,1.0,rules
SE,030200247_,Розетки и выключатели,1.0,rules
SE,030200248_,Розетки и выключатели,1.0,rules
SE,030200249_,Розетки и выключатели,1.0,rules
SE,030200250_,Розетки и выключатели,1.0,rules
SE,030200251_,Розетки и выключатели,1.0,rules
SE,030200252_,Розетки и выключатели,1.0,rules
SE,030200253_,Розетки и выключатели,1.0,rules
SE,030200254_,Розетки и выключатели,1.0,rules
SE,030200256_,Розетки и выключатели,1.0,rules
SE,030200257_,Розетки и выключатели,1.0,rules
SE,030200258_,Розетки и выключатели,1.0,rules
SE,030200259_,Розетки и выключатели,1.0,rules
SE,030200260_,Розетки и выключатели,1.0,rules
SE,030200261_,Розетки и выключатели,1.0,rules
SE,030200262_,Розетки и выключатели,1.0,rules
SE,030200263_,Розетки и выключатели,1.0,rules
SE,030200264_,"Трубы, кабель-каналы, лотки",1.0,rules
SE,030200265_,Розетки и выключатели,1.0,rules
SE,030200266_,Розетки и выключатели,1.0,rules
SE,030200292_,Розетки и выключатели,1.0,rules
SE,030200295_,Розетки и выключатели,1.0,rules
SE,030200296_,Розетки и выключатели,1.0,rules
SE,030200297_,Розетки и выключатели,1.0,rules
SE,030200298_,Розетки и выключатели,1.0,rules
SE,030200322_,Розетки и выключатели,1.0,rules
SE,030200323_,Розетки и выключатели,1.0,rules
SE,030200330_,Розетки и выключатели,1.0,rules
SE,030200331_,Розетки и выключатели,1.0,rules
SE,030200345,Розетки и выключатели,1.0,rules
SE,030200372_,Розетки и выключатели,1.0,rules
SE,030200375_,Розетки и выключатели,1.0,rules
SE,030200379_,Розетки и выключатели,1.0,rules
SE,030200381_,Розетки и выключатели,1.0,rules
SE,030200382_,Розетки и выключатели,1.0,rules
SE,030200399_,Розетки и выключатели,1.0,rules
SE,030201459_,Коробки установочные,1.0,rules
SE,030300013_,Коробки установочные,1.0,rules
SE,030300014_,Коробки установочные,1.0,rules
SE,030300078_,Коробки установочные,1.0,rules
SE,130300026_,Измерения и инструмент,0.961,laya
SE,130300027_,Прочее,0.559,laya_low_confidence
SE,130300028_,Измерения и инструмент,0.927,laya
SE,280300174_,Коробки установочные,1.0,rules
SE,300100003_,Розетки и выключатели,1.0,rules
SE,300100004_,Розетки и выключатели,1.0,rules
SE,300100006_,Розетки и выключатели,1.0,rules
SE,300100012_,Розетки и выключатели,1.0,rules
SE,300100015_,Розетки и выключатели,1.0,rules
SE,300100018_,Розетки и выключатели,1.0,rules
SE,300200283_,Розетки и выключатели,1.0,rules
SE,300200284_,Розетки и выключатели,1.0,rules
SE,300200285_,"Трубы, кабель-каналы, лотки",1.0,rules
SE,300200286_,Розетки и выключатели,1.0,rules
SE,300200287_,Розетки и выключатели,1.0,rules
SE,300200288_,Розетки и выключатели,1.0,rules
SE,300200289_,Розетки и выключатели,1.0,rules
SE,300200290_,Розетки и выключатели,1.0,rules
SE,300200291_,Розетки и выключатели,1.0,rules
SE,300200292_,Розетки и выключатели,1.0,rules
SE,300200293_,Розетки и выключатели,1.0,rules
SE,300200294_,Розетки и выключатели,1.0,rules
SE,300200295_,Розетки и выключатели,1.0,rules
SE,300200296_,Розетки и выключатели,1.0,rules
SE,300200297_,Розетки и выключатели,1.0,rules
SE,300200298_,Розетки и выключатели,1.0,rules
SE,300200299_,Розетки и выключатели,1.0,rules
SE,300200300_,"Контакторы, пускатели, управление",1.0,rules
SE,300200301_,Розетки и выключатели,1.0,rules
SE,300200302_,Розетки и выключатели,1.0,rules
SE,300200303_,Розетки и выключатели,1.0,rules
SE,300200304_,Розетки и выключатели,1.0,rules
SE,300200305_,Розетки и выключатели,1.0,rules
SE,300200306_,Розетки и выключатели,1.0,rules
SE,300200307_,Розетки и выключатели,1.0,rules
SE,300200308_,Розетки и выключатели,1.0,rules
SE,300200309_,Розетки и выключатели,1.0,rules
SE,300200310_,Розетки и выключатели,1.0,rules
SE,300200311_,Розетки и выключатели,1.0,rules
SE,300200312_,Розетки и выключатели,1.0,rules
SE,300200313_,Розетки и выключатели,1.0,rules
SE,300200314_,Розетки и выключатели,1.0,rules
SE,300200315_,Розетки и выключатели,1.0,rules
SE,300200316_,Розетки и выключатели,1.0,rules
SE,300200317_,Розетки и выключатели,1.0,rules
SE,300200318_,Розетки и выключатели,1.0,rules
SE,300200319_,Розетки и выключатели,1.0,rules
SE,300200320_,Розетки и выключатели,1.0,rules
SE,300200321_,Розетки и выключатели,1.0,rules
SE,300200322_,Розетки и выключатели,1.0,rules
SE,300200323_,Розетки и выключатели,1.0,rules
SE,300200324_,Розетки и выключатели,1.0,rules
SE,300200325_,Розетки и выключатели,1.0,rules
SE,300200326_,Розетки и выключатели,1.0,rules
SE,300200327_,Розетки и выключатели,1.0,rules
SE,300200328_,Розетки и выключатели,1.0,rules
SE,300200330_,Розетки и выключатели,1.0,rules
SE,300200331_,Розетки и выключатели,1.0,rules
SE,300200332_,Розетки и выключатели,1.0,rules
SE,300200333_,Розетки и выключатели,1.0,rules
SE,300200335_,Розетки и выключатели,1.0,rules
SE,300200343_,Розетки и выключатели,1.0,rules
SE,300200346_,Розетки и выключатели,1.0,rules
SE,300200347_,Розетки и выключатели,1.0,rules
SE,300200348_,Розетки и выключатели,1.0,rules
SE,300200350_,Розетки и выключатели,1.0,rules
SE,300200351_,Розетки и выключатели,1.0,rules
SE,300200352_,Розетки и выключатели,1.0,rules
SE,300200362_,Розетки и выключатели,1.0,rules
SE,300200363_,Розетки и выключатели,1.0,rules
SE,300200364_,Розетки и выключатели,1.0,rules
SE,300200365_,Розетки и выключатели,1.0,rules
SE,300200366_,Розетки и выключатели,1.0,rules
SE,300200367_,Розетки и выключатели,1.0,rules
SE,300200368_,Розетки и выключатели,1.0,rules
SE,300200369_,Розетки и выключатели,1.0,rules
SE,300200370_,Розетки и выключатели,1.0,rules
SE,300200371_,Розетки и выключатели,1.0,rules
SE,300200372_,Розетки и выключатели,1.0,rules
SE,300200373_,Розетки и выключатели,1.0,rules
SE,300200374_,Розетки и выключатели,1.0,rules
SE,300200375_,Розетки и выключатели,1.0,rules
SE,300200376_,Розетки и выключатели,1.0,rules
SE,300200377_,Розетки и выключатели,1.0,rules
SE,300200378_,Розетки и выключатели,1.0,rules
SE,300200379_,Розетки и выключатели,1.0,rules
SE,300200380_,Розетки и выключатели,1.0,rules
SE,300200404_,Розетки и выключатели,1.0,rules
SE,300200410_,Розетки и выключатели,1.0,rules
SE,300200412_,Коробки установочные,1.0,rules
SE,300200413_,Коробки установочные,1.0,rules
SE,300200417_,Розетки и выключатели,1.0,rules
SE,300200418_,Розетки и выключатели,1.0,rules
SE,300200419_,Розетки и выключатели,1.0,rules
SE,300200420_,Розетки и выключатели,1.0,rules
SE,300200421_,Розетки и выключатели,1.0,rules
SE,300200422_,Розетки и выключатели,1.0,rules
SE,300200423_,"Трубы, кабель-каналы, лотки",1.0,rules
SE,300200424_,Розетки и выключатели,1.0,rules
SE,300200425_,Розетки и выключатели,1.0,rules
SE,300200426_,Розетки и выключатели,1.0,rules
SE,300200427_,Розетки и выключатели,1.0,rules
SE,300200428_,Розетки и выключатели,1.0,rules
SE,300200429_,Розетки и выключатели,1.0,rules
SE,300200430_,Розетки и выключатели,1.0,rules
SE,300200431_,Розетки и выключатели,1.0,rules
SE,300200432_,Розетки и выключатели,1.0,rules
SE,300200433_,Розетки и выключатели,1.0,rules
SE,300200434_,Розетки и выключатели,1.0,rules
SE,300200435_,Розетки и выключатели,1.0,rules
SE,300200436_,Розетки и выключатели,1.0,rules
SE,300200437_,Розетки и выключатели,1.0,rules
SE,300200438_,Розетки и выключатели,1.0,rules
SE,300200439_,Розетки и выключатели,1.0,rules
SE,300200440_,Розетки и выключатели,1.0,rules
SE,300200441_,Розетки и выключатели,1.0,rules
SE,300200442_,Розетки и выключатели,1.0,rules
SE,300200443_,Розетки и выключатели,1.0,rules
SE,300200444_,Розетки и выключатели,1.0,rules
SE,300200445_,Розетки и выключатели,1.0,rules
SE,300200446_,Розетки и выключатели,1.0,rules
SE,300200447_,"Трубы, кабель-каналы, лотки",1.0,rules
SE,300200448_,Розетки и выключатели,1.0,rules
SE,300200449_,Розетки и выключатели,1.0,rules
SE,300200450_,Розетки и выключатели,1.0,rules
SE,300200451_,Розетки и выключатели,1.0,rules
SE,300200452_,Розетки и выключатели,1.0,rules
SE,300200454_,Розетки и выключатели,1.0,rules
SE,300200456_,Розетки и выключатели,1.0,rules
SE,300200458_,Розетки и выключатели,1.0,rules
SE,300200459_,Розетки и выключатели,1.0,rules
SE,300200460_,Розетки и выключатели,1.0,rules
SE,300200461_,Розетки и выключатели,1.0,rules
SE,300200462_,Розетки и выключатели,1.0,rules
SE,300200463_,Розетки и выключатели,1.0,rules
SE,300200464_,Розетки и выключатели,1.0,rules
SE,300200465_,Розетки и выключатели,1.0,rules
SE,300200466_,Розетки и выключатели,1.0,rules
SE,300200467_,Розетки и выключатели,1.0,rules
SE,300200468_,Розетки и выключатели,1.0,rules
SE,300200469_,Розетки и выключатели,1.0,rules
SE,300200470_,Розетки и выключатели,1.0,rules
SE,300200471_,Розетки и выключатели,1.0,rules
SE,300200472_,Розетки и выключатели,1.0,rules
SE,300200473_,Розетки и выключатели,1.0,rules
SE,300200474_,Розетки и выключатели,1.0,rules
SE,300200495_,Коробки установочные,1.0,rules
SE,300200496_,Розетки и выключатели,1.0,rules
SE,300200497_,Коробки установочные,1.0,rules
SE,300200498_,Розетки и выключатели,1.0,rules
SE,300200511_,Розетки и выключатели,1.0,rules
SE,300200515_,Розетки и выключатели,1.0,rules
SE,300200516_,Розетки и выключатели,1.0,rules
SE,300200517_,Розетки и выключатели,1.0,rules
SE,300200518_,Розетки и выключатели,1.0,rules
SE,300200519_,Розетки и выключатели,1.0,rules
SE,300200520_,Розетки и выключатели,1.0,rules
SE,300200521_,Розетки и выключатели,1.0,rules
SE,300200522_,Розетки и выключатели,1.0,rules
SE,300200523_,Розетки и выключатели,1.0,rules
SE,300200524_,Розетки и выключатели,1.0,rules
SE,300200525_,Розетки и выключатели,1.0,rules
SE,300200526_,Розетки и выключатели,1.0,rules
SE,300200527_,Розетки и выключатели,1.0,rules
SE,300200528_,Розетки и выключатели,1.0,rules
SE,300200529_,Розетки и выключатели,1.0,rules
SE,300200530_,Розетки и выключатели,1.0,rules
SE,300200531_,Розетки и выключатели,1.0,rules
SE,300200532_,Розетки и выключатели,1.0,rules
SE,300200533_,Розетки и выключатели,1.0,rules
SE,300200534_,Розетки и выключатели,1.0,rules
SE,300200535_,Розетки и выключатели,1.0,rules
SE,300200536_,Розетки и выключатели,1.0,rules
SE,300200537_,Розетки и выключатели,1.0,rules
SE,300200538_,Розетки и выключатели,1.0,rules
SE,300200539_,Розетки и выключатели,1.0,rules
SE,300200540_,Розетки и выключатели,1.0,rules
SE,300200541_,Розетки и выключатели,1.0,rules
SE,300200542_,Розетки и выключатели,1.0,rules
SE,300200543_,Розетки и выключатели,1.0,rules
SE,300200544_,Розетки и выключатели,1.0,rules
SE,300200545_,Розетки и выключатели,1.0,rules
SE,300200546_,Розетки и выключатели,1.0,rules
SE,300200547_,Розетки и выключатели,1.0,rules
SE,300200548_,Розетки и выключатели,1.0,rules
SE,300200549_,Розетки и выключатели,1.0,rules
SE,300200550_,Розетки и выключатели,1.0,rules
SE,300200551_,Розетки и выключатели,1.0,rules
SE,300200552_,Розетки и выключатели,1.0,rules
SE,300200553_,Розетки и выключатели,1.0,rules
SE,300200554_,Розетки и выключатели,1.0,rules
SE,300200555_,Розетки и выключатели,1.0,rules
SE,300200556_,Розетки и выключатели,1.0,rules
SE,300200557_,Розетки и выключатели,1.0,rules
SE,300200558_,Розетки и выключатели,1.0,rules
SE,300200559_,Розетки и выключатели,1.0,rules
SE,300200560_,Розетки и выключатели,1.0,rules
SE,300200561_,Розетки и выключатели,1.0,rules
SE,300200562_,Розетки и выключатели,1.0,rules
SE,300200563_,Розетки и выключатели,1.0,rules
SE,300200564_,Розетки и выключатели,1.0,rules
SE,300200565_,Розетки и выключатели,1.0,rules
SE,300200566_,Розетки и выключатели,1.0,rules
SE,300200567_,Розетки и выключатели,1.0,rules
SE,300200568_,Розетки и выключатели,1.0,rules
SE,300200569_,Розетки и выключатели,1.0,rules
SE,300200570_,Розетки и выключатели,1.0,rules
SE,300200571_,Розетки и выключатели,1.0,rules
SE,300200572_,Розетки и выключатели,1.0,rules
SE,300200573_,Розетки и выключатели,1.0,rules
SE,300200574_,Розетки и выключатели,1.0,rules
SE,300200575_,Розетки и выключатели,1.0,rules
SE,300200576_,Розетки и выключатели,1.0,rules
SE,300200577_,Розетки и выключатели,1.0,rules
SE,300200578_,Розетки и выключатели,1.0,rules
SE,300200579_,Розетки и выключатели,1.0,rules
SE,300200580_,Розетки и выключатели,1.0,rules
SE,300200581_,Розетки и выключатели,1.0,rules
SE,300200582_,Розетки и выключатели,1.0,rules
SE,300200583_,Розетки и выключатели,1.0,rules
SE,300200584_,Розетки и выключатели,1.0,rules
SE,300200586_,Розетки и выключатели,1.0,rules
SE,300200588_,Розетки и выключатели,1.0,rules
SE,300200589_,Розетки и выключатели,1.0,rules
SE,300200590_,Розетки и выключатели,1.0,rules
SE,300200591_,Розетки и выключатели,1.0,rules
SE,300200592_,Розетки и выключатели,1.0,rules
SE,300200593_,Розетки и выключатели,1.0,rules
SE,300200594_,Розетки и выключатели,1.0,rules
SE,300200595_,Розетки и выключатели,1.0,rules
SE,300200622_,Розетки и выключатели,1.0,rules
SE,300200623_,Розетки и выключатели,1.0,rules
SE,300200624_,Розетки и выключатели,1.0,rules
SE,300200627_,Розетки и выключатели,1.0,rules
SE,300200632_,Розетки и выключатели,1.0,rules
SE,300200635_,Розетки и выключатели,1.0,rules
SE,300200700_,Розетки и выключатели,1.0,rules
SE,300200704_,Розетки и выключатели,1.0,rules
SE,300200718_,Розетки и выключатели,1.0,rules
SE,300200719_,Розетки и выключатели,1.0,rules
SE,300200720_,Розетки и выключатели,1.0,rules
SE,300200721_,Розетки и выключатели,1.0,rules
SE,300200722_,Розетки и выключатели,1.0,rules
SE,300200723_,Розетки и выключатели,1.0,rules
SE,300200724_,Розетки и выключатели,1.0,rules
SE,300200725_,Розетки и выключатели,1.0,rules
SE,300200726_,Розетки и выключатели,1.0,rules
SE,300200727_,Розетки и выключатели,1.0,rules
SE,300200728_,Розетки и выключатели,1.0,rules
SE,300200729_,Розетки и выключатели,1.0,rules
SE,300200730_,Розетки и выключатели,1.0,rules
SE,300200731_,Розетки и выключатели,1.0,rules
SE,300200732_,Розетки и выключатели,1.0,rules
SE,300200733_,Розетки и выключатели,1.0,rules
SE,300200734_,Розетки и выключатели,1.0,rules
SE,300200735_,Розетки и выключатели,1.0,rules
SE,300200736_,Розетки и выключатели,1.0,rules
SE,300200737_,Розетки и выключатели,1.0,rules
SE,300200738_,Розетки и выключатели,1.0,rules
SE,300200739_,Розетки и выключатели,1.0,rules
SE,300200740_,Розетки и выключатели,1.0,rules
SE,300200741_,Розетки и выключатели,1.0,rules
SE,300200742_,Розетки и выключатели,1.0,rules
SE,300200743_,Розетки и выключатели,1.0,rules
SE,300200744_,Розетки и выключатели,1.0,rules
SE,300200745_,Розетки и выключатели,1.0,rules
SE,300200746_,Прочее,0.46,laya_low_confidence
SE,300200747_,Розетки и выключатели,1.0,rules
SE,300200748_,Розетки и выключатели,1.0,rules
SE,300200749_,Розетки и выключатели,1.0,rules
SE,300200750_,Розетки и выключатели,1.0,rules
SE,300200751_,Розетки и выключатели,1.0,rules
SE,300200752_,Розетки и выключатели,1.0,rules
SE,300200753_,Прочее,0.417,laya_low_confidence
SE,300200754_,Розетки и выключатели,1.0,rules
SE,300200755_,Розетки и выключатели,1.0,rules
SE,300200767_,"Трубы, кабель-каналы, лотки",1.0,rules
SE,300200771_,Розетки и выключатели,1.0,rules
SE,300200772_,Розетки и выключатели,1.0,rules
SE,300200773_,Розетки и выключатели,1.0,rules
SE,300200774_,Розетки и выключатели,1.0,rules
SE,300200775_,Розетки и выключатели,1.0,rules
SE,300200776_,Розетки и выключатели,1.0,rules
SE,300200777_,Розетки и выключатели,1.0,rules
SE,300200778_,Розетки и выключатели,1.0,rules
SE,300200779_,Розетки и выключатели,1.0,rules
SE,300200780_,Прочее,0.568,laya_low_confidence
SE,300200781_,Розетки и выключатели,1.0,rules
SE,300200782_,Розетки и выключатели,1.0,rules
SE,300200783_,Розетки и выключатели,1.0,rules
SE,300200784_,Розетки и выключатели,1.0,rules
SE,300200785_,Розетки и выключатели,1.0,rules
SE,300200786_,Розетки и выключатели,1.0,rules
SE,300200787_,Розетки и выключатели,1.0,rules
SE,300200788_,Розетки и выключатели,1.0,rules
SE,300200789_,Розетки и выключатели,1.0,rules
SE,300200790_,Розетки и выключатели,1.0,rules
SE,300200791_,Розетки и выключатели,1.0,rules
SE,300200792_,Розетки и выключатели,1.0,rules
SE,300200793_,Розетки и выключатели,1.0,rules
SE,300200794_,Розетки и выключатели,1.0,rules
SE,300200795_,Розетки и выключатели,1.0,rules
SE,300200796_,Розетки и выключатели,1.0,rules
SE,300200797_,Розетки и выключатели,1.0,rules
SE,300200798_,Розетки и выключатели,1.0,rules
SE,300200799_,Розетки и выключатели,1.0,rules
SE,300200800_,Розетки и выключатели,1.0,rules
SE,300200801_,Розетки и выключатели,1.0,rules
SE,300200802_,Розетки и выключатели,1.0,rules
SE,300200803_,Розетки и выключатели,1.0,rules
SE,300200804_,Розетки и выключатели,1.0,rules
SE,300200805_,"Кабель, провод, СКС",1.0,rules
SE,300200806_,Розетки и выключатели,1.0,rules
SE,300200807_,Розетки и выключатели,1.0,rules
SE,300200808_,"Трубы, кабель-каналы, лотки",1.0,rules
SE,300200809_,Розетки и выключатели,1.0,rules
SE,300200810_,Розетки и выключатели,1.0,rules
SE,300200811_,Розетки и выключатели,1.0,rules
SE,300200812_,Розетки и выключатели,1.0,rules
SE,300200813_,Розетки и выключатели,1.0,rules
SE,300200814_,Розетки и выключатели,1.0,rules
SE,300200815_,Розетки и выключатели,1.0,rules
SE,300200816_,Розетки и выключатели,1.0,rules
SE,300200817_,Розетки и выключатели,1.0,rules
SE,300200818_,Розетки и выключатели,1.0,rules
SE,300200819_,Розетки и выключатели,1.0,rules
SE,300200820_,Розетки и выключатели,1.0,rules
SE,300200821_,Розетки и выключатели,1.0,rules
SE,300200822_,Розетки и выключатели,1.0,rules
SE,300200823_,Розетки и выключатели,1.0,rules
SE,300200824_,Розетки и выключатели,1.0,rules
SE,300200825_,Розетки и выключатели,1.0,rules
SE,300200826_,Розетки и выключатели,1.0,rules
SE,300200827_,Розетки и выключатели,1.0,rules
SE,300200828_,"Кабель, провод, СКС",1.0,rules
SE,300200829_,Розетки и выключатели,1.0,rules
SE,300200830_,Розетки и выключатели,1.0,rules
SE,300200831_,"Трубы, кабель-каналы, лотки",1.0,rules
SE,300200832_,Розетки и выключатели,1.0,rules
SE,300200833_,Розетки и выключатели,1.0,rules
SE,300200834_,Розетки и выключатели,1.0,rules
SE,300200835_,Розетки и выключатели,1.0,rules
SE,300200836_,Розетки и выключатели,1.0,rules
SE,300200837_,"Трубы, кабель-каналы, лотки",1.0,rules
SE,300200838_,Розетки и выключатели,1.0,rules
SE,300200839_,Розетки и выключатели,1.0,rules
SE,300200840_,Розетки и выключатели,1.0,rules
SE,300200841_,Розетки и выключатели,1.0,rules
SE,300200842_,Розетки и выключатели,1.0,rules
SE,300200843_,Розетки и выключатели,1.0,rules
SE,300200844_,Розетки и выключатели,1.0,rules
SE,300200845_,Розетки и выключатели,1.0,rules
SE,300200846_,Розетки и выключатели,1.0,rules
SE,300200847_,Розетки и выключатели,1.0,rules
SE,300200848_,Розетки и выключатели,1.0,rules
SE,300200849_,Розетки и выключатели,1.0,rules
SE,300200850_,Розетки и выключатели,1.0,rules
SE,300200851_,Розетки и выключатели,1.0,rules
SE,300200852_,Розетки и выключатели,1.0,rules
SE,300200853_,"Кабель, провод, СКС",1.0,rules
SE,300200854_,Розетки и выключатели,1.0,rules
SE,300200855_,Розетки и выключатели,1.0,rules
SE,300200856_,Розетки и выключатели,1.0,rules
SE,300200857_,Розетки и выключатели,1.0,rules
SE,300200858_,Розетки и выключатели,1.0,rules
SE,300200859_,Розетки и выключатели,1.0,rules
SE,300200860_,Розетки и выключатели,1.0,rules
SE,300200861_,Розетки и выключатели,1.0,rules
SE,300200862_,Розетки и выключатели,1.0,rules
SE,300200863_,Розетки и выключатели,1.0,rules
SE,300200864_,Розетки и выключатели,1.0,rules
SE,300200865_,Розетки и выключатели,1.0,rules
SE,300200866_,Розетки и выключатели,1.0,rules
SE,300200867_,Розетки и выключатели,1.0,rules
SE,300200868_,Розетки и выключатели,1.0,rules
SE,300200869_,Розетки и выключатели,1.0,rules
SE,300200870_,Розетки и выключатели,1.0,rules
SE,300200871_,Розетки и выключатели,1.0,rules
SE,300200872_,Розетки и выключатели,1.0,rules
SE,300200873_,Розетки и выключатели,1.0,rules
SE,300200874_,"Трубы, кабель-каналы, лотки",1.0,rules
SE,300200875_,Розетки и выключатели,1.0,rules
SE,300200876_,Розетки и выключатели,1.0,rules
SE,300200877_,Розетки и выключатели,1.0,rules
SE,300200878_,Розетки и выключатели,1.0,rules
SE,300200879_,"Кабель, провод, СКС",1.0,rules
SE,300200880_,Розетки и выключатели,1.0,rules
SE,300200881_,Розетки и выключатели,1.0,rules
SE,300200882_,Розетки и выключатели,1.0,rules
SE,300200883_,Розетки и выключатели,1.0,rules
SE,300200884_,Розетки и выключатели,1.0,rules
SE,300200885_,Розетки и выключатели,1.0,rules
SE,300200886_,Розетки и выключатели,1.0,rules
SE,300200887_,Розетки и выключатели,1.0,rules
SE,300200888_,Розетки и выключатели,1.0,rules
SE,300200889_,Розетки и выключатели,1.0,rules
SE,300200890_,Розетки и выключатели,1.0,rules
SE,300200891_,Розетки и выключатели,1.0,rules
SE,300200892_,Розетки и выключатели,1.0,rules
SE,300200893_,Розетки и выключатели,1.0,rules
SE,300200894_,Розетки и выключатели,1.0,rules
SE,300200895_,Розетки и выключатели,1.0,rules
SE,300200896_,Розетки и выключатели,1.0,rules
SE,300200897_,Розетки и выключатели,1.0,rules
SE,300200898_,Розетки и выключатели,1.0,rules
SE,300200899_,Розетки и выключатели,1.0,rules
SE,300200900_,Розетки и выключатели,1.0,rules
SE,300200901_,Розетки и выключатели,1.0,rules
SE,300200902_,Розетки и выключатели,1.0,rules
SE,300200903_,Розетки и выключатели,1.0,rules
SE,300200904_,Розетки и выключатели,1.0,rules
SE,300200905_,"Кабель, провод, СКС",1.0,rules
SE,300200906_,Розетки и выключатели,1.0,rules
SE,300200907_,Розетки и выключатели,1.0,rules
SE,300200908_,"Трубы, кабель-каналы, лотки",1.0,rules
SE,300200909_,Розетки и выключатели,1.0,rules
SE,300200910_,Розетки и выключатели,1.0,rules
SE,300200911_,Розетки и выключатели,1.0,rules
SE,300200912_,Розетки и выключатели,1.0,rules
SE,300200913_,Розетки и выключатели,1.0,rules
SE,300200914_,Розетки и выключатели,1.0,rules
SE,300200915_,Розетки и выключатели,1.0,rules
SE,300200916_,Розетки и выключатели,1.0,rules
SE,300200917_,Розетки и выключатели,1.0,rules
SE,300200918_,Розетки и выключатели,1.0,rules
SE,300200919_,Розетки и выключатели,1.0,rules
SE,300200920_,Розетки и выключатели,1.0,rules
SE,300200921_,Розетки и выключатели,1.0,rules
SE,300200922_,Розетки и выключатели,1.0,rules
SE,300200923_,Розетки и выключатели,1.0,rules
SE,300200924_,Розетки и выключатели,1.0,rules
SE,300200925_,Розетки и выключатели,1.0,rules
SE,300200926_,Розетки и выключатели,1.0,rules
SE,300200927_,Розетки и выключатели,1.0,rules
SE,300200928_,"Кабель, провод, СКС",1.0,rules
SE,300200929_,Розетки и выключатели,1.0,rules
SE,300200930_,Розетки и выключатели,1.0,rules
SE,300200931_,"Трубы, кабель-каналы, лотки",1.0,rules
SE,300200932_,Розетки и выключатели,1.0,rules
SE,300200933_,Розетки и выключатели,1.0,rules
SE,300200934_,Розетки и выключатели,1.0,rules
SE,300200935_,Розетки и выключатели,1.0,rules
SE,300200936_,Розетки и выключатели,1.0,rules
SE,300200937_,Розетки и выключатели,1.0,rules
SE,300200938_,Розетки и выключатели,1.0,rules
SE,300200939_,Розетки и выключатели,1.0,rules
SE,300200940_,Розетки и выключатели,1.0,rules
SE,300200941_,Розетки и выключатели,1.0,rules
SE,300200942_,Розетки и выключатели,1.0,rules
SE,300200943_,Розетки и выключатели,1.0,rules
SE,300200944_,Розетки и выключатели,1.0,rules
SE,300200945_,Розетки и выключатели,1.0,rules
SE,300200946_,Розетки и выключатели,1.0,rules
SE,300200947_,Розетки и выключатели,1.0,rules
SE,300200948_,Розетки и выключатели,1.0,rules
SE,300200949_,Розетки и выключатели,1.0,rules
SE,300200950_,Розетки и выключатели,1.0,rules
SE,300200951_,"Трубы, кабель-каналы, лотки",1.0,rules
SE,300200952_,Розетки и выключатели,1.0,rules
SE,300200953_,"Кабель, провод, СКС",1.0,rules
SE,300200954_,Розетки и выключатели,1.0,rules
SE,300200955_,Розетки и выключатели,1.0,rules
SE,300200956_,"Трубы, кабель-каналы, лотки",1.0,rules
SE,300200959_,Розетки и выключатели,1.0,rules
SE,300200961_,"Контакторы, пускатели, управление",1.0,rules
SE,300200962_,"Контакторы, пускатели, управление",1.0,rules
SE,300200963_,"Контакторы, пускатели, управление",1.0,rules
SE,300200964_,"Кабель, провод, СКС",1.0,rules
SE,300200965_,"Кабель, провод, СКС",1.0,rules
SE,300200966_,Розетки и выключатели,1.0,rules
SE,300200967_,Розетки и выключатели,1.0,rules
SE,300200968_,Розетки и выключатели,1.0,rules
SE,300201148_,Розетки и выключатели,1.0,rules
SE,300201149_,Розетки и выключатели,1.0,rules
SE,300201150_,Розетки и выключатели,1.0,rules
SE,300201151_,Розетки и выключатели,1.0,rules
SE,300201152_,Розетки и выключатели,1.0,rules
SE,300201153_,Розетки и выключатели,1.0,rules
SE,300201154_,Розетки и выключатели,1.0,rules
SE,300201155_,Розетки и выключатели,1.0,rules
SE,ATN000108,Розетки и выключатели,1.0,rules
SE,ATN000109,Розетки и выключатели,1.0,rules
SE,ATN000139,Розетки и выключатели,1.0,rules
SE,ATN000330,Розетки и выключатели,1.0,rules
SE,ATN000389,Розетки и выключатели,1.0,rules
SE,ATN000393,Прочее,0.29,laya_low_confidence
SE,ATN000399,"Кабель, провод, СКС",1.0,rules
SE,ATN000439,Розетки и выключатели,1.0,rules
SE,ATN000446,Розетки и выключатели,1.0,rules
SE,ATN000449,Розетки и выключатели,1.0,rules
SE,ATN000487,Розетки и выключатели,1.0,rules
SE,ATN000493,Прочее,0.314,laya_low_confidence
SE,ATN000499,"Кабель, провод, СКС",1.0,rules
SE,ATN000532,Розетки и выключатели,1.0,rules
SE,ATN000539,Розетки и выключатели,1.0,rules
SE,ATN000724,Розетки и выключатели,1.0,rules
SE,ATN001105,Розетки и выключатели,1.0,rules
SE,ATN001130,Розетки и выключатели,1.0,rules
SE,ATN001132,Розетки и выключатели,1.0,rules
SE,ATN001133,Розетки и выключатели,1.0,rules
SE,ATN001209,Прочее,0.47,laya_low_confidence
SE,ATN001230,Розетки и выключатели,1.0,rules
SE,ATN001232,Розетки и выключатели,1.0,rules
SE,ATN001233,Розетки и выключатели,1.0,rules
SE,ATN001239,Розетки и выключатели,1.0,rules
SE,ATN001302,Розетки и выключатели,1.0,rules
SE,ATN001420,Розетки и выключатели,1.0,rules
SE,ATN200101,Розетки и выключатели,1.0,rules
SE,ATN200102,Розетки и выключатели,1.0,rules
SE,ATN200111,Розетки и выключатели,1.0,rules
SE,ATN200145,Розетки и выключатели,1.0,rules
SE,ATN540113,Розетки и выключатели,1.0,rules
SE,ATN540115,Розетки и выключатели,1.0,rules
SE,ATN544013,Розетки и выключатели,1.0,rules
SE,ATN544015,Розетки и выключатели,1.0,rules
SE,BLNIA045003,Розетки и выключатели,1.0,rules
SE,BLNRA000315,Розетки и выключатели,1.0,rules
SE,BLNRA000415,Розетки и выключатели,1.0,rules
SE,BLNRA010213,Розетки и выключатели,1.0,rules
SE,BLNRA010215,Розетки и выключатели,1.0,rules
SE,BLNRA010312,Розетки и выключатели,1.0,rules
SE,BLNRA010313,Розетки и выключатели,1.0,rules
SE,BLNRA010314,Розетки и выключатели,1.0,rules
SE,BLNRA010315,Розетки и выключатели,1.0,rules
SE,BLNRA110115,Розетки и выключатели,1.0,rules
SE,BLNVA101013,Розетки и выключатели,1.0,rules
SE,BLNVA101014,Розетки и выключатели,1.0,rules
SE,BLNVA101015,Розетки и выключатели,1.0,rules
SE,BLNVA105013,Розетки и выключатели,1.0,rules
SE,BLNVA105014,Розетки и выключатели,1.0,rules
SE,BLNVA105015,Розетки и выключатели,1.0,rules
SE,BLNVA106012,Розетки и выключатели,1.0,rules
SE,BLNVA106013,Розетки и выключатели,1.0,rules
SE,BLNVA106014,Розетки и выключатели,1.0,rules
SE,GAL000584,Прочее,0.664,laya_low_confidence
SE,GSL000185KK,Розетки и выключатели,1.0,rules
SE,KD-2-48,Розетки и выключатели,1.0,rules
SE,KD-2-88,Розетки и выключатели,1.0,rules
SE,KD-3-48,Розетки и выключатели,1.0,rules
SE,KD-RS254-18,Розетки и выключатели,1.0,rules
SE,LNVA105011,Розетки и выключатели,1.0,rules
SE,RA10-164-BI,Розетки и выключатели,1.0,rules
SE,RA16-213-BI,Розетки и выключатели,1.0,rules
SE,RAT-1A3-B,Розетки и выключатели,1.0,rules
SE,RS16-212-S,"Контакторы, пускатели, управление",1.0,rules
SE,RS6-253-18,Розетки и выключатели,1.0,rules
SE,RSI-251KK5E-28,Розетки и выключатели,1.0,rules
SE,RT-4A3-B,Розетки и выключатели,1.0,rules
SE,S56-043-BI,Розетки и выключатели,1.0,rules
SE,VA1U-112-B,Автоматы и предохранители,1.0,rules
SE,VA510-228B-BI,Автоматы и предохранители,1.0,rules
SE,VS116-153-1-86,Розетки и выключатели,1.0,rules
SE,VS116-154-1-86,Розетки и выключатели,1.0,rules
SE,VS516-252-18,Розетки и выключатели,1.0,rules
SE,WDE000151,Розетки и выключатели,1.0,rules
SE,WDE000185,Розетки и выключатели,1.0,rules
SE,WDE000193,Розетки и выключатели,1.0,rules
SE,WDE000195,Розетки и выключатели,1.0,rules
SE,WDE000302,Розетки и выключатели,1.0,rules
SE,WDE000303,Розетки и выключатели,1.0,rules
SE,WDE000304,Розетки и выключатели,1.0,rules
SE,WDE000311,Розетки и выключатели,1.0,rules
SE,WDE000351,Розетки и выключатели,1.0,rules
SE,WDE000381,Розетки и выключатели,1.0,rules
SE,WDE000391,Розетки и выключатели,1.0,rules
SE,WDE000403,Розетки и выключатели,1.0,rules
SE,WDE000404,Розетки и выключатели,1.0,rules
SE,WDE000411,Розетки и выключатели,1.0,rules
SE,WDE000413,Розетки и выключатели,1.0,rules
SE,WDE000431,Розетки и выключатели,1.0,rules
SE,WDE000436,Розетки и выключатели,1.0,rules
SE,WDE000441,"Контакторы, пускатели, управление",1.0,rules
SE,WDE000448,Розетки и выключатели,1.0,rules
SE,WDE000451,Розетки и выключатели,1.0,rules
SE,WDE000461,Розетки и выключатели,1.0,rules
SE,WDE000471,Розетки и выключатели,1.0,rules
SE,WDE000481,Розетки и выключатели,1.0,rules
SE,WDE000493,Розетки и выключатели,1.0,rules
SE,щщщ0116254,Розетки и выключатели,1.0,rules
SE,яярп5490,Розетки и выключатели,1.0,rules
